2026/03/24 09:36:39 - mmengine - INFO - 
------------------------------------------------------------
System environment:
    sys.platform: win32
    Python: 3.9.23 (main, Jun  5 2025, 13:25:08) [MSC v.1929 64 bit (AMD64)]
    CUDA available: True
    MUSA available: False
    numpy_random_seed: 66
    GPU 0: NVIDIA GeForce RTX 4070 Ti SUPER
    CUDA_HOME: C:\Program Files\NVIDIA GPU Computing Toolkit\CUDA\v12.8
    NVCC: Cuda compilation tools, release 12.8, V12.8.61
    GCC: n/a
    PyTorch: 2.8.0+cu128
    PyTorch compiling details: PyTorch built with:
  - C++ Version: 201703
  - MSVC 193833145
  - Intel(R) oneAPI Math Kernel Library Version 2025.2-Product Build 20250620 for Intel(R) 64 architecture applications
  - Intel(R) MKL-DNN v3.7.1 (Git Hash 8d263e693366ef8db40acc569cc7d8edf644556d)
  - OpenMP 2019
  - LAPACK is enabled (usually provided by MKL)
  - CPU capability usage: AVX512
  - CUDA Runtime 12.8
  - NVCC architecture flags: -gencode;arch=compute_61,code=sm_61;-gencode;arch=compute_70,code=sm_70;-gencode;arch=compute_75,code=sm_75;-gencode;arch=compute_80,code=sm_80;-gencode;arch=compute_86,code=sm_86;-gencode;arch=compute_90,code=sm_90;-gencode;arch=compute_100,code=sm_100;-gencode;arch=compute_120,code=sm_120
  - CuDNN 91.0.2  (built against CUDA 12.9)
  - Magma 2.5.4
  - Build settings: BLAS_INFO=mkl, BUILD_TYPE=Release, COMMIT_SHA=a1cb3cc05d46d198467bebbb6e8fba50a325d4e7, CUDA_VERSION=12.8, CUDNN_VERSION=9.10.2, CXX_COMPILER=C:/actions-runner/_work/pytorch/pytorch/pytorch/.ci/pytorch/windows/tmp_bin/sccache-cl.exe, CXX_FLAGS=/DWIN32 /D_WINDOWS /EHsc /Zc:__cplusplus /bigobj /FS /utf-8 -DUSE_PTHREADPOOL -DNDEBUG -DUSE_KINETO -DLIBKINETO_NOROCTRACER -DLIBKINETO_NOXPUPTI=ON -DUSE_FBGEMM -DUSE_XNNPACK -DSYMBOLICATE_MOBILE_DEBUG_HANDLE /wd4624 /wd4068 /wd4067 /wd4267 /wd4661 /wd4717 /wd4244 /wd4804 /wd4273, LAPACK_INFO=mkl, PERF_WITH_AVX=1, PERF_WITH_AVX2=1, TORCH_VERSION=2.8.0, USE_CUDA=ON, USE_CUDNN=ON, USE_CUSPARSELT=OFF, USE_GFLAGS=OFF, USE_GLOG=OFF, USE_GLOO=ON, USE_MKL=ON, USE_MKLDNN=ON, USE_MPI=OFF, USE_NCCL=OFF, USE_NNPACK=OFF, USE_OPENMP=ON, USE_ROCM=OFF, USE_ROCM_KERNEL_ASSERT=OFF, USE_XCCL=OFF, USE_XPU=OFF, 

    TorchVision: 0.23.0+cu128
    OpenCV: 4.12.0
    MMEngine: 0.10.7

Runtime environment:
    cudnn_benchmark: False
    dist_cfg: {'backend': 'nccl'}
    mp_cfg: {'mp_start_method': 'fork', 'opencv_num_threads': 0}
    seed: 66
    deterministic: False
    diff_rank_seed: True
    Distributed launcher: none
    Distributed training: False
    GPU number: 1
------------------------------------------------------------

2026/03/24 09:36:39 - mmengine - INFO - Config:
auto_scale_lr = dict(base_batch_size=4, enable=True)
backend_args = None
data_root = 'E:\\my_data\\M3FD\\cocodataset'
dataset_type = 'M3FDDataset'
default_hooks = dict(
    checkpoint=dict(
        interval=5,
        max_keep_ckpts=3,
        rule='greater',
        save_best='coco/bbox_mAP',
        type='CheckpointHook'),
    logger=dict(interval=50, type='LoggerHook'),
    param_scheduler=dict(type='ParamSchedulerHook'),
    sampler_seed=dict(type='DistSamplerSeedHook'),
    timer=dict(type='IterTimerHook'),
    visualization=dict(type='DetVisualizationHook'))
default_scope = 'mmdet'
env_cfg = dict(
    cudnn_benchmark=False,
    dist_cfg=dict(backend='nccl'),
    mp_cfg=dict(mp_start_method='fork', opencv_num_threads=0))
launcher = 'none'
load_from = 'E:\\reproduce\\weights\\DINO\\dino.pth'
log_level = 'INFO'
log_processor = dict(by_epoch=True, type='LogProcessor', window_size=50)
max_epochs = 150
model = dict(
    as_two_stage=True,
    backbone=dict(
        depths=[
            2,
            2,
            18,
            2,
        ],
        drop_path_rate=0.2,
        embed_dims=96,
        in_channels=3,
        mlp_ratio=4,
        num_heads=[
            3,
            6,
            12,
            24,
        ],
        out_indices=(
            0,
            1,
            2,
            3,
        ),
        pretrained='E:\\reproduce\\weights\\SwinTransformer\\swin_big_224.pth',
        qkv_bias=True,
        type='SwinNet',
        window_size=7),
    bbox_head=dict(
        loss_bbox=dict(loss_weight=5.0, type='L1Loss'),
        loss_cls=dict(
            alpha=0.25,
            gamma=2.0,
            loss_weight=1.0,
            type='FocalLoss',
            use_sigmoid=True),
        loss_iou=dict(loss_weight=2.0, type='GIoULoss'),
        num_classes=6,
        sync_cls_avg_factor=True,
        type='DINOHead'),
    data_preprocessor=dict(
        bgr_to_rgb=True,
        mean=[
            123.675,
            116.28,
            103.53,
        ],
        pad_size_divisor=1,
        std=[
            58.395,
            57.12,
            57.375,
        ],
        type='RGBTDataPreprocessor'),
    decoder=dict(
        layer_cfg=dict(
            cross_attn_cfg=dict(dropout=0.0, embed_dims=256, num_levels=4),
            ffn_cfg=dict(
                embed_dims=256, feedforward_channels=2048, ffn_drop=0.0),
            self_attn_cfg=dict(dropout=0.0, embed_dims=256, num_heads=8)),
        num_layers=6,
        post_norm_cfg=None,
        return_intermediate=True),
    dn_cfg=dict(
        box_noise_scale=1.0,
        group_cfg=dict(dynamic=True, num_dn_queries=100, num_groups=None),
        label_noise_scale=0.5),
    encoder=dict(
        layer_cfg=dict(
            ffn_cfg=dict(
                embed_dims=256, feedforward_channels=2048, ffn_drop=0.0),
            self_attn_cfg=dict(dropout=0.0, embed_dims=256, num_levels=4)),
        num_layers=6),
    neck=dict(
        in_channels=[
            96,
            192,
            384,
            768,
        ],
        kernel_size=1,
        out_channels=256,
        reduction=8,
        type='swin_deformable_neck'),
    num_queries=900,
    positional_encoding=dict(
        normalize=True, num_feats=128, offset=0.0, temperature=20),
    test_cfg=dict(max_per_img=300),
    train_cfg=dict(
        assigner=dict(
            match_costs=[
                dict(type='FocalLossCost', weight=2.0),
                dict(box_format='xywh', type='BBoxL1Cost', weight=5.0),
                dict(iou_mode='giou', type='IoUCost', weight=2.0),
            ],
            type='HungarianAssigner')),
    type='DINO',
    with_box_refine=True)
optim_wrapper = dict(
    clip_grad=dict(max_norm=0.1, norm_type=2),
    optimizer=dict(lr=0.0001, type='AdamW', weight_decay=0.0001),
    paramwise_cfg=dict(custom_keys=dict(backbone=dict(lr_mult=0.1))),
    type='OptimWrapper')
param_scheduler = [
    dict(
        begin=0,
        by_epoch=True,
        end=20,
        end_factor=1.0,
        start_factor=1.0,
        type='LinearLR'),
    dict(
        begin=20,
        by_epoch=True,
        eps=1e-08,
        factor=0.1,
        min_value=1e-06,
        monitor='coco/bbox_mAP',
        patience=6,
        rule='greater',
        threshold=0.001,
        threshold_rule='rel',
        type='ReduceOnPlateauLR',
        verbose=True),
]
randomness = dict(deterministic=False, diff_rank_seed=True, seed=66)
resume = False
test_cfg = dict(type='TestLoop')
test_dataloader = dict(
    batch_size=4,
    collate_fn='mmdetection.mmdet.utils.collate_rgbt.collate_rgbt',
    dataset=dict(
        ann_file='annotations/test.json',
        backend_args=None,
        data_prefix=dict(img='images/infrared'),
        data_root='E:\\my_data\\M3FD\\cocodataset',
        pipeline=[
            dict(type='LoadRGBTImageFromFile'),
            dict(type='LoadAnnotations', with_bbox=True),
            dict(keep_ratio=False, scale=(
                384,
                384,
            ), type='ResizeRGBT'),
            dict(type='PackDetRGBTInputs'),
        ],
        test_mode=True,
        type='M3FDDataset'),
    drop_last=False,
    num_workers=2,
    persistent_workers=True,
    sampler=dict(shuffle=False, type='DefaultSampler'))
test_evaluator = dict(
    ann_file='E:\\my_data\\M3FD\\cocodataset\\annotations\\test.json',
    backend_args=None,
    format_only=False,
    metric='bbox',
    outfile_prefix='E:\\pycharm\\project\\work_dirs\\model\\3.24',
    type='CocoMetric')
test_pipeline = [
    dict(type='LoadRGBTImageFromFile'),
    dict(type='LoadAnnotations', with_bbox=True),
    dict(keep_ratio=False, scale=(
        384,
        384,
    ), type='ResizeRGBT'),
    dict(type='PackDetRGBTInputs'),
]
train_cfg = dict(max_epochs=150, type='EpochBasedTrainLoop', val_interval=1)
train_dataloader = dict(
    batch_size=4,
    collate_fn='mmdetection.mmdet.utils.collate_rgbt.collate_rgbt',
    dataset=dict(
        ann_file='annotations/train.json',
        data_prefix=dict(img='images/infrared'),
        data_root='E:\\my_data\\M3FD\\cocodataset',
        pipeline=[
            dict(type='LoadRGBTImageFromFile'),
            dict(type='LoadAnnotations', with_bbox=True),
            dict(keep_ratio=False, scale=(
                384,
                384,
            ), type='ResizeRGBT'),
            dict(prob=0.5, type='RandomFlipRGBT'),
            dict(prob=0.5, type='RandomVerticalFlipRGBT'),
            dict(prob=0.3, type='RandomCutoutRGBT'),
            dict(type='PackDetRGBTInputs'),
        ],
        type='M3FDDataset'),
    drop_last=False,
    num_workers=2,
    persistent_workers=True,
    sampler=dict(shuffle=True, type='DefaultSampler'))
train_pipeline = [
    dict(type='LoadRGBTImageFromFile'),
    dict(type='LoadAnnotations', with_bbox=True),
    dict(keep_ratio=False, scale=(
        384,
        384,
    ), type='ResizeRGBT'),
    dict(prob=0.5, type='RandomFlipRGBT'),
    dict(prob=0.5, type='RandomVerticalFlipRGBT'),
    dict(prob=0.3, type='RandomCutoutRGBT'),
    dict(type='PackDetRGBTInputs'),
]
val_cfg = dict(type='ValLoop')
val_dataloader = dict(
    batch_size=4,
    collate_fn='mmdetection.mmdet.utils.collate_rgbt.collate_rgbt',
    dataset=dict(
        ann_file='annotations/test.json',
        backend_args=None,
        data_prefix=dict(img='images/infrared'),
        data_root='E:\\my_data\\M3FD\\cocodataset',
        pipeline=[
            dict(type='LoadRGBTImageFromFile'),
            dict(type='LoadAnnotations', with_bbox=True),
            dict(keep_ratio=False, scale=(
                384,
                384,
            ), type='ResizeRGBT'),
            dict(type='PackDetRGBTInputs'),
        ],
        test_mode=True,
        type='M3FDDataset'),
    drop_last=False,
    num_workers=2,
    persistent_workers=True,
    sampler=dict(shuffle=False, type='DefaultSampler'))
val_evaluator = dict(
    ann_file='E:\\my_data\\M3FD\\cocodataset\\annotations\\test.json',
    backend_args=None,
    format_only=False,
    metric='bbox',
    type='CocoMetric')
vis_backends = [
    dict(type='LocalVisBackend'),
]
visualizer = dict(
    name='visualizer',
    type='DetLocalVisualizer',
    vis_backends=[
        dict(type='LocalVisBackend'),
    ])
work_dir = './work_dirs\\Swin-DINO'
work_dirs = 'E:\\pycharm\\project\\work_dirs\\model\\3.24'

2026/03/24 09:36:41 - mmengine - INFO - Distributed training is not used, all SyncBatchNorm (SyncBN) layers in the model will be automatically reverted to BatchNormXd layers if they are used.
2026/03/24 09:36:41 - mmengine - INFO - Hooks will be executed in the following order:
before_run:
(VERY_HIGH   ) RuntimeInfoHook                    
(BELOW_NORMAL) LoggerHook                         
 -------------------- 
before_train:
(VERY_HIGH   ) RuntimeInfoHook                    
(NORMAL      ) IterTimerHook                      
(VERY_LOW    ) CheckpointHook                     
 -------------------- 
before_train_epoch:
(VERY_HIGH   ) RuntimeInfoHook                    
(NORMAL      ) IterTimerHook                      
(NORMAL      ) DistSamplerSeedHook                
 -------------------- 
before_train_iter:
(VERY_HIGH   ) RuntimeInfoHook                    
(NORMAL      ) IterTimerHook                      
 -------------------- 
after_train_iter:
(VERY_HIGH   ) RuntimeInfoHook                    
(NORMAL      ) IterTimerHook                      
(BELOW_NORMAL) LoggerHook                         
(LOW         ) ParamSchedulerHook                 
(VERY_LOW    ) CheckpointHook                     
 -------------------- 
after_train_epoch:
(NORMAL      ) IterTimerHook                      
(LOW         ) ParamSchedulerHook                 
(VERY_LOW    ) CheckpointHook                     
 -------------------- 
before_val:
(VERY_HIGH   ) RuntimeInfoHook                    
 -------------------- 
before_val_epoch:
(NORMAL      ) IterTimerHook                      
 -------------------- 
before_val_iter:
(NORMAL      ) IterTimerHook                      
 -------------------- 
after_val_iter:
(NORMAL      ) IterTimerHook                      
(NORMAL      ) DetVisualizationHook               
(BELOW_NORMAL) LoggerHook                         
 -------------------- 
after_val_epoch:
(VERY_HIGH   ) RuntimeInfoHook                    
(NORMAL      ) IterTimerHook                      
(BELOW_NORMAL) LoggerHook                         
(LOW         ) ParamSchedulerHook                 
(VERY_LOW    ) CheckpointHook                     
 -------------------- 
after_val:
(VERY_HIGH   ) RuntimeInfoHook                    
 -------------------- 
after_train:
(VERY_HIGH   ) RuntimeInfoHook                    
(VERY_LOW    ) CheckpointHook                     
 -------------------- 
before_test:
(VERY_HIGH   ) RuntimeInfoHook                    
 -------------------- 
before_test_epoch:
(NORMAL      ) IterTimerHook                      
 -------------------- 
before_test_iter:
(NORMAL      ) IterTimerHook                      
 -------------------- 
after_test_iter:
(NORMAL      ) IterTimerHook                      
(NORMAL      ) DetVisualizationHook               
(BELOW_NORMAL) LoggerHook                         
 -------------------- 
after_test_epoch:
(VERY_HIGH   ) RuntimeInfoHook                    
(NORMAL      ) IterTimerHook                      
(BELOW_NORMAL) LoggerHook                         
 -------------------- 
after_test:
(VERY_HIGH   ) RuntimeInfoHook                    
 -------------------- 
after_run:
(BELOW_NORMAL) LoggerHook                         
 -------------------- 
2026/03/24 09:36:42 - mmengine - INFO - paramwise_options -- backbone.CRFuse.rgb_swin.patch_embed.projection.weight:lr=1e-05
2026/03/24 09:36:42 - mmengine - INFO - paramwise_options -- backbone.CRFuse.rgb_swin.patch_embed.projection.weight:weight_decay=0.0001
2026/03/24 09:36:42 - mmengine - INFO - paramwise_options -- backbone.CRFuse.rgb_swin.patch_embed.projection.weight:lr_mult=0.1
2026/03/24 09:36:42 - mmengine - INFO - paramwise_options -- backbone.CRFuse.rgb_swin.patch_embed.projection.bias:lr=1e-05
2026/03/24 09:36:42 - mmengine - INFO - paramwise_options -- backbone.CRFuse.rgb_swin.patch_embed.projection.bias:weight_decay=0.0001
2026/03/24 09:36:42 - mmengine - INFO - paramwise_options -- backbone.CRFuse.rgb_swin.patch_embed.projection.bias:lr_mult=0.1
2026/03/24 09:36:42 - mmengine - INFO - paramwise_options -- backbone.CRFuse.rgb_swin.patch_embed.norm.weight:lr=1e-05
2026/03/24 09:36:42 - mmengine - INFO - paramwise_options -- backbone.CRFuse.rgb_swin.patch_embed.norm.weight:weight_decay=0.0001
2026/03/24 09:36:42 - mmengine - INFO - paramwise_options -- backbone.CRFuse.rgb_swin.patch_embed.norm.weight:lr_mult=0.1
2026/03/24 09:36:42 - mmengine - INFO - paramwise_options -- backbone.CRFuse.rgb_swin.patch_embed.norm.bias:lr=1e-05
2026/03/24 09:36:42 - mmengine - INFO - paramwise_options -- backbone.CRFuse.rgb_swin.patch_embed.norm.bias:weight_decay=0.0001
2026/03/24 09:36:42 - mmengine - INFO - paramwise_options -- backbone.CRFuse.rgb_swin.patch_embed.norm.bias:lr_mult=0.1
2026/03/24 09:36:42 - mmengine - INFO - paramwise_options -- backbone.CRFuse.rgb_swin.stages.0.blocks.0.norm1.weight:lr=1e-05
2026/03/24 09:36:42 - mmengine - INFO - paramwise_options -- backbone.CRFuse.rgb_swin.stages.0.blocks.0.norm1.weight:weight_decay=0.0001
2026/03/24 09:36:42 - mmengine - INFO - paramwise_options -- backbone.CRFuse.rgb_swin.stages.0.blocks.0.norm1.weight:lr_mult=0.1
2026/03/24 09:36:42 - mmengine - INFO - paramwise_options -- backbone.CRFuse.rgb_swin.stages.0.blocks.0.norm1.bias:lr=1e-05
2026/03/24 09:36:42 - mmengine - INFO - paramwise_options -- backbone.CRFuse.rgb_swin.stages.0.blocks.0.norm1.bias:weight_decay=0.0001
2026/03/24 09:36:42 - mmengine - INFO - paramwise_options -- backbone.CRFuse.rgb_swin.stages.0.blocks.0.norm1.bias:lr_mult=0.1
2026/03/24 09:36:42 - mmengine - INFO - paramwise_options -- backbone.CRFuse.rgb_swin.stages.0.blocks.0.attn.w_msa.relative_position_bias_table:lr=1e-05
2026/03/24 09:36:42 - mmengine - INFO - paramwise_options -- backbone.CRFuse.rgb_swin.stages.0.blocks.0.attn.w_msa.relative_position_bias_table:weight_decay=0.0001
2026/03/24 09:36:42 - mmengine - INFO - paramwise_options -- backbone.CRFuse.rgb_swin.stages.0.blocks.0.attn.w_msa.relative_position_bias_table:lr_mult=0.1
2026/03/24 09:36:42 - mmengine - INFO - paramwise_options -- backbone.CRFuse.rgb_swin.stages.0.blocks.0.attn.w_msa.qkv.weight:lr=1e-05
2026/03/24 09:36:42 - mmengine - INFO - paramwise_options -- backbone.CRFuse.rgb_swin.stages.0.blocks.0.attn.w_msa.qkv.weight:weight_decay=0.0001
2026/03/24 09:36:42 - mmengine - INFO - paramwise_options -- backbone.CRFuse.rgb_swin.stages.0.blocks.0.attn.w_msa.qkv.weight:lr_mult=0.1
2026/03/24 09:36:42 - mmengine - INFO - paramwise_options -- backbone.CRFuse.rgb_swin.stages.0.blocks.0.attn.w_msa.qkv.bias:lr=1e-05
2026/03/24 09:36:42 - mmengine - INFO - paramwise_options -- backbone.CRFuse.rgb_swin.stages.0.blocks.0.attn.w_msa.qkv.bias:weight_decay=0.0001
2026/03/24 09:36:42 - mmengine - INFO - paramwise_options -- backbone.CRFuse.rgb_swin.stages.0.blocks.0.attn.w_msa.qkv.bias:lr_mult=0.1
2026/03/24 09:36:42 - mmengine - INFO - paramwise_options -- backbone.CRFuse.rgb_swin.stages.0.blocks.0.attn.w_msa.proj.weight:lr=1e-05
2026/03/24 09:36:42 - mmengine - INFO - paramwise_options -- backbone.CRFuse.rgb_swin.stages.0.blocks.0.attn.w_msa.proj.weight:weight_decay=0.0001
2026/03/24 09:36:42 - mmengine - INFO - paramwise_options -- backbone.CRFuse.rgb_swin.stages.0.blocks.0.attn.w_msa.proj.weight:lr_mult=0.1
2026/03/24 09:36:42 - mmengine - INFO - paramwise_options -- backbone.CRFuse.rgb_swin.stages.0.blocks.0.attn.w_msa.proj.bias:lr=1e-05
2026/03/24 09:36:42 - mmengine - INFO - paramwise_options -- backbone.CRFuse.rgb_swin.stages.0.blocks.0.attn.w_msa.proj.bias:weight_decay=0.0001
2026/03/24 09:36:42 - mmengine - INFO - paramwise_options -- backbone.CRFuse.rgb_swin.stages.0.blocks.0.attn.w_msa.proj.bias:lr_mult=0.1
2026/03/24 09:36:42 - mmengine - INFO - paramwise_options -- backbone.CRFuse.rgb_swin.stages.0.blocks.0.norm2.weight:lr=1e-05
2026/03/24 09:36:42 - mmengine - INFO - paramwise_options -- backbone.CRFuse.rgb_swin.stages.0.blocks.0.norm2.weight:weight_decay=0.0001
2026/03/24 09:36:42 - mmengine - INFO - paramwise_options -- backbone.CRFuse.rgb_swin.stages.0.blocks.0.norm2.weight:lr_mult=0.1
2026/03/24 09:36:42 - mmengine - INFO - paramwise_options -- backbone.CRFuse.rgb_swin.stages.0.blocks.0.norm2.bias:lr=1e-05
2026/03/24 09:36:42 - mmengine - INFO - paramwise_options -- backbone.CRFuse.rgb_swin.stages.0.blocks.0.norm2.bias:weight_decay=0.0001
2026/03/24 09:36:42 - mmengine - INFO - paramwise_options -- backbone.CRFuse.rgb_swin.stages.0.blocks.0.norm2.bias:lr_mult=0.1
2026/03/24 09:36:42 - mmengine - INFO - paramwise_options -- backbone.CRFuse.rgb_swin.stages.0.blocks.0.ffn.layers.0.0.weight:lr=1e-05
2026/03/24 09:36:42 - mmengine - INFO - paramwise_options -- backbone.CRFuse.rgb_swin.stages.0.blocks.0.ffn.layers.0.0.weight:weight_decay=0.0001
2026/03/24 09:36:42 - mmengine - INFO - paramwise_options -- backbone.CRFuse.rgb_swin.stages.0.blocks.0.ffn.layers.0.0.weight:lr_mult=0.1
2026/03/24 09:36:42 - mmengine - INFO - paramwise_options -- backbone.CRFuse.rgb_swin.stages.0.blocks.0.ffn.layers.0.0.bias:lr=1e-05
2026/03/24 09:36:42 - mmengine - INFO - paramwise_options -- backbone.CRFuse.rgb_swin.stages.0.blocks.0.ffn.layers.0.0.bias:weight_decay=0.0001
2026/03/24 09:36:42 - mmengine - INFO - paramwise_options -- backbone.CRFuse.rgb_swin.stages.0.blocks.0.ffn.layers.0.0.bias:lr_mult=0.1
2026/03/24 09:36:42 - mmengine - INFO - paramwise_options -- backbone.CRFuse.rgb_swin.stages.0.blocks.0.ffn.layers.1.weight:lr=1e-05
2026/03/24 09:36:42 - mmengine - INFO - paramwise_options -- backbone.CRFuse.rgb_swin.stages.0.blocks.0.ffn.layers.1.weight:weight_decay=0.0001
2026/03/24 09:36:42 - mmengine - INFO - paramwise_options -- backbone.CRFuse.rgb_swin.stages.0.blocks.0.ffn.layers.1.weight:lr_mult=0.1
2026/03/24 09:36:42 - mmengine - INFO - paramwise_options -- backbone.CRFuse.rgb_swin.stages.0.blocks.0.ffn.layers.1.bias:lr=1e-05
2026/03/24 09:36:42 - mmengine - INFO - paramwise_options -- backbone.CRFuse.rgb_swin.stages.0.blocks.0.ffn.layers.1.bias:weight_decay=0.0001
2026/03/24 09:36:42 - mmengine - INFO - paramwise_options -- backbone.CRFuse.rgb_swin.stages.0.blocks.0.ffn.layers.1.bias:lr_mult=0.1
2026/03/24 09:36:42 - mmengine - INFO - paramwise_options -- backbone.CRFuse.rgb_swin.stages.0.blocks.1.norm1.weight:lr=1e-05
2026/03/24 09:36:42 - mmengine - INFO - paramwise_options -- backbone.CRFuse.rgb_swin.stages.0.blocks.1.norm1.weight:weight_decay=0.0001
2026/03/24 09:36:42 - mmengine - INFO - paramwise_options -- backbone.CRFuse.rgb_swin.stages.0.blocks.1.norm1.weight:lr_mult=0.1
2026/03/24 09:36:42 - mmengine - INFO - paramwise_options -- backbone.CRFuse.rgb_swin.stages.0.blocks.1.norm1.bias:lr=1e-05
2026/03/24 09:36:42 - mmengine - INFO - paramwise_options -- backbone.CRFuse.rgb_swin.stages.0.blocks.1.norm1.bias:weight_decay=0.0001
2026/03/24 09:36:42 - mmengine - INFO - paramwise_options -- backbone.CRFuse.rgb_swin.stages.0.blocks.1.norm1.bias:lr_mult=0.1
2026/03/24 09:36:42 - mmengine - INFO - paramwise_options -- backbone.CRFuse.rgb_swin.stages.0.blocks.1.attn.w_msa.relative_position_bias_table:lr=1e-05
2026/03/24 09:36:42 - mmengine - INFO - paramwise_options -- backbone.CRFuse.rgb_swin.stages.0.blocks.1.attn.w_msa.relative_position_bias_table:weight_decay=0.0001
2026/03/24 09:36:42 - mmengine - INFO - paramwise_options -- backbone.CRFuse.rgb_swin.stages.0.blocks.1.attn.w_msa.relative_position_bias_table:lr_mult=0.1
2026/03/24 09:36:42 - mmengine - INFO - paramwise_options -- backbone.CRFuse.rgb_swin.stages.0.blocks.1.attn.w_msa.qkv.weight:lr=1e-05
2026/03/24 09:36:42 - mmengine - INFO - paramwise_options -- backbone.CRFuse.rgb_swin.stages.0.blocks.1.attn.w_msa.qkv.weight:weight_decay=0.0001
2026/03/24 09:36:42 - mmengine - INFO - paramwise_options -- backbone.CRFuse.rgb_swin.stages.0.blocks.1.attn.w_msa.qkv.weight:lr_mult=0.1
2026/03/24 09:36:42 - mmengine - INFO - paramwise_options -- backbone.CRFuse.rgb_swin.stages.0.blocks.1.attn.w_msa.qkv.bias:lr=1e-05
2026/03/24 09:36:42 - mmengine - INFO - paramwise_options -- backbone.CRFuse.rgb_swin.stages.0.blocks.1.attn.w_msa.qkv.bias:weight_decay=0.0001
2026/03/24 09:36:42 - mmengine - INFO - paramwise_options -- backbone.CRFuse.rgb_swin.stages.0.blocks.1.attn.w_msa.qkv.bias:lr_mult=0.1
2026/03/24 09:36:42 - mmengine - INFO - paramwise_options -- backbone.CRFuse.rgb_swin.stages.0.blocks.1.attn.w_msa.proj.weight:lr=1e-05
2026/03/24 09:36:42 - mmengine - INFO - paramwise_options -- backbone.CRFuse.rgb_swin.stages.0.blocks.1.attn.w_msa.proj.weight:weight_decay=0.0001
2026/03/24 09:36:42 - mmengine - INFO - paramwise_options -- backbone.CRFuse.rgb_swin.stages.0.blocks.1.attn.w_msa.proj.weight:lr_mult=0.1
2026/03/24 09:36:42 - mmengine - INFO - paramwise_options -- backbone.CRFuse.rgb_swin.stages.0.blocks.1.attn.w_msa.proj.bias:lr=1e-05
2026/03/24 09:36:42 - mmengine - INFO - paramwise_options -- backbone.CRFuse.rgb_swin.stages.0.blocks.1.attn.w_msa.proj.bias:weight_decay=0.0001
2026/03/24 09:36:42 - mmengine - INFO - paramwise_options -- backbone.CRFuse.rgb_swin.stages.0.blocks.1.attn.w_msa.proj.bias:lr_mult=0.1
2026/03/24 09:36:42 - mmengine - INFO - paramwise_options -- backbone.CRFuse.rgb_swin.stages.0.blocks.1.norm2.weight:lr=1e-05
2026/03/24 09:36:42 - mmengine - INFO - paramwise_options -- backbone.CRFuse.rgb_swin.stages.0.blocks.1.norm2.weight:weight_decay=0.0001
2026/03/24 09:36:42 - mmengine - INFO - paramwise_options -- backbone.CRFuse.rgb_swin.stages.0.blocks.1.norm2.weight:lr_mult=0.1
2026/03/24 09:36:42 - mmengine - INFO - paramwise_options -- backbone.CRFuse.rgb_swin.stages.0.blocks.1.norm2.bias:lr=1e-05
2026/03/24 09:36:42 - mmengine - INFO - paramwise_options -- backbone.CRFuse.rgb_swin.stages.0.blocks.1.norm2.bias:weight_decay=0.0001
2026/03/24 09:36:42 - mmengine - INFO - paramwise_options -- backbone.CRFuse.rgb_swin.stages.0.blocks.1.norm2.bias:lr_mult=0.1
2026/03/24 09:36:42 - mmengine - INFO - paramwise_options -- backbone.CRFuse.rgb_swin.stages.0.blocks.1.ffn.layers.0.0.weight:lr=1e-05
2026/03/24 09:36:42 - mmengine - INFO - paramwise_options -- backbone.CRFuse.rgb_swin.stages.0.blocks.1.ffn.layers.0.0.weight:weight_decay=0.0001
2026/03/24 09:36:42 - mmengine - INFO - paramwise_options -- backbone.CRFuse.rgb_swin.stages.0.blocks.1.ffn.layers.0.0.weight:lr_mult=0.1
2026/03/24 09:36:42 - mmengine - INFO - paramwise_options -- backbone.CRFuse.rgb_swin.stages.0.blocks.1.ffn.layers.0.0.bias:lr=1e-05
2026/03/24 09:36:42 - mmengine - INFO - paramwise_options -- backbone.CRFuse.rgb_swin.stages.0.blocks.1.ffn.layers.0.0.bias:weight_decay=0.0001
2026/03/24 09:36:42 - mmengine - INFO - paramwise_options -- backbone.CRFuse.rgb_swin.stages.0.blocks.1.ffn.layers.0.0.bias:lr_mult=0.1
2026/03/24 09:36:42 - mmengine - INFO - paramwise_options -- backbone.CRFuse.rgb_swin.stages.0.blocks.1.ffn.layers.1.weight:lr=1e-05
2026/03/24 09:36:42 - mmengine - INFO - paramwise_options -- backbone.CRFuse.rgb_swin.stages.0.blocks.1.ffn.layers.1.weight:weight_decay=0.0001
2026/03/24 09:36:42 - mmengine - INFO - paramwise_options -- backbone.CRFuse.rgb_swin.stages.0.blocks.1.ffn.layers.1.weight:lr_mult=0.1
2026/03/24 09:36:42 - mmengine - INFO - paramwise_options -- backbone.CRFuse.rgb_swin.stages.0.blocks.1.ffn.layers.1.bias:lr=1e-05
2026/03/24 09:36:42 - mmengine - INFO - paramwise_options -- backbone.CRFuse.rgb_swin.stages.0.blocks.1.ffn.layers.1.bias:weight_decay=0.0001
2026/03/24 09:36:42 - mmengine - INFO - paramwise_options -- backbone.CRFuse.rgb_swin.stages.0.blocks.1.ffn.layers.1.bias:lr_mult=0.1
2026/03/24 09:36:42 - mmengine - INFO - paramwise_options -- backbone.CRFuse.rgb_swin.stages.0.downsample.norm.weight:lr=1e-05
2026/03/24 09:36:42 - mmengine - INFO - paramwise_options -- backbone.CRFuse.rgb_swin.stages.0.downsample.norm.weight:weight_decay=0.0001
2026/03/24 09:36:42 - mmengine - INFO - paramwise_options -- backbone.CRFuse.rgb_swin.stages.0.downsample.norm.weight:lr_mult=0.1
2026/03/24 09:36:42 - mmengine - INFO - paramwise_options -- backbone.CRFuse.rgb_swin.stages.0.downsample.norm.bias:lr=1e-05
2026/03/24 09:36:42 - mmengine - INFO - paramwise_options -- backbone.CRFuse.rgb_swin.stages.0.downsample.norm.bias:weight_decay=0.0001
2026/03/24 09:36:42 - mmengine - INFO - paramwise_options -- backbone.CRFuse.rgb_swin.stages.0.downsample.norm.bias:lr_mult=0.1
2026/03/24 09:36:42 - mmengine - INFO - paramwise_options -- backbone.CRFuse.rgb_swin.stages.0.downsample.reduction.weight:lr=1e-05
2026/03/24 09:36:42 - mmengine - INFO - paramwise_options -- backbone.CRFuse.rgb_swin.stages.0.downsample.reduction.weight:weight_decay=0.0001
2026/03/24 09:36:42 - mmengine - INFO - paramwise_options -- backbone.CRFuse.rgb_swin.stages.0.downsample.reduction.weight:lr_mult=0.1
2026/03/24 09:36:42 - mmengine - INFO - paramwise_options -- backbone.CRFuse.rgb_swin.stages.1.blocks.0.norm1.weight:lr=1e-05
2026/03/24 09:36:42 - mmengine - INFO - paramwise_options -- backbone.CRFuse.rgb_swin.stages.1.blocks.0.norm1.weight:weight_decay=0.0001
2026/03/24 09:36:42 - mmengine - INFO - paramwise_options -- backbone.CRFuse.rgb_swin.stages.1.blocks.0.norm1.weight:lr_mult=0.1
2026/03/24 09:36:42 - mmengine - INFO - paramwise_options -- backbone.CRFuse.rgb_swin.stages.1.blocks.0.norm1.bias:lr=1e-05
2026/03/24 09:36:42 - mmengine - INFO - paramwise_options -- backbone.CRFuse.rgb_swin.stages.1.blocks.0.norm1.bias:weight_decay=0.0001
2026/03/24 09:36:42 - mmengine - INFO - paramwise_options -- backbone.CRFuse.rgb_swin.stages.1.blocks.0.norm1.bias:lr_mult=0.1
2026/03/24 09:36:42 - mmengine - INFO - paramwise_options -- backbone.CRFuse.rgb_swin.stages.1.blocks.0.attn.w_msa.relative_position_bias_table:lr=1e-05
2026/03/24 09:36:42 - mmengine - INFO - paramwise_options -- backbone.CRFuse.rgb_swin.stages.1.blocks.0.attn.w_msa.relative_position_bias_table:weight_decay=0.0001
2026/03/24 09:36:42 - mmengine - INFO - paramwise_options -- backbone.CRFuse.rgb_swin.stages.1.blocks.0.attn.w_msa.relative_position_bias_table:lr_mult=0.1
2026/03/24 09:36:42 - mmengine - INFO - paramwise_options -- backbone.CRFuse.rgb_swin.stages.1.blocks.0.attn.w_msa.qkv.weight:lr=1e-05
2026/03/24 09:36:42 - mmengine - INFO - paramwise_options -- backbone.CRFuse.rgb_swin.stages.1.blocks.0.attn.w_msa.qkv.weight:weight_decay=0.0001
2026/03/24 09:36:42 - mmengine - INFO - paramwise_options -- backbone.CRFuse.rgb_swin.stages.1.blocks.0.attn.w_msa.qkv.weight:lr_mult=0.1
2026/03/24 09:36:42 - mmengine - INFO - paramwise_options -- backbone.CRFuse.rgb_swin.stages.1.blocks.0.attn.w_msa.qkv.bias:lr=1e-05
2026/03/24 09:36:42 - mmengine - INFO - paramwise_options -- backbone.CRFuse.rgb_swin.stages.1.blocks.0.attn.w_msa.qkv.bias:weight_decay=0.0001
2026/03/24 09:36:42 - mmengine - INFO - paramwise_options -- backbone.CRFuse.rgb_swin.stages.1.blocks.0.attn.w_msa.qkv.bias:lr_mult=0.1
2026/03/24 09:36:42 - mmengine - INFO - paramwise_options -- backbone.CRFuse.rgb_swin.stages.1.blocks.0.attn.w_msa.proj.weight:lr=1e-05
2026/03/24 09:36:42 - mmengine - INFO - paramwise_options -- backbone.CRFuse.rgb_swin.stages.1.blocks.0.attn.w_msa.proj.weight:weight_decay=0.0001
2026/03/24 09:36:42 - mmengine - INFO - paramwise_options -- backbone.CRFuse.rgb_swin.stages.1.blocks.0.attn.w_msa.proj.weight:lr_mult=0.1
2026/03/24 09:36:42 - mmengine - INFO - paramwise_options -- backbone.CRFuse.rgb_swin.stages.1.blocks.0.attn.w_msa.proj.bias:lr=1e-05
2026/03/24 09:36:42 - mmengine - INFO - paramwise_options -- backbone.CRFuse.rgb_swin.stages.1.blocks.0.attn.w_msa.proj.bias:weight_decay=0.0001
2026/03/24 09:36:42 - mmengine - INFO - paramwise_options -- backbone.CRFuse.rgb_swin.stages.1.blocks.0.attn.w_msa.proj.bias:lr_mult=0.1
2026/03/24 09:36:42 - mmengine - INFO - paramwise_options -- backbone.CRFuse.rgb_swin.stages.1.blocks.0.norm2.weight:lr=1e-05
2026/03/24 09:36:42 - mmengine - INFO - paramwise_options -- backbone.CRFuse.rgb_swin.stages.1.blocks.0.norm2.weight:weight_decay=0.0001
2026/03/24 09:36:42 - mmengine - INFO - paramwise_options -- backbone.CRFuse.rgb_swin.stages.1.blocks.0.norm2.weight:lr_mult=0.1
2026/03/24 09:36:42 - mmengine - INFO - paramwise_options -- backbone.CRFuse.rgb_swin.stages.1.blocks.0.norm2.bias:lr=1e-05
2026/03/24 09:36:42 - mmengine - INFO - paramwise_options -- backbone.CRFuse.rgb_swin.stages.1.blocks.0.norm2.bias:weight_decay=0.0001
2026/03/24 09:36:42 - mmengine - INFO - paramwise_options -- backbone.CRFuse.rgb_swin.stages.1.blocks.0.norm2.bias:lr_mult=0.1
2026/03/24 09:36:42 - mmengine - INFO - paramwise_options -- backbone.CRFuse.rgb_swin.stages.1.blocks.0.ffn.layers.0.0.weight:lr=1e-05
2026/03/24 09:36:42 - mmengine - INFO - paramwise_options -- backbone.CRFuse.rgb_swin.stages.1.blocks.0.ffn.layers.0.0.weight:weight_decay=0.0001
2026/03/24 09:36:42 - mmengine - INFO - paramwise_options -- backbone.CRFuse.rgb_swin.stages.1.blocks.0.ffn.layers.0.0.weight:lr_mult=0.1
2026/03/24 09:36:42 - mmengine - INFO - paramwise_options -- backbone.CRFuse.rgb_swin.stages.1.blocks.0.ffn.layers.0.0.bias:lr=1e-05
2026/03/24 09:36:42 - mmengine - INFO - paramwise_options -- backbone.CRFuse.rgb_swin.stages.1.blocks.0.ffn.layers.0.0.bias:weight_decay=0.0001
2026/03/24 09:36:42 - mmengine - INFO - paramwise_options -- backbone.CRFuse.rgb_swin.stages.1.blocks.0.ffn.layers.0.0.bias:lr_mult=0.1
2026/03/24 09:36:42 - mmengine - INFO - paramwise_options -- backbone.CRFuse.rgb_swin.stages.1.blocks.0.ffn.layers.1.weight:lr=1e-05
2026/03/24 09:36:42 - mmengine - INFO - paramwise_options -- backbone.CRFuse.rgb_swin.stages.1.blocks.0.ffn.layers.1.weight:weight_decay=0.0001
2026/03/24 09:36:42 - mmengine - INFO - paramwise_options -- backbone.CRFuse.rgb_swin.stages.1.blocks.0.ffn.layers.1.weight:lr_mult=0.1
2026/03/24 09:36:42 - mmengine - INFO - paramwise_options -- backbone.CRFuse.rgb_swin.stages.1.blocks.0.ffn.layers.1.bias:lr=1e-05
2026/03/24 09:36:42 - mmengine - INFO - paramwise_options -- backbone.CRFuse.rgb_swin.stages.1.blocks.0.ffn.layers.1.bias:weight_decay=0.0001
2026/03/24 09:36:42 - mmengine - INFO - paramwise_options -- backbone.CRFuse.rgb_swin.stages.1.blocks.0.ffn.layers.1.bias:lr_mult=0.1
2026/03/24 09:36:42 - mmengine - INFO - paramwise_options -- backbone.CRFuse.rgb_swin.stages.1.blocks.1.norm1.weight:lr=1e-05
2026/03/24 09:36:42 - mmengine - INFO - paramwise_options -- backbone.CRFuse.rgb_swin.stages.1.blocks.1.norm1.weight:weight_decay=0.0001
2026/03/24 09:36:42 - mmengine - INFO - paramwise_options -- backbone.CRFuse.rgb_swin.stages.1.blocks.1.norm1.weight:lr_mult=0.1
2026/03/24 09:36:42 - mmengine - INFO - paramwise_options -- backbone.CRFuse.rgb_swin.stages.1.blocks.1.norm1.bias:lr=1e-05
2026/03/24 09:36:42 - mmengine - INFO - paramwise_options -- backbone.CRFuse.rgb_swin.stages.1.blocks.1.norm1.bias:weight_decay=0.0001
2026/03/24 09:36:42 - mmengine - INFO - paramwise_options -- backbone.CRFuse.rgb_swin.stages.1.blocks.1.norm1.bias:lr_mult=0.1
2026/03/24 09:36:42 - mmengine - INFO - paramwise_options -- backbone.CRFuse.rgb_swin.stages.1.blocks.1.attn.w_msa.relative_position_bias_table:lr=1e-05
2026/03/24 09:36:42 - mmengine - INFO - paramwise_options -- backbone.CRFuse.rgb_swin.stages.1.blocks.1.attn.w_msa.relative_position_bias_table:weight_decay=0.0001
2026/03/24 09:36:42 - mmengine - INFO - paramwise_options -- backbone.CRFuse.rgb_swin.stages.1.blocks.1.attn.w_msa.relative_position_bias_table:lr_mult=0.1
2026/03/24 09:36:42 - mmengine - INFO - paramwise_options -- backbone.CRFuse.rgb_swin.stages.1.blocks.1.attn.w_msa.qkv.weight:lr=1e-05
2026/03/24 09:36:42 - mmengine - INFO - paramwise_options -- backbone.CRFuse.rgb_swin.stages.1.blocks.1.attn.w_msa.qkv.weight:weight_decay=0.0001
2026/03/24 09:36:42 - mmengine - INFO - paramwise_options -- backbone.CRFuse.rgb_swin.stages.1.blocks.1.attn.w_msa.qkv.weight:lr_mult=0.1
2026/03/24 09:36:42 - mmengine - INFO - paramwise_options -- backbone.CRFuse.rgb_swin.stages.1.blocks.1.attn.w_msa.qkv.bias:lr=1e-05
2026/03/24 09:36:42 - mmengine - INFO - paramwise_options -- backbone.CRFuse.rgb_swin.stages.1.blocks.1.attn.w_msa.qkv.bias:weight_decay=0.0001
2026/03/24 09:36:42 - mmengine - INFO - paramwise_options -- backbone.CRFuse.rgb_swin.stages.1.blocks.1.attn.w_msa.qkv.bias:lr_mult=0.1
2026/03/24 09:36:42 - mmengine - INFO - paramwise_options -- backbone.CRFuse.rgb_swin.stages.1.blocks.1.attn.w_msa.proj.weight:lr=1e-05
2026/03/24 09:36:42 - mmengine - INFO - paramwise_options -- backbone.CRFuse.rgb_swin.stages.1.blocks.1.attn.w_msa.proj.weight:weight_decay=0.0001
2026/03/24 09:36:42 - mmengine - INFO - paramwise_options -- backbone.CRFuse.rgb_swin.stages.1.blocks.1.attn.w_msa.proj.weight:lr_mult=0.1
2026/03/24 09:36:42 - mmengine - INFO - paramwise_options -- backbone.CRFuse.rgb_swin.stages.1.blocks.1.attn.w_msa.proj.bias:lr=1e-05
2026/03/24 09:36:42 - mmengine - INFO - paramwise_options -- backbone.CRFuse.rgb_swin.stages.1.blocks.1.attn.w_msa.proj.bias:weight_decay=0.0001
2026/03/24 09:36:42 - mmengine - INFO - paramwise_options -- backbone.CRFuse.rgb_swin.stages.1.blocks.1.attn.w_msa.proj.bias:lr_mult=0.1
2026/03/24 09:36:42 - mmengine - INFO - paramwise_options -- backbone.CRFuse.rgb_swin.stages.1.blocks.1.norm2.weight:lr=1e-05
2026/03/24 09:36:42 - mmengine - INFO - paramwise_options -- backbone.CRFuse.rgb_swin.stages.1.blocks.1.norm2.weight:weight_decay=0.0001
2026/03/24 09:36:42 - mmengine - INFO - paramwise_options -- backbone.CRFuse.rgb_swin.stages.1.blocks.1.norm2.weight:lr_mult=0.1
2026/03/24 09:36:42 - mmengine - INFO - paramwise_options -- backbone.CRFuse.rgb_swin.stages.1.blocks.1.norm2.bias:lr=1e-05
2026/03/24 09:36:42 - mmengine - INFO - paramwise_options -- backbone.CRFuse.rgb_swin.stages.1.blocks.1.norm2.bias:weight_decay=0.0001
2026/03/24 09:36:42 - mmengine - INFO - paramwise_options -- backbone.CRFuse.rgb_swin.stages.1.blocks.1.norm2.bias:lr_mult=0.1
2026/03/24 09:36:42 - mmengine - INFO - paramwise_options -- backbone.CRFuse.rgb_swin.stages.1.blocks.1.ffn.layers.0.0.weight:lr=1e-05
2026/03/24 09:36:42 - mmengine - INFO - paramwise_options -- backbone.CRFuse.rgb_swin.stages.1.blocks.1.ffn.layers.0.0.weight:weight_decay=0.0001
2026/03/24 09:36:42 - mmengine - INFO - paramwise_options -- backbone.CRFuse.rgb_swin.stages.1.blocks.1.ffn.layers.0.0.weight:lr_mult=0.1
2026/03/24 09:36:42 - mmengine - INFO - paramwise_options -- backbone.CRFuse.rgb_swin.stages.1.blocks.1.ffn.layers.0.0.bias:lr=1e-05
2026/03/24 09:36:42 - mmengine - INFO - paramwise_options -- backbone.CRFuse.rgb_swin.stages.1.blocks.1.ffn.layers.0.0.bias:weight_decay=0.0001
2026/03/24 09:36:42 - mmengine - INFO - paramwise_options -- backbone.CRFuse.rgb_swin.stages.1.blocks.1.ffn.layers.0.0.bias:lr_mult=0.1
2026/03/24 09:36:42 - mmengine - INFO - paramwise_options -- backbone.CRFuse.rgb_swin.stages.1.blocks.1.ffn.layers.1.weight:lr=1e-05
2026/03/24 09:36:42 - mmengine - INFO - paramwise_options -- backbone.CRFuse.rgb_swin.stages.1.blocks.1.ffn.layers.1.weight:weight_decay=0.0001
2026/03/24 09:36:42 - mmengine - INFO - paramwise_options -- backbone.CRFuse.rgb_swin.stages.1.blocks.1.ffn.layers.1.weight:lr_mult=0.1
2026/03/24 09:36:42 - mmengine - INFO - paramwise_options -- backbone.CRFuse.rgb_swin.stages.1.blocks.1.ffn.layers.1.bias:lr=1e-05
2026/03/24 09:36:42 - mmengine - INFO - paramwise_options -- backbone.CRFuse.rgb_swin.stages.1.blocks.1.ffn.layers.1.bias:weight_decay=0.0001
2026/03/24 09:36:42 - mmengine - INFO - paramwise_options -- backbone.CRFuse.rgb_swin.stages.1.blocks.1.ffn.layers.1.bias:lr_mult=0.1
2026/03/24 09:36:42 - mmengine - INFO - paramwise_options -- backbone.CRFuse.rgb_swin.stages.1.downsample.norm.weight:lr=1e-05
2026/03/24 09:36:42 - mmengine - INFO - paramwise_options -- backbone.CRFuse.rgb_swin.stages.1.downsample.norm.weight:weight_decay=0.0001
2026/03/24 09:36:42 - mmengine - INFO - paramwise_options -- backbone.CRFuse.rgb_swin.stages.1.downsample.norm.weight:lr_mult=0.1
2026/03/24 09:36:42 - mmengine - INFO - paramwise_options -- backbone.CRFuse.rgb_swin.stages.1.downsample.norm.bias:lr=1e-05
2026/03/24 09:36:42 - mmengine - INFO - paramwise_options -- backbone.CRFuse.rgb_swin.stages.1.downsample.norm.bias:weight_decay=0.0001
2026/03/24 09:36:42 - mmengine - INFO - paramwise_options -- backbone.CRFuse.rgb_swin.stages.1.downsample.norm.bias:lr_mult=0.1
2026/03/24 09:36:42 - mmengine - INFO - paramwise_options -- backbone.CRFuse.rgb_swin.stages.1.downsample.reduction.weight:lr=1e-05
2026/03/24 09:36:42 - mmengine - INFO - paramwise_options -- backbone.CRFuse.rgb_swin.stages.1.downsample.reduction.weight:weight_decay=0.0001
2026/03/24 09:36:42 - mmengine - INFO - paramwise_options -- backbone.CRFuse.rgb_swin.stages.1.downsample.reduction.weight:lr_mult=0.1
2026/03/24 09:36:42 - mmengine - INFO - paramwise_options -- backbone.CRFuse.rgb_swin.stages.2.blocks.0.norm1.weight:lr=1e-05
2026/03/24 09:36:42 - mmengine - INFO - paramwise_options -- backbone.CRFuse.rgb_swin.stages.2.blocks.0.norm1.weight:weight_decay=0.0001
2026/03/24 09:36:42 - mmengine - INFO - paramwise_options -- backbone.CRFuse.rgb_swin.stages.2.blocks.0.norm1.weight:lr_mult=0.1
2026/03/24 09:36:42 - mmengine - INFO - paramwise_options -- backbone.CRFuse.rgb_swin.stages.2.blocks.0.norm1.bias:lr=1e-05
2026/03/24 09:36:42 - mmengine - INFO - paramwise_options -- backbone.CRFuse.rgb_swin.stages.2.blocks.0.norm1.bias:weight_decay=0.0001
2026/03/24 09:36:42 - mmengine - INFO - paramwise_options -- backbone.CRFuse.rgb_swin.stages.2.blocks.0.norm1.bias:lr_mult=0.1
2026/03/24 09:36:42 - mmengine - INFO - paramwise_options -- backbone.CRFuse.rgb_swin.stages.2.blocks.0.attn.w_msa.relative_position_bias_table:lr=1e-05
2026/03/24 09:36:42 - mmengine - INFO - paramwise_options -- backbone.CRFuse.rgb_swin.stages.2.blocks.0.attn.w_msa.relative_position_bias_table:weight_decay=0.0001
2026/03/24 09:36:42 - mmengine - INFO - paramwise_options -- backbone.CRFuse.rgb_swin.stages.2.blocks.0.attn.w_msa.relative_position_bias_table:lr_mult=0.1
2026/03/24 09:36:42 - mmengine - INFO - paramwise_options -- backbone.CRFuse.rgb_swin.stages.2.blocks.0.attn.w_msa.qkv.weight:lr=1e-05
2026/03/24 09:36:42 - mmengine - INFO - paramwise_options -- backbone.CRFuse.rgb_swin.stages.2.blocks.0.attn.w_msa.qkv.weight:weight_decay=0.0001
2026/03/24 09:36:42 - mmengine - INFO - paramwise_options -- backbone.CRFuse.rgb_swin.stages.2.blocks.0.attn.w_msa.qkv.weight:lr_mult=0.1
2026/03/24 09:36:42 - mmengine - INFO - paramwise_options -- backbone.CRFuse.rgb_swin.stages.2.blocks.0.attn.w_msa.qkv.bias:lr=1e-05
2026/03/24 09:36:42 - mmengine - INFO - paramwise_options -- backbone.CRFuse.rgb_swin.stages.2.blocks.0.attn.w_msa.qkv.bias:weight_decay=0.0001
2026/03/24 09:36:42 - mmengine - INFO - paramwise_options -- backbone.CRFuse.rgb_swin.stages.2.blocks.0.attn.w_msa.qkv.bias:lr_mult=0.1
2026/03/24 09:36:42 - mmengine - INFO - paramwise_options -- backbone.CRFuse.rgb_swin.stages.2.blocks.0.attn.w_msa.proj.weight:lr=1e-05
2026/03/24 09:36:42 - mmengine - INFO - paramwise_options -- backbone.CRFuse.rgb_swin.stages.2.blocks.0.attn.w_msa.proj.weight:weight_decay=0.0001
2026/03/24 09:36:42 - mmengine - INFO - paramwise_options -- backbone.CRFuse.rgb_swin.stages.2.blocks.0.attn.w_msa.proj.weight:lr_mult=0.1
2026/03/24 09:36:42 - mmengine - INFO - paramwise_options -- backbone.CRFuse.rgb_swin.stages.2.blocks.0.attn.w_msa.proj.bias:lr=1e-05
2026/03/24 09:36:42 - mmengine - INFO - paramwise_options -- backbone.CRFuse.rgb_swin.stages.2.blocks.0.attn.w_msa.proj.bias:weight_decay=0.0001
2026/03/24 09:36:42 - mmengine - INFO - paramwise_options -- backbone.CRFuse.rgb_swin.stages.2.blocks.0.attn.w_msa.proj.bias:lr_mult=0.1
2026/03/24 09:36:42 - mmengine - INFO - paramwise_options -- backbone.CRFuse.rgb_swin.stages.2.blocks.0.norm2.weight:lr=1e-05
2026/03/24 09:36:42 - mmengine - INFO - paramwise_options -- backbone.CRFuse.rgb_swin.stages.2.blocks.0.norm2.weight:weight_decay=0.0001
2026/03/24 09:36:42 - mmengine - INFO - paramwise_options -- backbone.CRFuse.rgb_swin.stages.2.blocks.0.norm2.weight:lr_mult=0.1
2026/03/24 09:36:42 - mmengine - INFO - paramwise_options -- backbone.CRFuse.rgb_swin.stages.2.blocks.0.norm2.bias:lr=1e-05
2026/03/24 09:36:42 - mmengine - INFO - paramwise_options -- backbone.CRFuse.rgb_swin.stages.2.blocks.0.norm2.bias:weight_decay=0.0001
2026/03/24 09:36:42 - mmengine - INFO - paramwise_options -- backbone.CRFuse.rgb_swin.stages.2.blocks.0.norm2.bias:lr_mult=0.1
2026/03/24 09:36:42 - mmengine - INFO - paramwise_options -- backbone.CRFuse.rgb_swin.stages.2.blocks.0.ffn.layers.0.0.weight:lr=1e-05
2026/03/24 09:36:42 - mmengine - INFO - paramwise_options -- backbone.CRFuse.rgb_swin.stages.2.blocks.0.ffn.layers.0.0.weight:weight_decay=0.0001
2026/03/24 09:36:42 - mmengine - INFO - paramwise_options -- backbone.CRFuse.rgb_swin.stages.2.blocks.0.ffn.layers.0.0.weight:lr_mult=0.1
2026/03/24 09:36:42 - mmengine - INFO - paramwise_options -- backbone.CRFuse.rgb_swin.stages.2.blocks.0.ffn.layers.0.0.bias:lr=1e-05
2026/03/24 09:36:42 - mmengine - INFO - paramwise_options -- backbone.CRFuse.rgb_swin.stages.2.blocks.0.ffn.layers.0.0.bias:weight_decay=0.0001
2026/03/24 09:36:42 - mmengine - INFO - paramwise_options -- backbone.CRFuse.rgb_swin.stages.2.blocks.0.ffn.layers.0.0.bias:lr_mult=0.1
2026/03/24 09:36:42 - mmengine - INFO - paramwise_options -- backbone.CRFuse.rgb_swin.stages.2.blocks.0.ffn.layers.1.weight:lr=1e-05
2026/03/24 09:36:42 - mmengine - INFO - paramwise_options -- backbone.CRFuse.rgb_swin.stages.2.blocks.0.ffn.layers.1.weight:weight_decay=0.0001
2026/03/24 09:36:42 - mmengine - INFO - paramwise_options -- backbone.CRFuse.rgb_swin.stages.2.blocks.0.ffn.layers.1.weight:lr_mult=0.1
2026/03/24 09:36:42 - mmengine - INFO - paramwise_options -- backbone.CRFuse.rgb_swin.stages.2.blocks.0.ffn.layers.1.bias:lr=1e-05
2026/03/24 09:36:42 - mmengine - INFO - paramwise_options -- backbone.CRFuse.rgb_swin.stages.2.blocks.0.ffn.layers.1.bias:weight_decay=0.0001
2026/03/24 09:36:42 - mmengine - INFO - paramwise_options -- backbone.CRFuse.rgb_swin.stages.2.blocks.0.ffn.layers.1.bias:lr_mult=0.1
2026/03/24 09:36:42 - mmengine - INFO - paramwise_options -- backbone.CRFuse.rgb_swin.stages.2.blocks.1.norm1.weight:lr=1e-05
2026/03/24 09:36:42 - mmengine - INFO - paramwise_options -- backbone.CRFuse.rgb_swin.stages.2.blocks.1.norm1.weight:weight_decay=0.0001
2026/03/24 09:36:42 - mmengine - INFO - paramwise_options -- backbone.CRFuse.rgb_swin.stages.2.blocks.1.norm1.weight:lr_mult=0.1
2026/03/24 09:36:42 - mmengine - INFO - paramwise_options -- backbone.CRFuse.rgb_swin.stages.2.blocks.1.norm1.bias:lr=1e-05
2026/03/24 09:36:42 - mmengine - INFO - paramwise_options -- backbone.CRFuse.rgb_swin.stages.2.blocks.1.norm1.bias:weight_decay=0.0001
2026/03/24 09:36:42 - mmengine - INFO - paramwise_options -- backbone.CRFuse.rgb_swin.stages.2.blocks.1.norm1.bias:lr_mult=0.1
2026/03/24 09:36:42 - mmengine - INFO - paramwise_options -- backbone.CRFuse.rgb_swin.stages.2.blocks.1.attn.w_msa.relative_position_bias_table:lr=1e-05
2026/03/24 09:36:42 - mmengine - INFO - paramwise_options -- backbone.CRFuse.rgb_swin.stages.2.blocks.1.attn.w_msa.relative_position_bias_table:weight_decay=0.0001
2026/03/24 09:36:42 - mmengine - INFO - paramwise_options -- backbone.CRFuse.rgb_swin.stages.2.blocks.1.attn.w_msa.relative_position_bias_table:lr_mult=0.1
2026/03/24 09:36:42 - mmengine - INFO - paramwise_options -- backbone.CRFuse.rgb_swin.stages.2.blocks.1.attn.w_msa.qkv.weight:lr=1e-05
2026/03/24 09:36:42 - mmengine - INFO - paramwise_options -- backbone.CRFuse.rgb_swin.stages.2.blocks.1.attn.w_msa.qkv.weight:weight_decay=0.0001
2026/03/24 09:36:42 - mmengine - INFO - paramwise_options -- backbone.CRFuse.rgb_swin.stages.2.blocks.1.attn.w_msa.qkv.weight:lr_mult=0.1
2026/03/24 09:36:42 - mmengine - INFO - paramwise_options -- backbone.CRFuse.rgb_swin.stages.2.blocks.1.attn.w_msa.qkv.bias:lr=1e-05
2026/03/24 09:36:42 - mmengine - INFO - paramwise_options -- backbone.CRFuse.rgb_swin.stages.2.blocks.1.attn.w_msa.qkv.bias:weight_decay=0.0001
2026/03/24 09:36:42 - mmengine - INFO - paramwise_options -- backbone.CRFuse.rgb_swin.stages.2.blocks.1.attn.w_msa.qkv.bias:lr_mult=0.1
2026/03/24 09:36:42 - mmengine - INFO - paramwise_options -- backbone.CRFuse.rgb_swin.stages.2.blocks.1.attn.w_msa.proj.weight:lr=1e-05
2026/03/24 09:36:42 - mmengine - INFO - paramwise_options -- backbone.CRFuse.rgb_swin.stages.2.blocks.1.attn.w_msa.proj.weight:weight_decay=0.0001
2026/03/24 09:36:42 - mmengine - INFO - paramwise_options -- backbone.CRFuse.rgb_swin.stages.2.blocks.1.attn.w_msa.proj.weight:lr_mult=0.1
2026/03/24 09:36:42 - mmengine - INFO - paramwise_options -- backbone.CRFuse.rgb_swin.stages.2.blocks.1.attn.w_msa.proj.bias:lr=1e-05
2026/03/24 09:36:42 - mmengine - INFO - paramwise_options -- backbone.CRFuse.rgb_swin.stages.2.blocks.1.attn.w_msa.proj.bias:weight_decay=0.0001
2026/03/24 09:36:42 - mmengine - INFO - paramwise_options -- backbone.CRFuse.rgb_swin.stages.2.blocks.1.attn.w_msa.proj.bias:lr_mult=0.1
2026/03/24 09:36:42 - mmengine - INFO - paramwise_options -- backbone.CRFuse.rgb_swin.stages.2.blocks.1.norm2.weight:lr=1e-05
2026/03/24 09:36:42 - mmengine - INFO - paramwise_options -- backbone.CRFuse.rgb_swin.stages.2.blocks.1.norm2.weight:weight_decay=0.0001
2026/03/24 09:36:42 - mmengine - INFO - paramwise_options -- backbone.CRFuse.rgb_swin.stages.2.blocks.1.norm2.weight:lr_mult=0.1
2026/03/24 09:36:42 - mmengine - INFO - paramwise_options -- backbone.CRFuse.rgb_swin.stages.2.blocks.1.norm2.bias:lr=1e-05
2026/03/24 09:36:42 - mmengine - INFO - paramwise_options -- backbone.CRFuse.rgb_swin.stages.2.blocks.1.norm2.bias:weight_decay=0.0001
2026/03/24 09:36:42 - mmengine - INFO - paramwise_options -- backbone.CRFuse.rgb_swin.stages.2.blocks.1.norm2.bias:lr_mult=0.1
2026/03/24 09:36:42 - mmengine - INFO - paramwise_options -- backbone.CRFuse.rgb_swin.stages.2.blocks.1.ffn.layers.0.0.weight:lr=1e-05
2026/03/24 09:36:42 - mmengine - INFO - paramwise_options -- backbone.CRFuse.rgb_swin.stages.2.blocks.1.ffn.layers.0.0.weight:weight_decay=0.0001
2026/03/24 09:36:42 - mmengine - INFO - paramwise_options -- backbone.CRFuse.rgb_swin.stages.2.blocks.1.ffn.layers.0.0.weight:lr_mult=0.1
2026/03/24 09:36:42 - mmengine - INFO - paramwise_options -- backbone.CRFuse.rgb_swin.stages.2.blocks.1.ffn.layers.0.0.bias:lr=1e-05
2026/03/24 09:36:42 - mmengine - INFO - paramwise_options -- backbone.CRFuse.rgb_swin.stages.2.blocks.1.ffn.layers.0.0.bias:weight_decay=0.0001
2026/03/24 09:36:42 - mmengine - INFO - paramwise_options -- backbone.CRFuse.rgb_swin.stages.2.blocks.1.ffn.layers.0.0.bias:lr_mult=0.1
2026/03/24 09:36:42 - mmengine - INFO - paramwise_options -- backbone.CRFuse.rgb_swin.stages.2.blocks.1.ffn.layers.1.weight:lr=1e-05
2026/03/24 09:36:42 - mmengine - INFO - paramwise_options -- backbone.CRFuse.rgb_swin.stages.2.blocks.1.ffn.layers.1.weight:weight_decay=0.0001
2026/03/24 09:36:42 - mmengine - INFO - paramwise_options -- backbone.CRFuse.rgb_swin.stages.2.blocks.1.ffn.layers.1.weight:lr_mult=0.1
2026/03/24 09:36:42 - mmengine - INFO - paramwise_options -- backbone.CRFuse.rgb_swin.stages.2.blocks.1.ffn.layers.1.bias:lr=1e-05
2026/03/24 09:36:42 - mmengine - INFO - paramwise_options -- backbone.CRFuse.rgb_swin.stages.2.blocks.1.ffn.layers.1.bias:weight_decay=0.0001
2026/03/24 09:36:42 - mmengine - INFO - paramwise_options -- backbone.CRFuse.rgb_swin.stages.2.blocks.1.ffn.layers.1.bias:lr_mult=0.1
2026/03/24 09:36:42 - mmengine - INFO - paramwise_options -- backbone.CRFuse.rgb_swin.stages.2.blocks.2.norm1.weight:lr=1e-05
2026/03/24 09:36:42 - mmengine - INFO - paramwise_options -- backbone.CRFuse.rgb_swin.stages.2.blocks.2.norm1.weight:weight_decay=0.0001
2026/03/24 09:36:42 - mmengine - INFO - paramwise_options -- backbone.CRFuse.rgb_swin.stages.2.blocks.2.norm1.weight:lr_mult=0.1
2026/03/24 09:36:42 - mmengine - INFO - paramwise_options -- backbone.CRFuse.rgb_swin.stages.2.blocks.2.norm1.bias:lr=1e-05
2026/03/24 09:36:42 - mmengine - INFO - paramwise_options -- backbone.CRFuse.rgb_swin.stages.2.blocks.2.norm1.bias:weight_decay=0.0001
2026/03/24 09:36:42 - mmengine - INFO - paramwise_options -- backbone.CRFuse.rgb_swin.stages.2.blocks.2.norm1.bias:lr_mult=0.1
2026/03/24 09:36:42 - mmengine - INFO - paramwise_options -- backbone.CRFuse.rgb_swin.stages.2.blocks.2.attn.w_msa.relative_position_bias_table:lr=1e-05
2026/03/24 09:36:42 - mmengine - INFO - paramwise_options -- backbone.CRFuse.rgb_swin.stages.2.blocks.2.attn.w_msa.relative_position_bias_table:weight_decay=0.0001
2026/03/24 09:36:42 - mmengine - INFO - paramwise_options -- backbone.CRFuse.rgb_swin.stages.2.blocks.2.attn.w_msa.relative_position_bias_table:lr_mult=0.1
2026/03/24 09:36:42 - mmengine - INFO - paramwise_options -- backbone.CRFuse.rgb_swin.stages.2.blocks.2.attn.w_msa.qkv.weight:lr=1e-05
2026/03/24 09:36:42 - mmengine - INFO - paramwise_options -- backbone.CRFuse.rgb_swin.stages.2.blocks.2.attn.w_msa.qkv.weight:weight_decay=0.0001
2026/03/24 09:36:42 - mmengine - INFO - paramwise_options -- backbone.CRFuse.rgb_swin.stages.2.blocks.2.attn.w_msa.qkv.weight:lr_mult=0.1
2026/03/24 09:36:42 - mmengine - INFO - paramwise_options -- backbone.CRFuse.rgb_swin.stages.2.blocks.2.attn.w_msa.qkv.bias:lr=1e-05
2026/03/24 09:36:42 - mmengine - INFO - paramwise_options -- backbone.CRFuse.rgb_swin.stages.2.blocks.2.attn.w_msa.qkv.bias:weight_decay=0.0001
2026/03/24 09:36:42 - mmengine - INFO - paramwise_options -- backbone.CRFuse.rgb_swin.stages.2.blocks.2.attn.w_msa.qkv.bias:lr_mult=0.1
2026/03/24 09:36:42 - mmengine - INFO - paramwise_options -- backbone.CRFuse.rgb_swin.stages.2.blocks.2.attn.w_msa.proj.weight:lr=1e-05
2026/03/24 09:36:42 - mmengine - INFO - paramwise_options -- backbone.CRFuse.rgb_swin.stages.2.blocks.2.attn.w_msa.proj.weight:weight_decay=0.0001
2026/03/24 09:36:42 - mmengine - INFO - paramwise_options -- backbone.CRFuse.rgb_swin.stages.2.blocks.2.attn.w_msa.proj.weight:lr_mult=0.1
2026/03/24 09:36:42 - mmengine - INFO - paramwise_options -- backbone.CRFuse.rgb_swin.stages.2.blocks.2.attn.w_msa.proj.bias:lr=1e-05
2026/03/24 09:36:42 - mmengine - INFO - paramwise_options -- backbone.CRFuse.rgb_swin.stages.2.blocks.2.attn.w_msa.proj.bias:weight_decay=0.0001
2026/03/24 09:36:42 - mmengine - INFO - paramwise_options -- backbone.CRFuse.rgb_swin.stages.2.blocks.2.attn.w_msa.proj.bias:lr_mult=0.1
2026/03/24 09:36:42 - mmengine - INFO - paramwise_options -- backbone.CRFuse.rgb_swin.stages.2.blocks.2.norm2.weight:lr=1e-05
2026/03/24 09:36:42 - mmengine - INFO - paramwise_options -- backbone.CRFuse.rgb_swin.stages.2.blocks.2.norm2.weight:weight_decay=0.0001
2026/03/24 09:36:42 - mmengine - INFO - paramwise_options -- backbone.CRFuse.rgb_swin.stages.2.blocks.2.norm2.weight:lr_mult=0.1
2026/03/24 09:36:42 - mmengine - INFO - paramwise_options -- backbone.CRFuse.rgb_swin.stages.2.blocks.2.norm2.bias:lr=1e-05
2026/03/24 09:36:42 - mmengine - INFO - paramwise_options -- backbone.CRFuse.rgb_swin.stages.2.blocks.2.norm2.bias:weight_decay=0.0001
2026/03/24 09:36:42 - mmengine - INFO - paramwise_options -- backbone.CRFuse.rgb_swin.stages.2.blocks.2.norm2.bias:lr_mult=0.1
2026/03/24 09:36:42 - mmengine - INFO - paramwise_options -- backbone.CRFuse.rgb_swin.stages.2.blocks.2.ffn.layers.0.0.weight:lr=1e-05
2026/03/24 09:36:42 - mmengine - INFO - paramwise_options -- backbone.CRFuse.rgb_swin.stages.2.blocks.2.ffn.layers.0.0.weight:weight_decay=0.0001
2026/03/24 09:36:42 - mmengine - INFO - paramwise_options -- backbone.CRFuse.rgb_swin.stages.2.blocks.2.ffn.layers.0.0.weight:lr_mult=0.1
2026/03/24 09:36:42 - mmengine - INFO - paramwise_options -- backbone.CRFuse.rgb_swin.stages.2.blocks.2.ffn.layers.0.0.bias:lr=1e-05
2026/03/24 09:36:42 - mmengine - INFO - paramwise_options -- backbone.CRFuse.rgb_swin.stages.2.blocks.2.ffn.layers.0.0.bias:weight_decay=0.0001
2026/03/24 09:36:42 - mmengine - INFO - paramwise_options -- backbone.CRFuse.rgb_swin.stages.2.blocks.2.ffn.layers.0.0.bias:lr_mult=0.1
2026/03/24 09:36:42 - mmengine - INFO - paramwise_options -- backbone.CRFuse.rgb_swin.stages.2.blocks.2.ffn.layers.1.weight:lr=1e-05
2026/03/24 09:36:42 - mmengine - INFO - paramwise_options -- backbone.CRFuse.rgb_swin.stages.2.blocks.2.ffn.layers.1.weight:weight_decay=0.0001
2026/03/24 09:36:42 - mmengine - INFO - paramwise_options -- backbone.CRFuse.rgb_swin.stages.2.blocks.2.ffn.layers.1.weight:lr_mult=0.1
2026/03/24 09:36:42 - mmengine - INFO - paramwise_options -- backbone.CRFuse.rgb_swin.stages.2.blocks.2.ffn.layers.1.bias:lr=1e-05
2026/03/24 09:36:42 - mmengine - INFO - paramwise_options -- backbone.CRFuse.rgb_swin.stages.2.blocks.2.ffn.layers.1.bias:weight_decay=0.0001
2026/03/24 09:36:42 - mmengine - INFO - paramwise_options -- backbone.CRFuse.rgb_swin.stages.2.blocks.2.ffn.layers.1.bias:lr_mult=0.1
2026/03/24 09:36:42 - mmengine - INFO - paramwise_options -- backbone.CRFuse.rgb_swin.stages.2.blocks.3.norm1.weight:lr=1e-05
2026/03/24 09:36:42 - mmengine - INFO - paramwise_options -- backbone.CRFuse.rgb_swin.stages.2.blocks.3.norm1.weight:weight_decay=0.0001
2026/03/24 09:36:42 - mmengine - INFO - paramwise_options -- backbone.CRFuse.rgb_swin.stages.2.blocks.3.norm1.weight:lr_mult=0.1
2026/03/24 09:36:42 - mmengine - INFO - paramwise_options -- backbone.CRFuse.rgb_swin.stages.2.blocks.3.norm1.bias:lr=1e-05
2026/03/24 09:36:42 - mmengine - INFO - paramwise_options -- backbone.CRFuse.rgb_swin.stages.2.blocks.3.norm1.bias:weight_decay=0.0001
2026/03/24 09:36:42 - mmengine - INFO - paramwise_options -- backbone.CRFuse.rgb_swin.stages.2.blocks.3.norm1.bias:lr_mult=0.1
2026/03/24 09:36:42 - mmengine - INFO - paramwise_options -- backbone.CRFuse.rgb_swin.stages.2.blocks.3.attn.w_msa.relative_position_bias_table:lr=1e-05
2026/03/24 09:36:42 - mmengine - INFO - paramwise_options -- backbone.CRFuse.rgb_swin.stages.2.blocks.3.attn.w_msa.relative_position_bias_table:weight_decay=0.0001
2026/03/24 09:36:42 - mmengine - INFO - paramwise_options -- backbone.CRFuse.rgb_swin.stages.2.blocks.3.attn.w_msa.relative_position_bias_table:lr_mult=0.1
2026/03/24 09:36:42 - mmengine - INFO - paramwise_options -- backbone.CRFuse.rgb_swin.stages.2.blocks.3.attn.w_msa.qkv.weight:lr=1e-05
2026/03/24 09:36:42 - mmengine - INFO - paramwise_options -- backbone.CRFuse.rgb_swin.stages.2.blocks.3.attn.w_msa.qkv.weight:weight_decay=0.0001
2026/03/24 09:36:42 - mmengine - INFO - paramwise_options -- backbone.CRFuse.rgb_swin.stages.2.blocks.3.attn.w_msa.qkv.weight:lr_mult=0.1
2026/03/24 09:36:42 - mmengine - INFO - paramwise_options -- backbone.CRFuse.rgb_swin.stages.2.blocks.3.attn.w_msa.qkv.bias:lr=1e-05
2026/03/24 09:36:42 - mmengine - INFO - paramwise_options -- backbone.CRFuse.rgb_swin.stages.2.blocks.3.attn.w_msa.qkv.bias:weight_decay=0.0001
2026/03/24 09:36:42 - mmengine - INFO - paramwise_options -- backbone.CRFuse.rgb_swin.stages.2.blocks.3.attn.w_msa.qkv.bias:lr_mult=0.1
2026/03/24 09:36:42 - mmengine - INFO - paramwise_options -- backbone.CRFuse.rgb_swin.stages.2.blocks.3.attn.w_msa.proj.weight:lr=1e-05
2026/03/24 09:36:42 - mmengine - INFO - paramwise_options -- backbone.CRFuse.rgb_swin.stages.2.blocks.3.attn.w_msa.proj.weight:weight_decay=0.0001
2026/03/24 09:36:42 - mmengine - INFO - paramwise_options -- backbone.CRFuse.rgb_swin.stages.2.blocks.3.attn.w_msa.proj.weight:lr_mult=0.1
2026/03/24 09:36:42 - mmengine - INFO - paramwise_options -- backbone.CRFuse.rgb_swin.stages.2.blocks.3.attn.w_msa.proj.bias:lr=1e-05
2026/03/24 09:36:42 - mmengine - INFO - paramwise_options -- backbone.CRFuse.rgb_swin.stages.2.blocks.3.attn.w_msa.proj.bias:weight_decay=0.0001
2026/03/24 09:36:42 - mmengine - INFO - paramwise_options -- backbone.CRFuse.rgb_swin.stages.2.blocks.3.attn.w_msa.proj.bias:lr_mult=0.1
2026/03/24 09:36:42 - mmengine - INFO - paramwise_options -- backbone.CRFuse.rgb_swin.stages.2.blocks.3.norm2.weight:lr=1e-05
2026/03/24 09:36:42 - mmengine - INFO - paramwise_options -- backbone.CRFuse.rgb_swin.stages.2.blocks.3.norm2.weight:weight_decay=0.0001
2026/03/24 09:36:42 - mmengine - INFO - paramwise_options -- backbone.CRFuse.rgb_swin.stages.2.blocks.3.norm2.weight:lr_mult=0.1
2026/03/24 09:36:42 - mmengine - INFO - paramwise_options -- backbone.CRFuse.rgb_swin.stages.2.blocks.3.norm2.bias:lr=1e-05
2026/03/24 09:36:42 - mmengine - INFO - paramwise_options -- backbone.CRFuse.rgb_swin.stages.2.blocks.3.norm2.bias:weight_decay=0.0001
2026/03/24 09:36:42 - mmengine - INFO - paramwise_options -- backbone.CRFuse.rgb_swin.stages.2.blocks.3.norm2.bias:lr_mult=0.1
2026/03/24 09:36:42 - mmengine - INFO - paramwise_options -- backbone.CRFuse.rgb_swin.stages.2.blocks.3.ffn.layers.0.0.weight:lr=1e-05
2026/03/24 09:36:42 - mmengine - INFO - paramwise_options -- backbone.CRFuse.rgb_swin.stages.2.blocks.3.ffn.layers.0.0.weight:weight_decay=0.0001
2026/03/24 09:36:42 - mmengine - INFO - paramwise_options -- backbone.CRFuse.rgb_swin.stages.2.blocks.3.ffn.layers.0.0.weight:lr_mult=0.1
2026/03/24 09:36:42 - mmengine - INFO - paramwise_options -- backbone.CRFuse.rgb_swin.stages.2.blocks.3.ffn.layers.0.0.bias:lr=1e-05
2026/03/24 09:36:42 - mmengine - INFO - paramwise_options -- backbone.CRFuse.rgb_swin.stages.2.blocks.3.ffn.layers.0.0.bias:weight_decay=0.0001
2026/03/24 09:36:42 - mmengine - INFO - paramwise_options -- backbone.CRFuse.rgb_swin.stages.2.blocks.3.ffn.layers.0.0.bias:lr_mult=0.1
2026/03/24 09:36:42 - mmengine - INFO - paramwise_options -- backbone.CRFuse.rgb_swin.stages.2.blocks.3.ffn.layers.1.weight:lr=1e-05
2026/03/24 09:36:42 - mmengine - INFO - paramwise_options -- backbone.CRFuse.rgb_swin.stages.2.blocks.3.ffn.layers.1.weight:weight_decay=0.0001
2026/03/24 09:36:42 - mmengine - INFO - paramwise_options -- backbone.CRFuse.rgb_swin.stages.2.blocks.3.ffn.layers.1.weight:lr_mult=0.1
2026/03/24 09:36:42 - mmengine - INFO - paramwise_options -- backbone.CRFuse.rgb_swin.stages.2.blocks.3.ffn.layers.1.bias:lr=1e-05
2026/03/24 09:36:42 - mmengine - INFO - paramwise_options -- backbone.CRFuse.rgb_swin.stages.2.blocks.3.ffn.layers.1.bias:weight_decay=0.0001
2026/03/24 09:36:42 - mmengine - INFO - paramwise_options -- backbone.CRFuse.rgb_swin.stages.2.blocks.3.ffn.layers.1.bias:lr_mult=0.1
2026/03/24 09:36:42 - mmengine - INFO - paramwise_options -- backbone.CRFuse.rgb_swin.stages.2.blocks.4.norm1.weight:lr=1e-05
2026/03/24 09:36:42 - mmengine - INFO - paramwise_options -- backbone.CRFuse.rgb_swin.stages.2.blocks.4.norm1.weight:weight_decay=0.0001
2026/03/24 09:36:42 - mmengine - INFO - paramwise_options -- backbone.CRFuse.rgb_swin.stages.2.blocks.4.norm1.weight:lr_mult=0.1
2026/03/24 09:36:42 - mmengine - INFO - paramwise_options -- backbone.CRFuse.rgb_swin.stages.2.blocks.4.norm1.bias:lr=1e-05
2026/03/24 09:36:42 - mmengine - INFO - paramwise_options -- backbone.CRFuse.rgb_swin.stages.2.blocks.4.norm1.bias:weight_decay=0.0001
2026/03/24 09:36:42 - mmengine - INFO - paramwise_options -- backbone.CRFuse.rgb_swin.stages.2.blocks.4.norm1.bias:lr_mult=0.1
2026/03/24 09:36:42 - mmengine - INFO - paramwise_options -- backbone.CRFuse.rgb_swin.stages.2.blocks.4.attn.w_msa.relative_position_bias_table:lr=1e-05
2026/03/24 09:36:42 - mmengine - INFO - paramwise_options -- backbone.CRFuse.rgb_swin.stages.2.blocks.4.attn.w_msa.relative_position_bias_table:weight_decay=0.0001
2026/03/24 09:36:42 - mmengine - INFO - paramwise_options -- backbone.CRFuse.rgb_swin.stages.2.blocks.4.attn.w_msa.relative_position_bias_table:lr_mult=0.1
2026/03/24 09:36:42 - mmengine - INFO - paramwise_options -- backbone.CRFuse.rgb_swin.stages.2.blocks.4.attn.w_msa.qkv.weight:lr=1e-05
2026/03/24 09:36:42 - mmengine - INFO - paramwise_options -- backbone.CRFuse.rgb_swin.stages.2.blocks.4.attn.w_msa.qkv.weight:weight_decay=0.0001
2026/03/24 09:36:42 - mmengine - INFO - paramwise_options -- backbone.CRFuse.rgb_swin.stages.2.blocks.4.attn.w_msa.qkv.weight:lr_mult=0.1
2026/03/24 09:36:42 - mmengine - INFO - paramwise_options -- backbone.CRFuse.rgb_swin.stages.2.blocks.4.attn.w_msa.qkv.bias:lr=1e-05
2026/03/24 09:36:42 - mmengine - INFO - paramwise_options -- backbone.CRFuse.rgb_swin.stages.2.blocks.4.attn.w_msa.qkv.bias:weight_decay=0.0001
2026/03/24 09:36:42 - mmengine - INFO - paramwise_options -- backbone.CRFuse.rgb_swin.stages.2.blocks.4.attn.w_msa.qkv.bias:lr_mult=0.1
2026/03/24 09:36:42 - mmengine - INFO - paramwise_options -- backbone.CRFuse.rgb_swin.stages.2.blocks.4.attn.w_msa.proj.weight:lr=1e-05
2026/03/24 09:36:42 - mmengine - INFO - paramwise_options -- backbone.CRFuse.rgb_swin.stages.2.blocks.4.attn.w_msa.proj.weight:weight_decay=0.0001
2026/03/24 09:36:42 - mmengine - INFO - paramwise_options -- backbone.CRFuse.rgb_swin.stages.2.blocks.4.attn.w_msa.proj.weight:lr_mult=0.1
2026/03/24 09:36:42 - mmengine - INFO - paramwise_options -- backbone.CRFuse.rgb_swin.stages.2.blocks.4.attn.w_msa.proj.bias:lr=1e-05
2026/03/24 09:36:42 - mmengine - INFO - paramwise_options -- backbone.CRFuse.rgb_swin.stages.2.blocks.4.attn.w_msa.proj.bias:weight_decay=0.0001
2026/03/24 09:36:42 - mmengine - INFO - paramwise_options -- backbone.CRFuse.rgb_swin.stages.2.blocks.4.attn.w_msa.proj.bias:lr_mult=0.1
2026/03/24 09:36:42 - mmengine - INFO - paramwise_options -- backbone.CRFuse.rgb_swin.stages.2.blocks.4.norm2.weight:lr=1e-05
2026/03/24 09:36:42 - mmengine - INFO - paramwise_options -- backbone.CRFuse.rgb_swin.stages.2.blocks.4.norm2.weight:weight_decay=0.0001
2026/03/24 09:36:42 - mmengine - INFO - paramwise_options -- backbone.CRFuse.rgb_swin.stages.2.blocks.4.norm2.weight:lr_mult=0.1
2026/03/24 09:36:42 - mmengine - INFO - paramwise_options -- backbone.CRFuse.rgb_swin.stages.2.blocks.4.norm2.bias:lr=1e-05
2026/03/24 09:36:42 - mmengine - INFO - paramwise_options -- backbone.CRFuse.rgb_swin.stages.2.blocks.4.norm2.bias:weight_decay=0.0001
2026/03/24 09:36:42 - mmengine - INFO - paramwise_options -- backbone.CRFuse.rgb_swin.stages.2.blocks.4.norm2.bias:lr_mult=0.1
2026/03/24 09:36:42 - mmengine - INFO - paramwise_options -- backbone.CRFuse.rgb_swin.stages.2.blocks.4.ffn.layers.0.0.weight:lr=1e-05
2026/03/24 09:36:42 - mmengine - INFO - paramwise_options -- backbone.CRFuse.rgb_swin.stages.2.blocks.4.ffn.layers.0.0.weight:weight_decay=0.0001
2026/03/24 09:36:42 - mmengine - INFO - paramwise_options -- backbone.CRFuse.rgb_swin.stages.2.blocks.4.ffn.layers.0.0.weight:lr_mult=0.1
2026/03/24 09:36:42 - mmengine - INFO - paramwise_options -- backbone.CRFuse.rgb_swin.stages.2.blocks.4.ffn.layers.0.0.bias:lr=1e-05
2026/03/24 09:36:42 - mmengine - INFO - paramwise_options -- backbone.CRFuse.rgb_swin.stages.2.blocks.4.ffn.layers.0.0.bias:weight_decay=0.0001
2026/03/24 09:36:42 - mmengine - INFO - paramwise_options -- backbone.CRFuse.rgb_swin.stages.2.blocks.4.ffn.layers.0.0.bias:lr_mult=0.1
2026/03/24 09:36:42 - mmengine - INFO - paramwise_options -- backbone.CRFuse.rgb_swin.stages.2.blocks.4.ffn.layers.1.weight:lr=1e-05
2026/03/24 09:36:42 - mmengine - INFO - paramwise_options -- backbone.CRFuse.rgb_swin.stages.2.blocks.4.ffn.layers.1.weight:weight_decay=0.0001
2026/03/24 09:36:42 - mmengine - INFO - paramwise_options -- backbone.CRFuse.rgb_swin.stages.2.blocks.4.ffn.layers.1.weight:lr_mult=0.1
2026/03/24 09:36:42 - mmengine - INFO - paramwise_options -- backbone.CRFuse.rgb_swin.stages.2.blocks.4.ffn.layers.1.bias:lr=1e-05
2026/03/24 09:36:42 - mmengine - INFO - paramwise_options -- backbone.CRFuse.rgb_swin.stages.2.blocks.4.ffn.layers.1.bias:weight_decay=0.0001
2026/03/24 09:36:42 - mmengine - INFO - paramwise_options -- backbone.CRFuse.rgb_swin.stages.2.blocks.4.ffn.layers.1.bias:lr_mult=0.1
2026/03/24 09:36:42 - mmengine - INFO - paramwise_options -- backbone.CRFuse.rgb_swin.stages.2.blocks.5.norm1.weight:lr=1e-05
2026/03/24 09:36:42 - mmengine - INFO - paramwise_options -- backbone.CRFuse.rgb_swin.stages.2.blocks.5.norm1.weight:weight_decay=0.0001
2026/03/24 09:36:42 - mmengine - INFO - paramwise_options -- backbone.CRFuse.rgb_swin.stages.2.blocks.5.norm1.weight:lr_mult=0.1
2026/03/24 09:36:42 - mmengine - INFO - paramwise_options -- backbone.CRFuse.rgb_swin.stages.2.blocks.5.norm1.bias:lr=1e-05
2026/03/24 09:36:42 - mmengine - INFO - paramwise_options -- backbone.CRFuse.rgb_swin.stages.2.blocks.5.norm1.bias:weight_decay=0.0001
2026/03/24 09:36:42 - mmengine - INFO - paramwise_options -- backbone.CRFuse.rgb_swin.stages.2.blocks.5.norm1.bias:lr_mult=0.1
2026/03/24 09:36:42 - mmengine - INFO - paramwise_options -- backbone.CRFuse.rgb_swin.stages.2.blocks.5.attn.w_msa.relative_position_bias_table:lr=1e-05
2026/03/24 09:36:42 - mmengine - INFO - paramwise_options -- backbone.CRFuse.rgb_swin.stages.2.blocks.5.attn.w_msa.relative_position_bias_table:weight_decay=0.0001
2026/03/24 09:36:42 - mmengine - INFO - paramwise_options -- backbone.CRFuse.rgb_swin.stages.2.blocks.5.attn.w_msa.relative_position_bias_table:lr_mult=0.1
2026/03/24 09:36:42 - mmengine - INFO - paramwise_options -- backbone.CRFuse.rgb_swin.stages.2.blocks.5.attn.w_msa.qkv.weight:lr=1e-05
2026/03/24 09:36:42 - mmengine - INFO - paramwise_options -- backbone.CRFuse.rgb_swin.stages.2.blocks.5.attn.w_msa.qkv.weight:weight_decay=0.0001
2026/03/24 09:36:42 - mmengine - INFO - paramwise_options -- backbone.CRFuse.rgb_swin.stages.2.blocks.5.attn.w_msa.qkv.weight:lr_mult=0.1
2026/03/24 09:36:42 - mmengine - INFO - paramwise_options -- backbone.CRFuse.rgb_swin.stages.2.blocks.5.attn.w_msa.qkv.bias:lr=1e-05
2026/03/24 09:36:42 - mmengine - INFO - paramwise_options -- backbone.CRFuse.rgb_swin.stages.2.blocks.5.attn.w_msa.qkv.bias:weight_decay=0.0001
2026/03/24 09:36:42 - mmengine - INFO - paramwise_options -- backbone.CRFuse.rgb_swin.stages.2.blocks.5.attn.w_msa.qkv.bias:lr_mult=0.1
2026/03/24 09:36:42 - mmengine - INFO - paramwise_options -- backbone.CRFuse.rgb_swin.stages.2.blocks.5.attn.w_msa.proj.weight:lr=1e-05
2026/03/24 09:36:42 - mmengine - INFO - paramwise_options -- backbone.CRFuse.rgb_swin.stages.2.blocks.5.attn.w_msa.proj.weight:weight_decay=0.0001
2026/03/24 09:36:42 - mmengine - INFO - paramwise_options -- backbone.CRFuse.rgb_swin.stages.2.blocks.5.attn.w_msa.proj.weight:lr_mult=0.1
2026/03/24 09:36:42 - mmengine - INFO - paramwise_options -- backbone.CRFuse.rgb_swin.stages.2.blocks.5.attn.w_msa.proj.bias:lr=1e-05
2026/03/24 09:36:42 - mmengine - INFO - paramwise_options -- backbone.CRFuse.rgb_swin.stages.2.blocks.5.attn.w_msa.proj.bias:weight_decay=0.0001
2026/03/24 09:36:42 - mmengine - INFO - paramwise_options -- backbone.CRFuse.rgb_swin.stages.2.blocks.5.attn.w_msa.proj.bias:lr_mult=0.1
2026/03/24 09:36:42 - mmengine - INFO - paramwise_options -- backbone.CRFuse.rgb_swin.stages.2.blocks.5.norm2.weight:lr=1e-05
2026/03/24 09:36:42 - mmengine - INFO - paramwise_options -- backbone.CRFuse.rgb_swin.stages.2.blocks.5.norm2.weight:weight_decay=0.0001
2026/03/24 09:36:42 - mmengine - INFO - paramwise_options -- backbone.CRFuse.rgb_swin.stages.2.blocks.5.norm2.weight:lr_mult=0.1
2026/03/24 09:36:42 - mmengine - INFO - paramwise_options -- backbone.CRFuse.rgb_swin.stages.2.blocks.5.norm2.bias:lr=1e-05
2026/03/24 09:36:42 - mmengine - INFO - paramwise_options -- backbone.CRFuse.rgb_swin.stages.2.blocks.5.norm2.bias:weight_decay=0.0001
2026/03/24 09:36:42 - mmengine - INFO - paramwise_options -- backbone.CRFuse.rgb_swin.stages.2.blocks.5.norm2.bias:lr_mult=0.1
2026/03/24 09:36:42 - mmengine - INFO - paramwise_options -- backbone.CRFuse.rgb_swin.stages.2.blocks.5.ffn.layers.0.0.weight:lr=1e-05
2026/03/24 09:36:42 - mmengine - INFO - paramwise_options -- backbone.CRFuse.rgb_swin.stages.2.blocks.5.ffn.layers.0.0.weight:weight_decay=0.0001
2026/03/24 09:36:42 - mmengine - INFO - paramwise_options -- backbone.CRFuse.rgb_swin.stages.2.blocks.5.ffn.layers.0.0.weight:lr_mult=0.1
2026/03/24 09:36:42 - mmengine - INFO - paramwise_options -- backbone.CRFuse.rgb_swin.stages.2.blocks.5.ffn.layers.0.0.bias:lr=1e-05
2026/03/24 09:36:42 - mmengine - INFO - paramwise_options -- backbone.CRFuse.rgb_swin.stages.2.blocks.5.ffn.layers.0.0.bias:weight_decay=0.0001
2026/03/24 09:36:42 - mmengine - INFO - paramwise_options -- backbone.CRFuse.rgb_swin.stages.2.blocks.5.ffn.layers.0.0.bias:lr_mult=0.1
2026/03/24 09:36:42 - mmengine - INFO - paramwise_options -- backbone.CRFuse.rgb_swin.stages.2.blocks.5.ffn.layers.1.weight:lr=1e-05
2026/03/24 09:36:42 - mmengine - INFO - paramwise_options -- backbone.CRFuse.rgb_swin.stages.2.blocks.5.ffn.layers.1.weight:weight_decay=0.0001
2026/03/24 09:36:42 - mmengine - INFO - paramwise_options -- backbone.CRFuse.rgb_swin.stages.2.blocks.5.ffn.layers.1.weight:lr_mult=0.1
2026/03/24 09:36:42 - mmengine - INFO - paramwise_options -- backbone.CRFuse.rgb_swin.stages.2.blocks.5.ffn.layers.1.bias:lr=1e-05
2026/03/24 09:36:42 - mmengine - INFO - paramwise_options -- backbone.CRFuse.rgb_swin.stages.2.blocks.5.ffn.layers.1.bias:weight_decay=0.0001
2026/03/24 09:36:42 - mmengine - INFO - paramwise_options -- backbone.CRFuse.rgb_swin.stages.2.blocks.5.ffn.layers.1.bias:lr_mult=0.1
2026/03/24 09:36:42 - mmengine - INFO - paramwise_options -- backbone.CRFuse.rgb_swin.stages.2.blocks.6.norm1.weight:lr=1e-05
2026/03/24 09:36:42 - mmengine - INFO - paramwise_options -- backbone.CRFuse.rgb_swin.stages.2.blocks.6.norm1.weight:weight_decay=0.0001
2026/03/24 09:36:42 - mmengine - INFO - paramwise_options -- backbone.CRFuse.rgb_swin.stages.2.blocks.6.norm1.weight:lr_mult=0.1
2026/03/24 09:36:42 - mmengine - INFO - paramwise_options -- backbone.CRFuse.rgb_swin.stages.2.blocks.6.norm1.bias:lr=1e-05
2026/03/24 09:36:42 - mmengine - INFO - paramwise_options -- backbone.CRFuse.rgb_swin.stages.2.blocks.6.norm1.bias:weight_decay=0.0001
2026/03/24 09:36:42 - mmengine - INFO - paramwise_options -- backbone.CRFuse.rgb_swin.stages.2.blocks.6.norm1.bias:lr_mult=0.1
2026/03/24 09:36:42 - mmengine - INFO - paramwise_options -- backbone.CRFuse.rgb_swin.stages.2.blocks.6.attn.w_msa.relative_position_bias_table:lr=1e-05
2026/03/24 09:36:42 - mmengine - INFO - paramwise_options -- backbone.CRFuse.rgb_swin.stages.2.blocks.6.attn.w_msa.relative_position_bias_table:weight_decay=0.0001
2026/03/24 09:36:42 - mmengine - INFO - paramwise_options -- backbone.CRFuse.rgb_swin.stages.2.blocks.6.attn.w_msa.relative_position_bias_table:lr_mult=0.1
2026/03/24 09:36:42 - mmengine - INFO - paramwise_options -- backbone.CRFuse.rgb_swin.stages.2.blocks.6.attn.w_msa.qkv.weight:lr=1e-05
2026/03/24 09:36:42 - mmengine - INFO - paramwise_options -- backbone.CRFuse.rgb_swin.stages.2.blocks.6.attn.w_msa.qkv.weight:weight_decay=0.0001
2026/03/24 09:36:42 - mmengine - INFO - paramwise_options -- backbone.CRFuse.rgb_swin.stages.2.blocks.6.attn.w_msa.qkv.weight:lr_mult=0.1
2026/03/24 09:36:42 - mmengine - INFO - paramwise_options -- backbone.CRFuse.rgb_swin.stages.2.blocks.6.attn.w_msa.qkv.bias:lr=1e-05
2026/03/24 09:36:42 - mmengine - INFO - paramwise_options -- backbone.CRFuse.rgb_swin.stages.2.blocks.6.attn.w_msa.qkv.bias:weight_decay=0.0001
2026/03/24 09:36:42 - mmengine - INFO - paramwise_options -- backbone.CRFuse.rgb_swin.stages.2.blocks.6.attn.w_msa.qkv.bias:lr_mult=0.1
2026/03/24 09:36:42 - mmengine - INFO - paramwise_options -- backbone.CRFuse.rgb_swin.stages.2.blocks.6.attn.w_msa.proj.weight:lr=1e-05
2026/03/24 09:36:42 - mmengine - INFO - paramwise_options -- backbone.CRFuse.rgb_swin.stages.2.blocks.6.attn.w_msa.proj.weight:weight_decay=0.0001
2026/03/24 09:36:42 - mmengine - INFO - paramwise_options -- backbone.CRFuse.rgb_swin.stages.2.blocks.6.attn.w_msa.proj.weight:lr_mult=0.1
2026/03/24 09:36:42 - mmengine - INFO - paramwise_options -- backbone.CRFuse.rgb_swin.stages.2.blocks.6.attn.w_msa.proj.bias:lr=1e-05
2026/03/24 09:36:42 - mmengine - INFO - paramwise_options -- backbone.CRFuse.rgb_swin.stages.2.blocks.6.attn.w_msa.proj.bias:weight_decay=0.0001
2026/03/24 09:36:42 - mmengine - INFO - paramwise_options -- backbone.CRFuse.rgb_swin.stages.2.blocks.6.attn.w_msa.proj.bias:lr_mult=0.1
2026/03/24 09:36:42 - mmengine - INFO - paramwise_options -- backbone.CRFuse.rgb_swin.stages.2.blocks.6.norm2.weight:lr=1e-05
2026/03/24 09:36:42 - mmengine - INFO - paramwise_options -- backbone.CRFuse.rgb_swin.stages.2.blocks.6.norm2.weight:weight_decay=0.0001
2026/03/24 09:36:42 - mmengine - INFO - paramwise_options -- backbone.CRFuse.rgb_swin.stages.2.blocks.6.norm2.weight:lr_mult=0.1
2026/03/24 09:36:42 - mmengine - INFO - paramwise_options -- backbone.CRFuse.rgb_swin.stages.2.blocks.6.norm2.bias:lr=1e-05
2026/03/24 09:36:42 - mmengine - INFO - paramwise_options -- backbone.CRFuse.rgb_swin.stages.2.blocks.6.norm2.bias:weight_decay=0.0001
2026/03/24 09:36:42 - mmengine - INFO - paramwise_options -- backbone.CRFuse.rgb_swin.stages.2.blocks.6.norm2.bias:lr_mult=0.1
2026/03/24 09:36:42 - mmengine - INFO - paramwise_options -- backbone.CRFuse.rgb_swin.stages.2.blocks.6.ffn.layers.0.0.weight:lr=1e-05
2026/03/24 09:36:42 - mmengine - INFO - paramwise_options -- backbone.CRFuse.rgb_swin.stages.2.blocks.6.ffn.layers.0.0.weight:weight_decay=0.0001
2026/03/24 09:36:42 - mmengine - INFO - paramwise_options -- backbone.CRFuse.rgb_swin.stages.2.blocks.6.ffn.layers.0.0.weight:lr_mult=0.1
2026/03/24 09:36:42 - mmengine - INFO - paramwise_options -- backbone.CRFuse.rgb_swin.stages.2.blocks.6.ffn.layers.0.0.bias:lr=1e-05
2026/03/24 09:36:42 - mmengine - INFO - paramwise_options -- backbone.CRFuse.rgb_swin.stages.2.blocks.6.ffn.layers.0.0.bias:weight_decay=0.0001
2026/03/24 09:36:42 - mmengine - INFO - paramwise_options -- backbone.CRFuse.rgb_swin.stages.2.blocks.6.ffn.layers.0.0.bias:lr_mult=0.1
2026/03/24 09:36:42 - mmengine - INFO - paramwise_options -- backbone.CRFuse.rgb_swin.stages.2.blocks.6.ffn.layers.1.weight:lr=1e-05
2026/03/24 09:36:42 - mmengine - INFO - paramwise_options -- backbone.CRFuse.rgb_swin.stages.2.blocks.6.ffn.layers.1.weight:weight_decay=0.0001
2026/03/24 09:36:42 - mmengine - INFO - paramwise_options -- backbone.CRFuse.rgb_swin.stages.2.blocks.6.ffn.layers.1.weight:lr_mult=0.1
2026/03/24 09:36:42 - mmengine - INFO - paramwise_options -- backbone.CRFuse.rgb_swin.stages.2.blocks.6.ffn.layers.1.bias:lr=1e-05
2026/03/24 09:36:42 - mmengine - INFO - paramwise_options -- backbone.CRFuse.rgb_swin.stages.2.blocks.6.ffn.layers.1.bias:weight_decay=0.0001
2026/03/24 09:36:42 - mmengine - INFO - paramwise_options -- backbone.CRFuse.rgb_swin.stages.2.blocks.6.ffn.layers.1.bias:lr_mult=0.1
2026/03/24 09:36:42 - mmengine - INFO - paramwise_options -- backbone.CRFuse.rgb_swin.stages.2.blocks.7.norm1.weight:lr=1e-05
2026/03/24 09:36:42 - mmengine - INFO - paramwise_options -- backbone.CRFuse.rgb_swin.stages.2.blocks.7.norm1.weight:weight_decay=0.0001
2026/03/24 09:36:42 - mmengine - INFO - paramwise_options -- backbone.CRFuse.rgb_swin.stages.2.blocks.7.norm1.weight:lr_mult=0.1
2026/03/24 09:36:42 - mmengine - INFO - paramwise_options -- backbone.CRFuse.rgb_swin.stages.2.blocks.7.norm1.bias:lr=1e-05
2026/03/24 09:36:42 - mmengine - INFO - paramwise_options -- backbone.CRFuse.rgb_swin.stages.2.blocks.7.norm1.bias:weight_decay=0.0001
2026/03/24 09:36:42 - mmengine - INFO - paramwise_options -- backbone.CRFuse.rgb_swin.stages.2.blocks.7.norm1.bias:lr_mult=0.1
2026/03/24 09:36:42 - mmengine - INFO - paramwise_options -- backbone.CRFuse.rgb_swin.stages.2.blocks.7.attn.w_msa.relative_position_bias_table:lr=1e-05
2026/03/24 09:36:42 - mmengine - INFO - paramwise_options -- backbone.CRFuse.rgb_swin.stages.2.blocks.7.attn.w_msa.relative_position_bias_table:weight_decay=0.0001
2026/03/24 09:36:42 - mmengine - INFO - paramwise_options -- backbone.CRFuse.rgb_swin.stages.2.blocks.7.attn.w_msa.relative_position_bias_table:lr_mult=0.1
2026/03/24 09:36:42 - mmengine - INFO - paramwise_options -- backbone.CRFuse.rgb_swin.stages.2.blocks.7.attn.w_msa.qkv.weight:lr=1e-05
2026/03/24 09:36:42 - mmengine - INFO - paramwise_options -- backbone.CRFuse.rgb_swin.stages.2.blocks.7.attn.w_msa.qkv.weight:weight_decay=0.0001
2026/03/24 09:36:42 - mmengine - INFO - paramwise_options -- backbone.CRFuse.rgb_swin.stages.2.blocks.7.attn.w_msa.qkv.weight:lr_mult=0.1
2026/03/24 09:36:42 - mmengine - INFO - paramwise_options -- backbone.CRFuse.rgb_swin.stages.2.blocks.7.attn.w_msa.qkv.bias:lr=1e-05
2026/03/24 09:36:42 - mmengine - INFO - paramwise_options -- backbone.CRFuse.rgb_swin.stages.2.blocks.7.attn.w_msa.qkv.bias:weight_decay=0.0001
2026/03/24 09:36:42 - mmengine - INFO - paramwise_options -- backbone.CRFuse.rgb_swin.stages.2.blocks.7.attn.w_msa.qkv.bias:lr_mult=0.1
2026/03/24 09:36:42 - mmengine - INFO - paramwise_options -- backbone.CRFuse.rgb_swin.stages.2.blocks.7.attn.w_msa.proj.weight:lr=1e-05
2026/03/24 09:36:42 - mmengine - INFO - paramwise_options -- backbone.CRFuse.rgb_swin.stages.2.blocks.7.attn.w_msa.proj.weight:weight_decay=0.0001
2026/03/24 09:36:42 - mmengine - INFO - paramwise_options -- backbone.CRFuse.rgb_swin.stages.2.blocks.7.attn.w_msa.proj.weight:lr_mult=0.1
2026/03/24 09:36:42 - mmengine - INFO - paramwise_options -- backbone.CRFuse.rgb_swin.stages.2.blocks.7.attn.w_msa.proj.bias:lr=1e-05
2026/03/24 09:36:42 - mmengine - INFO - paramwise_options -- backbone.CRFuse.rgb_swin.stages.2.blocks.7.attn.w_msa.proj.bias:weight_decay=0.0001
2026/03/24 09:36:42 - mmengine - INFO - paramwise_options -- backbone.CRFuse.rgb_swin.stages.2.blocks.7.attn.w_msa.proj.bias:lr_mult=0.1
2026/03/24 09:36:42 - mmengine - INFO - paramwise_options -- backbone.CRFuse.rgb_swin.stages.2.blocks.7.norm2.weight:lr=1e-05
2026/03/24 09:36:42 - mmengine - INFO - paramwise_options -- backbone.CRFuse.rgb_swin.stages.2.blocks.7.norm2.weight:weight_decay=0.0001
2026/03/24 09:36:42 - mmengine - INFO - paramwise_options -- backbone.CRFuse.rgb_swin.stages.2.blocks.7.norm2.weight:lr_mult=0.1
2026/03/24 09:36:42 - mmengine - INFO - paramwise_options -- backbone.CRFuse.rgb_swin.stages.2.blocks.7.norm2.bias:lr=1e-05
2026/03/24 09:36:42 - mmengine - INFO - paramwise_options -- backbone.CRFuse.rgb_swin.stages.2.blocks.7.norm2.bias:weight_decay=0.0001
2026/03/24 09:36:42 - mmengine - INFO - paramwise_options -- backbone.CRFuse.rgb_swin.stages.2.blocks.7.norm2.bias:lr_mult=0.1
2026/03/24 09:36:42 - mmengine - INFO - paramwise_options -- backbone.CRFuse.rgb_swin.stages.2.blocks.7.ffn.layers.0.0.weight:lr=1e-05
2026/03/24 09:36:42 - mmengine - INFO - paramwise_options -- backbone.CRFuse.rgb_swin.stages.2.blocks.7.ffn.layers.0.0.weight:weight_decay=0.0001
2026/03/24 09:36:42 - mmengine - INFO - paramwise_options -- backbone.CRFuse.rgb_swin.stages.2.blocks.7.ffn.layers.0.0.weight:lr_mult=0.1
2026/03/24 09:36:42 - mmengine - INFO - paramwise_options -- backbone.CRFuse.rgb_swin.stages.2.blocks.7.ffn.layers.0.0.bias:lr=1e-05
2026/03/24 09:36:42 - mmengine - INFO - paramwise_options -- backbone.CRFuse.rgb_swin.stages.2.blocks.7.ffn.layers.0.0.bias:weight_decay=0.0001
2026/03/24 09:36:42 - mmengine - INFO - paramwise_options -- backbone.CRFuse.rgb_swin.stages.2.blocks.7.ffn.layers.0.0.bias:lr_mult=0.1
2026/03/24 09:36:42 - mmengine - INFO - paramwise_options -- backbone.CRFuse.rgb_swin.stages.2.blocks.7.ffn.layers.1.weight:lr=1e-05
2026/03/24 09:36:42 - mmengine - INFO - paramwise_options -- backbone.CRFuse.rgb_swin.stages.2.blocks.7.ffn.layers.1.weight:weight_decay=0.0001
2026/03/24 09:36:42 - mmengine - INFO - paramwise_options -- backbone.CRFuse.rgb_swin.stages.2.blocks.7.ffn.layers.1.weight:lr_mult=0.1
2026/03/24 09:36:42 - mmengine - INFO - paramwise_options -- backbone.CRFuse.rgb_swin.stages.2.blocks.7.ffn.layers.1.bias:lr=1e-05
2026/03/24 09:36:42 - mmengine - INFO - paramwise_options -- backbone.CRFuse.rgb_swin.stages.2.blocks.7.ffn.layers.1.bias:weight_decay=0.0001
2026/03/24 09:36:42 - mmengine - INFO - paramwise_options -- backbone.CRFuse.rgb_swin.stages.2.blocks.7.ffn.layers.1.bias:lr_mult=0.1
2026/03/24 09:36:42 - mmengine - INFO - paramwise_options -- backbone.CRFuse.rgb_swin.stages.2.blocks.8.norm1.weight:lr=1e-05
2026/03/24 09:36:42 - mmengine - INFO - paramwise_options -- backbone.CRFuse.rgb_swin.stages.2.blocks.8.norm1.weight:weight_decay=0.0001
2026/03/24 09:36:42 - mmengine - INFO - paramwise_options -- backbone.CRFuse.rgb_swin.stages.2.blocks.8.norm1.weight:lr_mult=0.1
2026/03/24 09:36:42 - mmengine - INFO - paramwise_options -- backbone.CRFuse.rgb_swin.stages.2.blocks.8.norm1.bias:lr=1e-05
2026/03/24 09:36:42 - mmengine - INFO - paramwise_options -- backbone.CRFuse.rgb_swin.stages.2.blocks.8.norm1.bias:weight_decay=0.0001
2026/03/24 09:36:42 - mmengine - INFO - paramwise_options -- backbone.CRFuse.rgb_swin.stages.2.blocks.8.norm1.bias:lr_mult=0.1
2026/03/24 09:36:42 - mmengine - INFO - paramwise_options -- backbone.CRFuse.rgb_swin.stages.2.blocks.8.attn.w_msa.relative_position_bias_table:lr=1e-05
2026/03/24 09:36:42 - mmengine - INFO - paramwise_options -- backbone.CRFuse.rgb_swin.stages.2.blocks.8.attn.w_msa.relative_position_bias_table:weight_decay=0.0001
2026/03/24 09:36:42 - mmengine - INFO - paramwise_options -- backbone.CRFuse.rgb_swin.stages.2.blocks.8.attn.w_msa.relative_position_bias_table:lr_mult=0.1
2026/03/24 09:36:42 - mmengine - INFO - paramwise_options -- backbone.CRFuse.rgb_swin.stages.2.blocks.8.attn.w_msa.qkv.weight:lr=1e-05
2026/03/24 09:36:42 - mmengine - INFO - paramwise_options -- backbone.CRFuse.rgb_swin.stages.2.blocks.8.attn.w_msa.qkv.weight:weight_decay=0.0001
2026/03/24 09:36:42 - mmengine - INFO - paramwise_options -- backbone.CRFuse.rgb_swin.stages.2.blocks.8.attn.w_msa.qkv.weight:lr_mult=0.1
2026/03/24 09:36:42 - mmengine - INFO - paramwise_options -- backbone.CRFuse.rgb_swin.stages.2.blocks.8.attn.w_msa.qkv.bias:lr=1e-05
2026/03/24 09:36:42 - mmengine - INFO - paramwise_options -- backbone.CRFuse.rgb_swin.stages.2.blocks.8.attn.w_msa.qkv.bias:weight_decay=0.0001
2026/03/24 09:36:42 - mmengine - INFO - paramwise_options -- backbone.CRFuse.rgb_swin.stages.2.blocks.8.attn.w_msa.qkv.bias:lr_mult=0.1
2026/03/24 09:36:42 - mmengine - INFO - paramwise_options -- backbone.CRFuse.rgb_swin.stages.2.blocks.8.attn.w_msa.proj.weight:lr=1e-05
2026/03/24 09:36:42 - mmengine - INFO - paramwise_options -- backbone.CRFuse.rgb_swin.stages.2.blocks.8.attn.w_msa.proj.weight:weight_decay=0.0001
2026/03/24 09:36:42 - mmengine - INFO - paramwise_options -- backbone.CRFuse.rgb_swin.stages.2.blocks.8.attn.w_msa.proj.weight:lr_mult=0.1
2026/03/24 09:36:42 - mmengine - INFO - paramwise_options -- backbone.CRFuse.rgb_swin.stages.2.blocks.8.attn.w_msa.proj.bias:lr=1e-05
2026/03/24 09:36:42 - mmengine - INFO - paramwise_options -- backbone.CRFuse.rgb_swin.stages.2.blocks.8.attn.w_msa.proj.bias:weight_decay=0.0001
2026/03/24 09:36:42 - mmengine - INFO - paramwise_options -- backbone.CRFuse.rgb_swin.stages.2.blocks.8.attn.w_msa.proj.bias:lr_mult=0.1
2026/03/24 09:36:42 - mmengine - INFO - paramwise_options -- backbone.CRFuse.rgb_swin.stages.2.blocks.8.norm2.weight:lr=1e-05
2026/03/24 09:36:42 - mmengine - INFO - paramwise_options -- backbone.CRFuse.rgb_swin.stages.2.blocks.8.norm2.weight:weight_decay=0.0001
2026/03/24 09:36:42 - mmengine - INFO - paramwise_options -- backbone.CRFuse.rgb_swin.stages.2.blocks.8.norm2.weight:lr_mult=0.1
2026/03/24 09:36:42 - mmengine - INFO - paramwise_options -- backbone.CRFuse.rgb_swin.stages.2.blocks.8.norm2.bias:lr=1e-05
2026/03/24 09:36:42 - mmengine - INFO - paramwise_options -- backbone.CRFuse.rgb_swin.stages.2.blocks.8.norm2.bias:weight_decay=0.0001
2026/03/24 09:36:42 - mmengine - INFO - paramwise_options -- backbone.CRFuse.rgb_swin.stages.2.blocks.8.norm2.bias:lr_mult=0.1
2026/03/24 09:36:42 - mmengine - INFO - paramwise_options -- backbone.CRFuse.rgb_swin.stages.2.blocks.8.ffn.layers.0.0.weight:lr=1e-05
2026/03/24 09:36:42 - mmengine - INFO - paramwise_options -- backbone.CRFuse.rgb_swin.stages.2.blocks.8.ffn.layers.0.0.weight:weight_decay=0.0001
2026/03/24 09:36:42 - mmengine - INFO - paramwise_options -- backbone.CRFuse.rgb_swin.stages.2.blocks.8.ffn.layers.0.0.weight:lr_mult=0.1
2026/03/24 09:36:42 - mmengine - INFO - paramwise_options -- backbone.CRFuse.rgb_swin.stages.2.blocks.8.ffn.layers.0.0.bias:lr=1e-05
2026/03/24 09:36:42 - mmengine - INFO - paramwise_options -- backbone.CRFuse.rgb_swin.stages.2.blocks.8.ffn.layers.0.0.bias:weight_decay=0.0001
2026/03/24 09:36:42 - mmengine - INFO - paramwise_options -- backbone.CRFuse.rgb_swin.stages.2.blocks.8.ffn.layers.0.0.bias:lr_mult=0.1
2026/03/24 09:36:42 - mmengine - INFO - paramwise_options -- backbone.CRFuse.rgb_swin.stages.2.blocks.8.ffn.layers.1.weight:lr=1e-05
2026/03/24 09:36:42 - mmengine - INFO - paramwise_options -- backbone.CRFuse.rgb_swin.stages.2.blocks.8.ffn.layers.1.weight:weight_decay=0.0001
2026/03/24 09:36:42 - mmengine - INFO - paramwise_options -- backbone.CRFuse.rgb_swin.stages.2.blocks.8.ffn.layers.1.weight:lr_mult=0.1
2026/03/24 09:36:42 - mmengine - INFO - paramwise_options -- backbone.CRFuse.rgb_swin.stages.2.blocks.8.ffn.layers.1.bias:lr=1e-05
2026/03/24 09:36:42 - mmengine - INFO - paramwise_options -- backbone.CRFuse.rgb_swin.stages.2.blocks.8.ffn.layers.1.bias:weight_decay=0.0001
2026/03/24 09:36:42 - mmengine - INFO - paramwise_options -- backbone.CRFuse.rgb_swin.stages.2.blocks.8.ffn.layers.1.bias:lr_mult=0.1
2026/03/24 09:36:42 - mmengine - INFO - paramwise_options -- backbone.CRFuse.rgb_swin.stages.2.blocks.9.norm1.weight:lr=1e-05
2026/03/24 09:36:42 - mmengine - INFO - paramwise_options -- backbone.CRFuse.rgb_swin.stages.2.blocks.9.norm1.weight:weight_decay=0.0001
2026/03/24 09:36:42 - mmengine - INFO - paramwise_options -- backbone.CRFuse.rgb_swin.stages.2.blocks.9.norm1.weight:lr_mult=0.1
2026/03/24 09:36:42 - mmengine - INFO - paramwise_options -- backbone.CRFuse.rgb_swin.stages.2.blocks.9.norm1.bias:lr=1e-05
2026/03/24 09:36:42 - mmengine - INFO - paramwise_options -- backbone.CRFuse.rgb_swin.stages.2.blocks.9.norm1.bias:weight_decay=0.0001
2026/03/24 09:36:42 - mmengine - INFO - paramwise_options -- backbone.CRFuse.rgb_swin.stages.2.blocks.9.norm1.bias:lr_mult=0.1
2026/03/24 09:36:42 - mmengine - INFO - paramwise_options -- backbone.CRFuse.rgb_swin.stages.2.blocks.9.attn.w_msa.relative_position_bias_table:lr=1e-05
2026/03/24 09:36:42 - mmengine - INFO - paramwise_options -- backbone.CRFuse.rgb_swin.stages.2.blocks.9.attn.w_msa.relative_position_bias_table:weight_decay=0.0001
2026/03/24 09:36:42 - mmengine - INFO - paramwise_options -- backbone.CRFuse.rgb_swin.stages.2.blocks.9.attn.w_msa.relative_position_bias_table:lr_mult=0.1
2026/03/24 09:36:42 - mmengine - INFO - paramwise_options -- backbone.CRFuse.rgb_swin.stages.2.blocks.9.attn.w_msa.qkv.weight:lr=1e-05
2026/03/24 09:36:42 - mmengine - INFO - paramwise_options -- backbone.CRFuse.rgb_swin.stages.2.blocks.9.attn.w_msa.qkv.weight:weight_decay=0.0001
2026/03/24 09:36:42 - mmengine - INFO - paramwise_options -- backbone.CRFuse.rgb_swin.stages.2.blocks.9.attn.w_msa.qkv.weight:lr_mult=0.1
2026/03/24 09:36:42 - mmengine - INFO - paramwise_options -- backbone.CRFuse.rgb_swin.stages.2.blocks.9.attn.w_msa.qkv.bias:lr=1e-05
2026/03/24 09:36:42 - mmengine - INFO - paramwise_options -- backbone.CRFuse.rgb_swin.stages.2.blocks.9.attn.w_msa.qkv.bias:weight_decay=0.0001
2026/03/24 09:36:42 - mmengine - INFO - paramwise_options -- backbone.CRFuse.rgb_swin.stages.2.blocks.9.attn.w_msa.qkv.bias:lr_mult=0.1
2026/03/24 09:36:42 - mmengine - INFO - paramwise_options -- backbone.CRFuse.rgb_swin.stages.2.blocks.9.attn.w_msa.proj.weight:lr=1e-05
2026/03/24 09:36:42 - mmengine - INFO - paramwise_options -- backbone.CRFuse.rgb_swin.stages.2.blocks.9.attn.w_msa.proj.weight:weight_decay=0.0001
2026/03/24 09:36:42 - mmengine - INFO - paramwise_options -- backbone.CRFuse.rgb_swin.stages.2.blocks.9.attn.w_msa.proj.weight:lr_mult=0.1
2026/03/24 09:36:42 - mmengine - INFO - paramwise_options -- backbone.CRFuse.rgb_swin.stages.2.blocks.9.attn.w_msa.proj.bias:lr=1e-05
2026/03/24 09:36:42 - mmengine - INFO - paramwise_options -- backbone.CRFuse.rgb_swin.stages.2.blocks.9.attn.w_msa.proj.bias:weight_decay=0.0001
2026/03/24 09:36:42 - mmengine - INFO - paramwise_options -- backbone.CRFuse.rgb_swin.stages.2.blocks.9.attn.w_msa.proj.bias:lr_mult=0.1
2026/03/24 09:36:42 - mmengine - INFO - paramwise_options -- backbone.CRFuse.rgb_swin.stages.2.blocks.9.norm2.weight:lr=1e-05
2026/03/24 09:36:42 - mmengine - INFO - paramwise_options -- backbone.CRFuse.rgb_swin.stages.2.blocks.9.norm2.weight:weight_decay=0.0001
2026/03/24 09:36:42 - mmengine - INFO - paramwise_options -- backbone.CRFuse.rgb_swin.stages.2.blocks.9.norm2.weight:lr_mult=0.1
2026/03/24 09:36:42 - mmengine - INFO - paramwise_options -- backbone.CRFuse.rgb_swin.stages.2.blocks.9.norm2.bias:lr=1e-05
2026/03/24 09:36:42 - mmengine - INFO - paramwise_options -- backbone.CRFuse.rgb_swin.stages.2.blocks.9.norm2.bias:weight_decay=0.0001
2026/03/24 09:36:42 - mmengine - INFO - paramwise_options -- backbone.CRFuse.rgb_swin.stages.2.blocks.9.norm2.bias:lr_mult=0.1
2026/03/24 09:36:42 - mmengine - INFO - paramwise_options -- backbone.CRFuse.rgb_swin.stages.2.blocks.9.ffn.layers.0.0.weight:lr=1e-05
2026/03/24 09:36:42 - mmengine - INFO - paramwise_options -- backbone.CRFuse.rgb_swin.stages.2.blocks.9.ffn.layers.0.0.weight:weight_decay=0.0001
2026/03/24 09:36:42 - mmengine - INFO - paramwise_options -- backbone.CRFuse.rgb_swin.stages.2.blocks.9.ffn.layers.0.0.weight:lr_mult=0.1
2026/03/24 09:36:42 - mmengine - INFO - paramwise_options -- backbone.CRFuse.rgb_swin.stages.2.blocks.9.ffn.layers.0.0.bias:lr=1e-05
2026/03/24 09:36:42 - mmengine - INFO - paramwise_options -- backbone.CRFuse.rgb_swin.stages.2.blocks.9.ffn.layers.0.0.bias:weight_decay=0.0001
2026/03/24 09:36:42 - mmengine - INFO - paramwise_options -- backbone.CRFuse.rgb_swin.stages.2.blocks.9.ffn.layers.0.0.bias:lr_mult=0.1
2026/03/24 09:36:42 - mmengine - INFO - paramwise_options -- backbone.CRFuse.rgb_swin.stages.2.blocks.9.ffn.layers.1.weight:lr=1e-05
2026/03/24 09:36:42 - mmengine - INFO - paramwise_options -- backbone.CRFuse.rgb_swin.stages.2.blocks.9.ffn.layers.1.weight:weight_decay=0.0001
2026/03/24 09:36:42 - mmengine - INFO - paramwise_options -- backbone.CRFuse.rgb_swin.stages.2.blocks.9.ffn.layers.1.weight:lr_mult=0.1
2026/03/24 09:36:42 - mmengine - INFO - paramwise_options -- backbone.CRFuse.rgb_swin.stages.2.blocks.9.ffn.layers.1.bias:lr=1e-05
2026/03/24 09:36:42 - mmengine - INFO - paramwise_options -- backbone.CRFuse.rgb_swin.stages.2.blocks.9.ffn.layers.1.bias:weight_decay=0.0001
2026/03/24 09:36:42 - mmengine - INFO - paramwise_options -- backbone.CRFuse.rgb_swin.stages.2.blocks.9.ffn.layers.1.bias:lr_mult=0.1
2026/03/24 09:36:42 - mmengine - INFO - paramwise_options -- backbone.CRFuse.rgb_swin.stages.2.blocks.10.norm1.weight:lr=1e-05
2026/03/24 09:36:42 - mmengine - INFO - paramwise_options -- backbone.CRFuse.rgb_swin.stages.2.blocks.10.norm1.weight:weight_decay=0.0001
2026/03/24 09:36:42 - mmengine - INFO - paramwise_options -- backbone.CRFuse.rgb_swin.stages.2.blocks.10.norm1.weight:lr_mult=0.1
2026/03/24 09:36:42 - mmengine - INFO - paramwise_options -- backbone.CRFuse.rgb_swin.stages.2.blocks.10.norm1.bias:lr=1e-05
2026/03/24 09:36:42 - mmengine - INFO - paramwise_options -- backbone.CRFuse.rgb_swin.stages.2.blocks.10.norm1.bias:weight_decay=0.0001
2026/03/24 09:36:42 - mmengine - INFO - paramwise_options -- backbone.CRFuse.rgb_swin.stages.2.blocks.10.norm1.bias:lr_mult=0.1
2026/03/24 09:36:42 - mmengine - INFO - paramwise_options -- backbone.CRFuse.rgb_swin.stages.2.blocks.10.attn.w_msa.relative_position_bias_table:lr=1e-05
2026/03/24 09:36:42 - mmengine - INFO - paramwise_options -- backbone.CRFuse.rgb_swin.stages.2.blocks.10.attn.w_msa.relative_position_bias_table:weight_decay=0.0001
2026/03/24 09:36:42 - mmengine - INFO - paramwise_options -- backbone.CRFuse.rgb_swin.stages.2.blocks.10.attn.w_msa.relative_position_bias_table:lr_mult=0.1
2026/03/24 09:36:42 - mmengine - INFO - paramwise_options -- backbone.CRFuse.rgb_swin.stages.2.blocks.10.attn.w_msa.qkv.weight:lr=1e-05
2026/03/24 09:36:42 - mmengine - INFO - paramwise_options -- backbone.CRFuse.rgb_swin.stages.2.blocks.10.attn.w_msa.qkv.weight:weight_decay=0.0001
2026/03/24 09:36:42 - mmengine - INFO - paramwise_options -- backbone.CRFuse.rgb_swin.stages.2.blocks.10.attn.w_msa.qkv.weight:lr_mult=0.1
2026/03/24 09:36:42 - mmengine - INFO - paramwise_options -- backbone.CRFuse.rgb_swin.stages.2.blocks.10.attn.w_msa.qkv.bias:lr=1e-05
2026/03/24 09:36:42 - mmengine - INFO - paramwise_options -- backbone.CRFuse.rgb_swin.stages.2.blocks.10.attn.w_msa.qkv.bias:weight_decay=0.0001
2026/03/24 09:36:42 - mmengine - INFO - paramwise_options -- backbone.CRFuse.rgb_swin.stages.2.blocks.10.attn.w_msa.qkv.bias:lr_mult=0.1
2026/03/24 09:36:42 - mmengine - INFO - paramwise_options -- backbone.CRFuse.rgb_swin.stages.2.blocks.10.attn.w_msa.proj.weight:lr=1e-05
2026/03/24 09:36:42 - mmengine - INFO - paramwise_options -- backbone.CRFuse.rgb_swin.stages.2.blocks.10.attn.w_msa.proj.weight:weight_decay=0.0001
2026/03/24 09:36:42 - mmengine - INFO - paramwise_options -- backbone.CRFuse.rgb_swin.stages.2.blocks.10.attn.w_msa.proj.weight:lr_mult=0.1
2026/03/24 09:36:42 - mmengine - INFO - paramwise_options -- backbone.CRFuse.rgb_swin.stages.2.blocks.10.attn.w_msa.proj.bias:lr=1e-05
2026/03/24 09:36:42 - mmengine - INFO - paramwise_options -- backbone.CRFuse.rgb_swin.stages.2.blocks.10.attn.w_msa.proj.bias:weight_decay=0.0001
2026/03/24 09:36:42 - mmengine - INFO - paramwise_options -- backbone.CRFuse.rgb_swin.stages.2.blocks.10.attn.w_msa.proj.bias:lr_mult=0.1
2026/03/24 09:36:42 - mmengine - INFO - paramwise_options -- backbone.CRFuse.rgb_swin.stages.2.blocks.10.norm2.weight:lr=1e-05
2026/03/24 09:36:42 - mmengine - INFO - paramwise_options -- backbone.CRFuse.rgb_swin.stages.2.blocks.10.norm2.weight:weight_decay=0.0001
2026/03/24 09:36:42 - mmengine - INFO - paramwise_options -- backbone.CRFuse.rgb_swin.stages.2.blocks.10.norm2.weight:lr_mult=0.1
2026/03/24 09:36:42 - mmengine - INFO - paramwise_options -- backbone.CRFuse.rgb_swin.stages.2.blocks.10.norm2.bias:lr=1e-05
2026/03/24 09:36:42 - mmengine - INFO - paramwise_options -- backbone.CRFuse.rgb_swin.stages.2.blocks.10.norm2.bias:weight_decay=0.0001
2026/03/24 09:36:42 - mmengine - INFO - paramwise_options -- backbone.CRFuse.rgb_swin.stages.2.blocks.10.norm2.bias:lr_mult=0.1
2026/03/24 09:36:42 - mmengine - INFO - paramwise_options -- backbone.CRFuse.rgb_swin.stages.2.blocks.10.ffn.layers.0.0.weight:lr=1e-05
2026/03/24 09:36:42 - mmengine - INFO - paramwise_options -- backbone.CRFuse.rgb_swin.stages.2.blocks.10.ffn.layers.0.0.weight:weight_decay=0.0001
2026/03/24 09:36:42 - mmengine - INFO - paramwise_options -- backbone.CRFuse.rgb_swin.stages.2.blocks.10.ffn.layers.0.0.weight:lr_mult=0.1
2026/03/24 09:36:42 - mmengine - INFO - paramwise_options -- backbone.CRFuse.rgb_swin.stages.2.blocks.10.ffn.layers.0.0.bias:lr=1e-05
2026/03/24 09:36:42 - mmengine - INFO - paramwise_options -- backbone.CRFuse.rgb_swin.stages.2.blocks.10.ffn.layers.0.0.bias:weight_decay=0.0001
2026/03/24 09:36:42 - mmengine - INFO - paramwise_options -- backbone.CRFuse.rgb_swin.stages.2.blocks.10.ffn.layers.0.0.bias:lr_mult=0.1
2026/03/24 09:36:42 - mmengine - INFO - paramwise_options -- backbone.CRFuse.rgb_swin.stages.2.blocks.10.ffn.layers.1.weight:lr=1e-05
2026/03/24 09:36:42 - mmengine - INFO - paramwise_options -- backbone.CRFuse.rgb_swin.stages.2.blocks.10.ffn.layers.1.weight:weight_decay=0.0001
2026/03/24 09:36:42 - mmengine - INFO - paramwise_options -- backbone.CRFuse.rgb_swin.stages.2.blocks.10.ffn.layers.1.weight:lr_mult=0.1
2026/03/24 09:36:42 - mmengine - INFO - paramwise_options -- backbone.CRFuse.rgb_swin.stages.2.blocks.10.ffn.layers.1.bias:lr=1e-05
2026/03/24 09:36:42 - mmengine - INFO - paramwise_options -- backbone.CRFuse.rgb_swin.stages.2.blocks.10.ffn.layers.1.bias:weight_decay=0.0001
2026/03/24 09:36:42 - mmengine - INFO - paramwise_options -- backbone.CRFuse.rgb_swin.stages.2.blocks.10.ffn.layers.1.bias:lr_mult=0.1
2026/03/24 09:36:42 - mmengine - INFO - paramwise_options -- backbone.CRFuse.rgb_swin.stages.2.blocks.11.norm1.weight:lr=1e-05
2026/03/24 09:36:42 - mmengine - INFO - paramwise_options -- backbone.CRFuse.rgb_swin.stages.2.blocks.11.norm1.weight:weight_decay=0.0001
2026/03/24 09:36:42 - mmengine - INFO - paramwise_options -- backbone.CRFuse.rgb_swin.stages.2.blocks.11.norm1.weight:lr_mult=0.1
2026/03/24 09:36:42 - mmengine - INFO - paramwise_options -- backbone.CRFuse.rgb_swin.stages.2.blocks.11.norm1.bias:lr=1e-05
2026/03/24 09:36:42 - mmengine - INFO - paramwise_options -- backbone.CRFuse.rgb_swin.stages.2.blocks.11.norm1.bias:weight_decay=0.0001
2026/03/24 09:36:42 - mmengine - INFO - paramwise_options -- backbone.CRFuse.rgb_swin.stages.2.blocks.11.norm1.bias:lr_mult=0.1
2026/03/24 09:36:42 - mmengine - INFO - paramwise_options -- backbone.CRFuse.rgb_swin.stages.2.blocks.11.attn.w_msa.relative_position_bias_table:lr=1e-05
2026/03/24 09:36:42 - mmengine - INFO - paramwise_options -- backbone.CRFuse.rgb_swin.stages.2.blocks.11.attn.w_msa.relative_position_bias_table:weight_decay=0.0001
2026/03/24 09:36:42 - mmengine - INFO - paramwise_options -- backbone.CRFuse.rgb_swin.stages.2.blocks.11.attn.w_msa.relative_position_bias_table:lr_mult=0.1
2026/03/24 09:36:42 - mmengine - INFO - paramwise_options -- backbone.CRFuse.rgb_swin.stages.2.blocks.11.attn.w_msa.qkv.weight:lr=1e-05
2026/03/24 09:36:42 - mmengine - INFO - paramwise_options -- backbone.CRFuse.rgb_swin.stages.2.blocks.11.attn.w_msa.qkv.weight:weight_decay=0.0001
2026/03/24 09:36:42 - mmengine - INFO - paramwise_options -- backbone.CRFuse.rgb_swin.stages.2.blocks.11.attn.w_msa.qkv.weight:lr_mult=0.1
2026/03/24 09:36:42 - mmengine - INFO - paramwise_options -- backbone.CRFuse.rgb_swin.stages.2.blocks.11.attn.w_msa.qkv.bias:lr=1e-05
2026/03/24 09:36:42 - mmengine - INFO - paramwise_options -- backbone.CRFuse.rgb_swin.stages.2.blocks.11.attn.w_msa.qkv.bias:weight_decay=0.0001
2026/03/24 09:36:42 - mmengine - INFO - paramwise_options -- backbone.CRFuse.rgb_swin.stages.2.blocks.11.attn.w_msa.qkv.bias:lr_mult=0.1
2026/03/24 09:36:42 - mmengine - INFO - paramwise_options -- backbone.CRFuse.rgb_swin.stages.2.blocks.11.attn.w_msa.proj.weight:lr=1e-05
2026/03/24 09:36:42 - mmengine - INFO - paramwise_options -- backbone.CRFuse.rgb_swin.stages.2.blocks.11.attn.w_msa.proj.weight:weight_decay=0.0001
2026/03/24 09:36:42 - mmengine - INFO - paramwise_options -- backbone.CRFuse.rgb_swin.stages.2.blocks.11.attn.w_msa.proj.weight:lr_mult=0.1
2026/03/24 09:36:42 - mmengine - INFO - paramwise_options -- backbone.CRFuse.rgb_swin.stages.2.blocks.11.attn.w_msa.proj.bias:lr=1e-05
2026/03/24 09:36:42 - mmengine - INFO - paramwise_options -- backbone.CRFuse.rgb_swin.stages.2.blocks.11.attn.w_msa.proj.bias:weight_decay=0.0001
2026/03/24 09:36:42 - mmengine - INFO - paramwise_options -- backbone.CRFuse.rgb_swin.stages.2.blocks.11.attn.w_msa.proj.bias:lr_mult=0.1
2026/03/24 09:36:42 - mmengine - INFO - paramwise_options -- backbone.CRFuse.rgb_swin.stages.2.blocks.11.norm2.weight:lr=1e-05
2026/03/24 09:36:42 - mmengine - INFO - paramwise_options -- backbone.CRFuse.rgb_swin.stages.2.blocks.11.norm2.weight:weight_decay=0.0001
2026/03/24 09:36:42 - mmengine - INFO - paramwise_options -- backbone.CRFuse.rgb_swin.stages.2.blocks.11.norm2.weight:lr_mult=0.1
2026/03/24 09:36:42 - mmengine - INFO - paramwise_options -- backbone.CRFuse.rgb_swin.stages.2.blocks.11.norm2.bias:lr=1e-05
2026/03/24 09:36:42 - mmengine - INFO - paramwise_options -- backbone.CRFuse.rgb_swin.stages.2.blocks.11.norm2.bias:weight_decay=0.0001
2026/03/24 09:36:42 - mmengine - INFO - paramwise_options -- backbone.CRFuse.rgb_swin.stages.2.blocks.11.norm2.bias:lr_mult=0.1
2026/03/24 09:36:42 - mmengine - INFO - paramwise_options -- backbone.CRFuse.rgb_swin.stages.2.blocks.11.ffn.layers.0.0.weight:lr=1e-05
2026/03/24 09:36:42 - mmengine - INFO - paramwise_options -- backbone.CRFuse.rgb_swin.stages.2.blocks.11.ffn.layers.0.0.weight:weight_decay=0.0001
2026/03/24 09:36:42 - mmengine - INFO - paramwise_options -- backbone.CRFuse.rgb_swin.stages.2.blocks.11.ffn.layers.0.0.weight:lr_mult=0.1
2026/03/24 09:36:42 - mmengine - INFO - paramwise_options -- backbone.CRFuse.rgb_swin.stages.2.blocks.11.ffn.layers.0.0.bias:lr=1e-05
2026/03/24 09:36:42 - mmengine - INFO - paramwise_options -- backbone.CRFuse.rgb_swin.stages.2.blocks.11.ffn.layers.0.0.bias:weight_decay=0.0001
2026/03/24 09:36:42 - mmengine - INFO - paramwise_options -- backbone.CRFuse.rgb_swin.stages.2.blocks.11.ffn.layers.0.0.bias:lr_mult=0.1
2026/03/24 09:36:42 - mmengine - INFO - paramwise_options -- backbone.CRFuse.rgb_swin.stages.2.blocks.11.ffn.layers.1.weight:lr=1e-05
2026/03/24 09:36:42 - mmengine - INFO - paramwise_options -- backbone.CRFuse.rgb_swin.stages.2.blocks.11.ffn.layers.1.weight:weight_decay=0.0001
2026/03/24 09:36:42 - mmengine - INFO - paramwise_options -- backbone.CRFuse.rgb_swin.stages.2.blocks.11.ffn.layers.1.weight:lr_mult=0.1
2026/03/24 09:36:42 - mmengine - INFO - paramwise_options -- backbone.CRFuse.rgb_swin.stages.2.blocks.11.ffn.layers.1.bias:lr=1e-05
2026/03/24 09:36:42 - mmengine - INFO - paramwise_options -- backbone.CRFuse.rgb_swin.stages.2.blocks.11.ffn.layers.1.bias:weight_decay=0.0001
2026/03/24 09:36:42 - mmengine - INFO - paramwise_options -- backbone.CRFuse.rgb_swin.stages.2.blocks.11.ffn.layers.1.bias:lr_mult=0.1
2026/03/24 09:36:42 - mmengine - INFO - paramwise_options -- backbone.CRFuse.rgb_swin.stages.2.blocks.12.norm1.weight:lr=1e-05
2026/03/24 09:36:42 - mmengine - INFO - paramwise_options -- backbone.CRFuse.rgb_swin.stages.2.blocks.12.norm1.weight:weight_decay=0.0001
2026/03/24 09:36:42 - mmengine - INFO - paramwise_options -- backbone.CRFuse.rgb_swin.stages.2.blocks.12.norm1.weight:lr_mult=0.1
2026/03/24 09:36:42 - mmengine - INFO - paramwise_options -- backbone.CRFuse.rgb_swin.stages.2.blocks.12.norm1.bias:lr=1e-05
2026/03/24 09:36:42 - mmengine - INFO - paramwise_options -- backbone.CRFuse.rgb_swin.stages.2.blocks.12.norm1.bias:weight_decay=0.0001
2026/03/24 09:36:42 - mmengine - INFO - paramwise_options -- backbone.CRFuse.rgb_swin.stages.2.blocks.12.norm1.bias:lr_mult=0.1
2026/03/24 09:36:42 - mmengine - INFO - paramwise_options -- backbone.CRFuse.rgb_swin.stages.2.blocks.12.attn.w_msa.relative_position_bias_table:lr=1e-05
2026/03/24 09:36:42 - mmengine - INFO - paramwise_options -- backbone.CRFuse.rgb_swin.stages.2.blocks.12.attn.w_msa.relative_position_bias_table:weight_decay=0.0001
2026/03/24 09:36:42 - mmengine - INFO - paramwise_options -- backbone.CRFuse.rgb_swin.stages.2.blocks.12.attn.w_msa.relative_position_bias_table:lr_mult=0.1
2026/03/24 09:36:42 - mmengine - INFO - paramwise_options -- backbone.CRFuse.rgb_swin.stages.2.blocks.12.attn.w_msa.qkv.weight:lr=1e-05
2026/03/24 09:36:42 - mmengine - INFO - paramwise_options -- backbone.CRFuse.rgb_swin.stages.2.blocks.12.attn.w_msa.qkv.weight:weight_decay=0.0001
2026/03/24 09:36:42 - mmengine - INFO - paramwise_options -- backbone.CRFuse.rgb_swin.stages.2.blocks.12.attn.w_msa.qkv.weight:lr_mult=0.1
2026/03/24 09:36:42 - mmengine - INFO - paramwise_options -- backbone.CRFuse.rgb_swin.stages.2.blocks.12.attn.w_msa.qkv.bias:lr=1e-05
2026/03/24 09:36:42 - mmengine - INFO - paramwise_options -- backbone.CRFuse.rgb_swin.stages.2.blocks.12.attn.w_msa.qkv.bias:weight_decay=0.0001
2026/03/24 09:36:42 - mmengine - INFO - paramwise_options -- backbone.CRFuse.rgb_swin.stages.2.blocks.12.attn.w_msa.qkv.bias:lr_mult=0.1
2026/03/24 09:36:42 - mmengine - INFO - paramwise_options -- backbone.CRFuse.rgb_swin.stages.2.blocks.12.attn.w_msa.proj.weight:lr=1e-05
2026/03/24 09:36:42 - mmengine - INFO - paramwise_options -- backbone.CRFuse.rgb_swin.stages.2.blocks.12.attn.w_msa.proj.weight:weight_decay=0.0001
2026/03/24 09:36:42 - mmengine - INFO - paramwise_options -- backbone.CRFuse.rgb_swin.stages.2.blocks.12.attn.w_msa.proj.weight:lr_mult=0.1
2026/03/24 09:36:42 - mmengine - INFO - paramwise_options -- backbone.CRFuse.rgb_swin.stages.2.blocks.12.attn.w_msa.proj.bias:lr=1e-05
2026/03/24 09:36:42 - mmengine - INFO - paramwise_options -- backbone.CRFuse.rgb_swin.stages.2.blocks.12.attn.w_msa.proj.bias:weight_decay=0.0001
2026/03/24 09:36:42 - mmengine - INFO - paramwise_options -- backbone.CRFuse.rgb_swin.stages.2.blocks.12.attn.w_msa.proj.bias:lr_mult=0.1
2026/03/24 09:36:42 - mmengine - INFO - paramwise_options -- backbone.CRFuse.rgb_swin.stages.2.blocks.12.norm2.weight:lr=1e-05
2026/03/24 09:36:42 - mmengine - INFO - paramwise_options -- backbone.CRFuse.rgb_swin.stages.2.blocks.12.norm2.weight:weight_decay=0.0001
2026/03/24 09:36:42 - mmengine - INFO - paramwise_options -- backbone.CRFuse.rgb_swin.stages.2.blocks.12.norm2.weight:lr_mult=0.1
2026/03/24 09:36:42 - mmengine - INFO - paramwise_options -- backbone.CRFuse.rgb_swin.stages.2.blocks.12.norm2.bias:lr=1e-05
2026/03/24 09:36:42 - mmengine - INFO - paramwise_options -- backbone.CRFuse.rgb_swin.stages.2.blocks.12.norm2.bias:weight_decay=0.0001
2026/03/24 09:36:42 - mmengine - INFO - paramwise_options -- backbone.CRFuse.rgb_swin.stages.2.blocks.12.norm2.bias:lr_mult=0.1
2026/03/24 09:36:42 - mmengine - INFO - paramwise_options -- backbone.CRFuse.rgb_swin.stages.2.blocks.12.ffn.layers.0.0.weight:lr=1e-05
2026/03/24 09:36:42 - mmengine - INFO - paramwise_options -- backbone.CRFuse.rgb_swin.stages.2.blocks.12.ffn.layers.0.0.weight:weight_decay=0.0001
2026/03/24 09:36:42 - mmengine - INFO - paramwise_options -- backbone.CRFuse.rgb_swin.stages.2.blocks.12.ffn.layers.0.0.weight:lr_mult=0.1
2026/03/24 09:36:42 - mmengine - INFO - paramwise_options -- backbone.CRFuse.rgb_swin.stages.2.blocks.12.ffn.layers.0.0.bias:lr=1e-05
2026/03/24 09:36:42 - mmengine - INFO - paramwise_options -- backbone.CRFuse.rgb_swin.stages.2.blocks.12.ffn.layers.0.0.bias:weight_decay=0.0001
2026/03/24 09:36:42 - mmengine - INFO - paramwise_options -- backbone.CRFuse.rgb_swin.stages.2.blocks.12.ffn.layers.0.0.bias:lr_mult=0.1
2026/03/24 09:36:42 - mmengine - INFO - paramwise_options -- backbone.CRFuse.rgb_swin.stages.2.blocks.12.ffn.layers.1.weight:lr=1e-05
2026/03/24 09:36:42 - mmengine - INFO - paramwise_options -- backbone.CRFuse.rgb_swin.stages.2.blocks.12.ffn.layers.1.weight:weight_decay=0.0001
2026/03/24 09:36:42 - mmengine - INFO - paramwise_options -- backbone.CRFuse.rgb_swin.stages.2.blocks.12.ffn.layers.1.weight:lr_mult=0.1
2026/03/24 09:36:42 - mmengine - INFO - paramwise_options -- backbone.CRFuse.rgb_swin.stages.2.blocks.12.ffn.layers.1.bias:lr=1e-05
2026/03/24 09:36:42 - mmengine - INFO - paramwise_options -- backbone.CRFuse.rgb_swin.stages.2.blocks.12.ffn.layers.1.bias:weight_decay=0.0001
2026/03/24 09:36:42 - mmengine - INFO - paramwise_options -- backbone.CRFuse.rgb_swin.stages.2.blocks.12.ffn.layers.1.bias:lr_mult=0.1
2026/03/24 09:36:42 - mmengine - INFO - paramwise_options -- backbone.CRFuse.rgb_swin.stages.2.blocks.13.norm1.weight:lr=1e-05
2026/03/24 09:36:42 - mmengine - INFO - paramwise_options -- backbone.CRFuse.rgb_swin.stages.2.blocks.13.norm1.weight:weight_decay=0.0001
2026/03/24 09:36:42 - mmengine - INFO - paramwise_options -- backbone.CRFuse.rgb_swin.stages.2.blocks.13.norm1.weight:lr_mult=0.1
2026/03/24 09:36:42 - mmengine - INFO - paramwise_options -- backbone.CRFuse.rgb_swin.stages.2.blocks.13.norm1.bias:lr=1e-05
2026/03/24 09:36:42 - mmengine - INFO - paramwise_options -- backbone.CRFuse.rgb_swin.stages.2.blocks.13.norm1.bias:weight_decay=0.0001
2026/03/24 09:36:42 - mmengine - INFO - paramwise_options -- backbone.CRFuse.rgb_swin.stages.2.blocks.13.norm1.bias:lr_mult=0.1
2026/03/24 09:36:42 - mmengine - INFO - paramwise_options -- backbone.CRFuse.rgb_swin.stages.2.blocks.13.attn.w_msa.relative_position_bias_table:lr=1e-05
2026/03/24 09:36:42 - mmengine - INFO - paramwise_options -- backbone.CRFuse.rgb_swin.stages.2.blocks.13.attn.w_msa.relative_position_bias_table:weight_decay=0.0001
2026/03/24 09:36:42 - mmengine - INFO - paramwise_options -- backbone.CRFuse.rgb_swin.stages.2.blocks.13.attn.w_msa.relative_position_bias_table:lr_mult=0.1
2026/03/24 09:36:42 - mmengine - INFO - paramwise_options -- backbone.CRFuse.rgb_swin.stages.2.blocks.13.attn.w_msa.qkv.weight:lr=1e-05
2026/03/24 09:36:42 - mmengine - INFO - paramwise_options -- backbone.CRFuse.rgb_swin.stages.2.blocks.13.attn.w_msa.qkv.weight:weight_decay=0.0001
2026/03/24 09:36:42 - mmengine - INFO - paramwise_options -- backbone.CRFuse.rgb_swin.stages.2.blocks.13.attn.w_msa.qkv.weight:lr_mult=0.1
2026/03/24 09:36:42 - mmengine - INFO - paramwise_options -- backbone.CRFuse.rgb_swin.stages.2.blocks.13.attn.w_msa.qkv.bias:lr=1e-05
2026/03/24 09:36:42 - mmengine - INFO - paramwise_options -- backbone.CRFuse.rgb_swin.stages.2.blocks.13.attn.w_msa.qkv.bias:weight_decay=0.0001
2026/03/24 09:36:42 - mmengine - INFO - paramwise_options -- backbone.CRFuse.rgb_swin.stages.2.blocks.13.attn.w_msa.qkv.bias:lr_mult=0.1
2026/03/24 09:36:42 - mmengine - INFO - paramwise_options -- backbone.CRFuse.rgb_swin.stages.2.blocks.13.attn.w_msa.proj.weight:lr=1e-05
2026/03/24 09:36:42 - mmengine - INFO - paramwise_options -- backbone.CRFuse.rgb_swin.stages.2.blocks.13.attn.w_msa.proj.weight:weight_decay=0.0001
2026/03/24 09:36:42 - mmengine - INFO - paramwise_options -- backbone.CRFuse.rgb_swin.stages.2.blocks.13.attn.w_msa.proj.weight:lr_mult=0.1
2026/03/24 09:36:42 - mmengine - INFO - paramwise_options -- backbone.CRFuse.rgb_swin.stages.2.blocks.13.attn.w_msa.proj.bias:lr=1e-05
2026/03/24 09:36:42 - mmengine - INFO - paramwise_options -- backbone.CRFuse.rgb_swin.stages.2.blocks.13.attn.w_msa.proj.bias:weight_decay=0.0001
2026/03/24 09:36:42 - mmengine - INFO - paramwise_options -- backbone.CRFuse.rgb_swin.stages.2.blocks.13.attn.w_msa.proj.bias:lr_mult=0.1
2026/03/24 09:36:42 - mmengine - INFO - paramwise_options -- backbone.CRFuse.rgb_swin.stages.2.blocks.13.norm2.weight:lr=1e-05
2026/03/24 09:36:42 - mmengine - INFO - paramwise_options -- backbone.CRFuse.rgb_swin.stages.2.blocks.13.norm2.weight:weight_decay=0.0001
2026/03/24 09:36:42 - mmengine - INFO - paramwise_options -- backbone.CRFuse.rgb_swin.stages.2.blocks.13.norm2.weight:lr_mult=0.1
2026/03/24 09:36:42 - mmengine - INFO - paramwise_options -- backbone.CRFuse.rgb_swin.stages.2.blocks.13.norm2.bias:lr=1e-05
2026/03/24 09:36:42 - mmengine - INFO - paramwise_options -- backbone.CRFuse.rgb_swin.stages.2.blocks.13.norm2.bias:weight_decay=0.0001
2026/03/24 09:36:42 - mmengine - INFO - paramwise_options -- backbone.CRFuse.rgb_swin.stages.2.blocks.13.norm2.bias:lr_mult=0.1
2026/03/24 09:36:42 - mmengine - INFO - paramwise_options -- backbone.CRFuse.rgb_swin.stages.2.blocks.13.ffn.layers.0.0.weight:lr=1e-05
2026/03/24 09:36:42 - mmengine - INFO - paramwise_options -- backbone.CRFuse.rgb_swin.stages.2.blocks.13.ffn.layers.0.0.weight:weight_decay=0.0001
2026/03/24 09:36:42 - mmengine - INFO - paramwise_options -- backbone.CRFuse.rgb_swin.stages.2.blocks.13.ffn.layers.0.0.weight:lr_mult=0.1
2026/03/24 09:36:42 - mmengine - INFO - paramwise_options -- backbone.CRFuse.rgb_swin.stages.2.blocks.13.ffn.layers.0.0.bias:lr=1e-05
2026/03/24 09:36:42 - mmengine - INFO - paramwise_options -- backbone.CRFuse.rgb_swin.stages.2.blocks.13.ffn.layers.0.0.bias:weight_decay=0.0001
2026/03/24 09:36:42 - mmengine - INFO - paramwise_options -- backbone.CRFuse.rgb_swin.stages.2.blocks.13.ffn.layers.0.0.bias:lr_mult=0.1
2026/03/24 09:36:42 - mmengine - INFO - paramwise_options -- backbone.CRFuse.rgb_swin.stages.2.blocks.13.ffn.layers.1.weight:lr=1e-05
2026/03/24 09:36:42 - mmengine - INFO - paramwise_options -- backbone.CRFuse.rgb_swin.stages.2.blocks.13.ffn.layers.1.weight:weight_decay=0.0001
2026/03/24 09:36:42 - mmengine - INFO - paramwise_options -- backbone.CRFuse.rgb_swin.stages.2.blocks.13.ffn.layers.1.weight:lr_mult=0.1
2026/03/24 09:36:42 - mmengine - INFO - paramwise_options -- backbone.CRFuse.rgb_swin.stages.2.blocks.13.ffn.layers.1.bias:lr=1e-05
2026/03/24 09:36:42 - mmengine - INFO - paramwise_options -- backbone.CRFuse.rgb_swin.stages.2.blocks.13.ffn.layers.1.bias:weight_decay=0.0001
2026/03/24 09:36:42 - mmengine - INFO - paramwise_options -- backbone.CRFuse.rgb_swin.stages.2.blocks.13.ffn.layers.1.bias:lr_mult=0.1
2026/03/24 09:36:42 - mmengine - INFO - paramwise_options -- backbone.CRFuse.rgb_swin.stages.2.blocks.14.norm1.weight:lr=1e-05
2026/03/24 09:36:42 - mmengine - INFO - paramwise_options -- backbone.CRFuse.rgb_swin.stages.2.blocks.14.norm1.weight:weight_decay=0.0001
2026/03/24 09:36:42 - mmengine - INFO - paramwise_options -- backbone.CRFuse.rgb_swin.stages.2.blocks.14.norm1.weight:lr_mult=0.1
2026/03/24 09:36:42 - mmengine - INFO - paramwise_options -- backbone.CRFuse.rgb_swin.stages.2.blocks.14.norm1.bias:lr=1e-05
2026/03/24 09:36:42 - mmengine - INFO - paramwise_options -- backbone.CRFuse.rgb_swin.stages.2.blocks.14.norm1.bias:weight_decay=0.0001
2026/03/24 09:36:42 - mmengine - INFO - paramwise_options -- backbone.CRFuse.rgb_swin.stages.2.blocks.14.norm1.bias:lr_mult=0.1
2026/03/24 09:36:42 - mmengine - INFO - paramwise_options -- backbone.CRFuse.rgb_swin.stages.2.blocks.14.attn.w_msa.relative_position_bias_table:lr=1e-05
2026/03/24 09:36:42 - mmengine - INFO - paramwise_options -- backbone.CRFuse.rgb_swin.stages.2.blocks.14.attn.w_msa.relative_position_bias_table:weight_decay=0.0001
2026/03/24 09:36:42 - mmengine - INFO - paramwise_options -- backbone.CRFuse.rgb_swin.stages.2.blocks.14.attn.w_msa.relative_position_bias_table:lr_mult=0.1
2026/03/24 09:36:42 - mmengine - INFO - paramwise_options -- backbone.CRFuse.rgb_swin.stages.2.blocks.14.attn.w_msa.qkv.weight:lr=1e-05
2026/03/24 09:36:42 - mmengine - INFO - paramwise_options -- backbone.CRFuse.rgb_swin.stages.2.blocks.14.attn.w_msa.qkv.weight:weight_decay=0.0001
2026/03/24 09:36:42 - mmengine - INFO - paramwise_options -- backbone.CRFuse.rgb_swin.stages.2.blocks.14.attn.w_msa.qkv.weight:lr_mult=0.1
2026/03/24 09:36:42 - mmengine - INFO - paramwise_options -- backbone.CRFuse.rgb_swin.stages.2.blocks.14.attn.w_msa.qkv.bias:lr=1e-05
2026/03/24 09:36:42 - mmengine - INFO - paramwise_options -- backbone.CRFuse.rgb_swin.stages.2.blocks.14.attn.w_msa.qkv.bias:weight_decay=0.0001
2026/03/24 09:36:42 - mmengine - INFO - paramwise_options -- backbone.CRFuse.rgb_swin.stages.2.blocks.14.attn.w_msa.qkv.bias:lr_mult=0.1
2026/03/24 09:36:42 - mmengine - INFO - paramwise_options -- backbone.CRFuse.rgb_swin.stages.2.blocks.14.attn.w_msa.proj.weight:lr=1e-05
2026/03/24 09:36:42 - mmengine - INFO - paramwise_options -- backbone.CRFuse.rgb_swin.stages.2.blocks.14.attn.w_msa.proj.weight:weight_decay=0.0001
2026/03/24 09:36:42 - mmengine - INFO - paramwise_options -- backbone.CRFuse.rgb_swin.stages.2.blocks.14.attn.w_msa.proj.weight:lr_mult=0.1
2026/03/24 09:36:42 - mmengine - INFO - paramwise_options -- backbone.CRFuse.rgb_swin.stages.2.blocks.14.attn.w_msa.proj.bias:lr=1e-05
2026/03/24 09:36:42 - mmengine - INFO - paramwise_options -- backbone.CRFuse.rgb_swin.stages.2.blocks.14.attn.w_msa.proj.bias:weight_decay=0.0001
2026/03/24 09:36:42 - mmengine - INFO - paramwise_options -- backbone.CRFuse.rgb_swin.stages.2.blocks.14.attn.w_msa.proj.bias:lr_mult=0.1
2026/03/24 09:36:42 - mmengine - INFO - paramwise_options -- backbone.CRFuse.rgb_swin.stages.2.blocks.14.norm2.weight:lr=1e-05
2026/03/24 09:36:42 - mmengine - INFO - paramwise_options -- backbone.CRFuse.rgb_swin.stages.2.blocks.14.norm2.weight:weight_decay=0.0001
2026/03/24 09:36:42 - mmengine - INFO - paramwise_options -- backbone.CRFuse.rgb_swin.stages.2.blocks.14.norm2.weight:lr_mult=0.1
2026/03/24 09:36:42 - mmengine - INFO - paramwise_options -- backbone.CRFuse.rgb_swin.stages.2.blocks.14.norm2.bias:lr=1e-05
2026/03/24 09:36:42 - mmengine - INFO - paramwise_options -- backbone.CRFuse.rgb_swin.stages.2.blocks.14.norm2.bias:weight_decay=0.0001
2026/03/24 09:36:42 - mmengine - INFO - paramwise_options -- backbone.CRFuse.rgb_swin.stages.2.blocks.14.norm2.bias:lr_mult=0.1
2026/03/24 09:36:42 - mmengine - INFO - paramwise_options -- backbone.CRFuse.rgb_swin.stages.2.blocks.14.ffn.layers.0.0.weight:lr=1e-05
2026/03/24 09:36:42 - mmengine - INFO - paramwise_options -- backbone.CRFuse.rgb_swin.stages.2.blocks.14.ffn.layers.0.0.weight:weight_decay=0.0001
2026/03/24 09:36:42 - mmengine - INFO - paramwise_options -- backbone.CRFuse.rgb_swin.stages.2.blocks.14.ffn.layers.0.0.weight:lr_mult=0.1
2026/03/24 09:36:42 - mmengine - INFO - paramwise_options -- backbone.CRFuse.rgb_swin.stages.2.blocks.14.ffn.layers.0.0.bias:lr=1e-05
2026/03/24 09:36:42 - mmengine - INFO - paramwise_options -- backbone.CRFuse.rgb_swin.stages.2.blocks.14.ffn.layers.0.0.bias:weight_decay=0.0001
2026/03/24 09:36:42 - mmengine - INFO - paramwise_options -- backbone.CRFuse.rgb_swin.stages.2.blocks.14.ffn.layers.0.0.bias:lr_mult=0.1
2026/03/24 09:36:42 - mmengine - INFO - paramwise_options -- backbone.CRFuse.rgb_swin.stages.2.blocks.14.ffn.layers.1.weight:lr=1e-05
2026/03/24 09:36:42 - mmengine - INFO - paramwise_options -- backbone.CRFuse.rgb_swin.stages.2.blocks.14.ffn.layers.1.weight:weight_decay=0.0001
2026/03/24 09:36:42 - mmengine - INFO - paramwise_options -- backbone.CRFuse.rgb_swin.stages.2.blocks.14.ffn.layers.1.weight:lr_mult=0.1
2026/03/24 09:36:42 - mmengine - INFO - paramwise_options -- backbone.CRFuse.rgb_swin.stages.2.blocks.14.ffn.layers.1.bias:lr=1e-05
2026/03/24 09:36:42 - mmengine - INFO - paramwise_options -- backbone.CRFuse.rgb_swin.stages.2.blocks.14.ffn.layers.1.bias:weight_decay=0.0001
2026/03/24 09:36:42 - mmengine - INFO - paramwise_options -- backbone.CRFuse.rgb_swin.stages.2.blocks.14.ffn.layers.1.bias:lr_mult=0.1
2026/03/24 09:36:42 - mmengine - INFO - paramwise_options -- backbone.CRFuse.rgb_swin.stages.2.blocks.15.norm1.weight:lr=1e-05
2026/03/24 09:36:42 - mmengine - INFO - paramwise_options -- backbone.CRFuse.rgb_swin.stages.2.blocks.15.norm1.weight:weight_decay=0.0001
2026/03/24 09:36:42 - mmengine - INFO - paramwise_options -- backbone.CRFuse.rgb_swin.stages.2.blocks.15.norm1.weight:lr_mult=0.1
2026/03/24 09:36:42 - mmengine - INFO - paramwise_options -- backbone.CRFuse.rgb_swin.stages.2.blocks.15.norm1.bias:lr=1e-05
2026/03/24 09:36:42 - mmengine - INFO - paramwise_options -- backbone.CRFuse.rgb_swin.stages.2.blocks.15.norm1.bias:weight_decay=0.0001
2026/03/24 09:36:42 - mmengine - INFO - paramwise_options -- backbone.CRFuse.rgb_swin.stages.2.blocks.15.norm1.bias:lr_mult=0.1
2026/03/24 09:36:42 - mmengine - INFO - paramwise_options -- backbone.CRFuse.rgb_swin.stages.2.blocks.15.attn.w_msa.relative_position_bias_table:lr=1e-05
2026/03/24 09:36:42 - mmengine - INFO - paramwise_options -- backbone.CRFuse.rgb_swin.stages.2.blocks.15.attn.w_msa.relative_position_bias_table:weight_decay=0.0001
2026/03/24 09:36:42 - mmengine - INFO - paramwise_options -- backbone.CRFuse.rgb_swin.stages.2.blocks.15.attn.w_msa.relative_position_bias_table:lr_mult=0.1
2026/03/24 09:36:42 - mmengine - INFO - paramwise_options -- backbone.CRFuse.rgb_swin.stages.2.blocks.15.attn.w_msa.qkv.weight:lr=1e-05
2026/03/24 09:36:42 - mmengine - INFO - paramwise_options -- backbone.CRFuse.rgb_swin.stages.2.blocks.15.attn.w_msa.qkv.weight:weight_decay=0.0001
2026/03/24 09:36:42 - mmengine - INFO - paramwise_options -- backbone.CRFuse.rgb_swin.stages.2.blocks.15.attn.w_msa.qkv.weight:lr_mult=0.1
2026/03/24 09:36:42 - mmengine - INFO - paramwise_options -- backbone.CRFuse.rgb_swin.stages.2.blocks.15.attn.w_msa.qkv.bias:lr=1e-05
2026/03/24 09:36:42 - mmengine - INFO - paramwise_options -- backbone.CRFuse.rgb_swin.stages.2.blocks.15.attn.w_msa.qkv.bias:weight_decay=0.0001
2026/03/24 09:36:42 - mmengine - INFO - paramwise_options -- backbone.CRFuse.rgb_swin.stages.2.blocks.15.attn.w_msa.qkv.bias:lr_mult=0.1
2026/03/24 09:36:42 - mmengine - INFO - paramwise_options -- backbone.CRFuse.rgb_swin.stages.2.blocks.15.attn.w_msa.proj.weight:lr=1e-05
2026/03/24 09:36:42 - mmengine - INFO - paramwise_options -- backbone.CRFuse.rgb_swin.stages.2.blocks.15.attn.w_msa.proj.weight:weight_decay=0.0001
2026/03/24 09:36:42 - mmengine - INFO - paramwise_options -- backbone.CRFuse.rgb_swin.stages.2.blocks.15.attn.w_msa.proj.weight:lr_mult=0.1
2026/03/24 09:36:42 - mmengine - INFO - paramwise_options -- backbone.CRFuse.rgb_swin.stages.2.blocks.15.attn.w_msa.proj.bias:lr=1e-05
2026/03/24 09:36:42 - mmengine - INFO - paramwise_options -- backbone.CRFuse.rgb_swin.stages.2.blocks.15.attn.w_msa.proj.bias:weight_decay=0.0001
2026/03/24 09:36:42 - mmengine - INFO - paramwise_options -- backbone.CRFuse.rgb_swin.stages.2.blocks.15.attn.w_msa.proj.bias:lr_mult=0.1
2026/03/24 09:36:42 - mmengine - INFO - paramwise_options -- backbone.CRFuse.rgb_swin.stages.2.blocks.15.norm2.weight:lr=1e-05
2026/03/24 09:36:42 - mmengine - INFO - paramwise_options -- backbone.CRFuse.rgb_swin.stages.2.blocks.15.norm2.weight:weight_decay=0.0001
2026/03/24 09:36:42 - mmengine - INFO - paramwise_options -- backbone.CRFuse.rgb_swin.stages.2.blocks.15.norm2.weight:lr_mult=0.1
2026/03/24 09:36:42 - mmengine - INFO - paramwise_options -- backbone.CRFuse.rgb_swin.stages.2.blocks.15.norm2.bias:lr=1e-05
2026/03/24 09:36:42 - mmengine - INFO - paramwise_options -- backbone.CRFuse.rgb_swin.stages.2.blocks.15.norm2.bias:weight_decay=0.0001
2026/03/24 09:36:42 - mmengine - INFO - paramwise_options -- backbone.CRFuse.rgb_swin.stages.2.blocks.15.norm2.bias:lr_mult=0.1
2026/03/24 09:36:42 - mmengine - INFO - paramwise_options -- backbone.CRFuse.rgb_swin.stages.2.blocks.15.ffn.layers.0.0.weight:lr=1e-05
2026/03/24 09:36:42 - mmengine - INFO - paramwise_options -- backbone.CRFuse.rgb_swin.stages.2.blocks.15.ffn.layers.0.0.weight:weight_decay=0.0001
2026/03/24 09:36:42 - mmengine - INFO - paramwise_options -- backbone.CRFuse.rgb_swin.stages.2.blocks.15.ffn.layers.0.0.weight:lr_mult=0.1
2026/03/24 09:36:42 - mmengine - INFO - paramwise_options -- backbone.CRFuse.rgb_swin.stages.2.blocks.15.ffn.layers.0.0.bias:lr=1e-05
2026/03/24 09:36:42 - mmengine - INFO - paramwise_options -- backbone.CRFuse.rgb_swin.stages.2.blocks.15.ffn.layers.0.0.bias:weight_decay=0.0001
2026/03/24 09:36:42 - mmengine - INFO - paramwise_options -- backbone.CRFuse.rgb_swin.stages.2.blocks.15.ffn.layers.0.0.bias:lr_mult=0.1
2026/03/24 09:36:42 - mmengine - INFO - paramwise_options -- backbone.CRFuse.rgb_swin.stages.2.blocks.15.ffn.layers.1.weight:lr=1e-05
2026/03/24 09:36:42 - mmengine - INFO - paramwise_options -- backbone.CRFuse.rgb_swin.stages.2.blocks.15.ffn.layers.1.weight:weight_decay=0.0001
2026/03/24 09:36:42 - mmengine - INFO - paramwise_options -- backbone.CRFuse.rgb_swin.stages.2.blocks.15.ffn.layers.1.weight:lr_mult=0.1
2026/03/24 09:36:42 - mmengine - INFO - paramwise_options -- backbone.CRFuse.rgb_swin.stages.2.blocks.15.ffn.layers.1.bias:lr=1e-05
2026/03/24 09:36:42 - mmengine - INFO - paramwise_options -- backbone.CRFuse.rgb_swin.stages.2.blocks.15.ffn.layers.1.bias:weight_decay=0.0001
2026/03/24 09:36:42 - mmengine - INFO - paramwise_options -- backbone.CRFuse.rgb_swin.stages.2.blocks.15.ffn.layers.1.bias:lr_mult=0.1
2026/03/24 09:36:42 - mmengine - INFO - paramwise_options -- backbone.CRFuse.rgb_swin.stages.2.blocks.16.norm1.weight:lr=1e-05
2026/03/24 09:36:42 - mmengine - INFO - paramwise_options -- backbone.CRFuse.rgb_swin.stages.2.blocks.16.norm1.weight:weight_decay=0.0001
2026/03/24 09:36:42 - mmengine - INFO - paramwise_options -- backbone.CRFuse.rgb_swin.stages.2.blocks.16.norm1.weight:lr_mult=0.1
2026/03/24 09:36:42 - mmengine - INFO - paramwise_options -- backbone.CRFuse.rgb_swin.stages.2.blocks.16.norm1.bias:lr=1e-05
2026/03/24 09:36:42 - mmengine - INFO - paramwise_options -- backbone.CRFuse.rgb_swin.stages.2.blocks.16.norm1.bias:weight_decay=0.0001
2026/03/24 09:36:42 - mmengine - INFO - paramwise_options -- backbone.CRFuse.rgb_swin.stages.2.blocks.16.norm1.bias:lr_mult=0.1
2026/03/24 09:36:42 - mmengine - INFO - paramwise_options -- backbone.CRFuse.rgb_swin.stages.2.blocks.16.attn.w_msa.relative_position_bias_table:lr=1e-05
2026/03/24 09:36:42 - mmengine - INFO - paramwise_options -- backbone.CRFuse.rgb_swin.stages.2.blocks.16.attn.w_msa.relative_position_bias_table:weight_decay=0.0001
2026/03/24 09:36:42 - mmengine - INFO - paramwise_options -- backbone.CRFuse.rgb_swin.stages.2.blocks.16.attn.w_msa.relative_position_bias_table:lr_mult=0.1
2026/03/24 09:36:42 - mmengine - INFO - paramwise_options -- backbone.CRFuse.rgb_swin.stages.2.blocks.16.attn.w_msa.qkv.weight:lr=1e-05
2026/03/24 09:36:42 - mmengine - INFO - paramwise_options -- backbone.CRFuse.rgb_swin.stages.2.blocks.16.attn.w_msa.qkv.weight:weight_decay=0.0001
2026/03/24 09:36:42 - mmengine - INFO - paramwise_options -- backbone.CRFuse.rgb_swin.stages.2.blocks.16.attn.w_msa.qkv.weight:lr_mult=0.1
2026/03/24 09:36:42 - mmengine - INFO - paramwise_options -- backbone.CRFuse.rgb_swin.stages.2.blocks.16.attn.w_msa.qkv.bias:lr=1e-05
2026/03/24 09:36:42 - mmengine - INFO - paramwise_options -- backbone.CRFuse.rgb_swin.stages.2.blocks.16.attn.w_msa.qkv.bias:weight_decay=0.0001
2026/03/24 09:36:42 - mmengine - INFO - paramwise_options -- backbone.CRFuse.rgb_swin.stages.2.blocks.16.attn.w_msa.qkv.bias:lr_mult=0.1
2026/03/24 09:36:42 - mmengine - INFO - paramwise_options -- backbone.CRFuse.rgb_swin.stages.2.blocks.16.attn.w_msa.proj.weight:lr=1e-05
2026/03/24 09:36:42 - mmengine - INFO - paramwise_options -- backbone.CRFuse.rgb_swin.stages.2.blocks.16.attn.w_msa.proj.weight:weight_decay=0.0001
2026/03/24 09:36:42 - mmengine - INFO - paramwise_options -- backbone.CRFuse.rgb_swin.stages.2.blocks.16.attn.w_msa.proj.weight:lr_mult=0.1
2026/03/24 09:36:42 - mmengine - INFO - paramwise_options -- backbone.CRFuse.rgb_swin.stages.2.blocks.16.attn.w_msa.proj.bias:lr=1e-05
2026/03/24 09:36:42 - mmengine - INFO - paramwise_options -- backbone.CRFuse.rgb_swin.stages.2.blocks.16.attn.w_msa.proj.bias:weight_decay=0.0001
2026/03/24 09:36:42 - mmengine - INFO - paramwise_options -- backbone.CRFuse.rgb_swin.stages.2.blocks.16.attn.w_msa.proj.bias:lr_mult=0.1
2026/03/24 09:36:42 - mmengine - INFO - paramwise_options -- backbone.CRFuse.rgb_swin.stages.2.blocks.16.norm2.weight:lr=1e-05
2026/03/24 09:36:42 - mmengine - INFO - paramwise_options -- backbone.CRFuse.rgb_swin.stages.2.blocks.16.norm2.weight:weight_decay=0.0001
2026/03/24 09:36:42 - mmengine - INFO - paramwise_options -- backbone.CRFuse.rgb_swin.stages.2.blocks.16.norm2.weight:lr_mult=0.1
2026/03/24 09:36:42 - mmengine - INFO - paramwise_options -- backbone.CRFuse.rgb_swin.stages.2.blocks.16.norm2.bias:lr=1e-05
2026/03/24 09:36:42 - mmengine - INFO - paramwise_options -- backbone.CRFuse.rgb_swin.stages.2.blocks.16.norm2.bias:weight_decay=0.0001
2026/03/24 09:36:42 - mmengine - INFO - paramwise_options -- backbone.CRFuse.rgb_swin.stages.2.blocks.16.norm2.bias:lr_mult=0.1
2026/03/24 09:36:42 - mmengine - INFO - paramwise_options -- backbone.CRFuse.rgb_swin.stages.2.blocks.16.ffn.layers.0.0.weight:lr=1e-05
2026/03/24 09:36:42 - mmengine - INFO - paramwise_options -- backbone.CRFuse.rgb_swin.stages.2.blocks.16.ffn.layers.0.0.weight:weight_decay=0.0001
2026/03/24 09:36:42 - mmengine - INFO - paramwise_options -- backbone.CRFuse.rgb_swin.stages.2.blocks.16.ffn.layers.0.0.weight:lr_mult=0.1
2026/03/24 09:36:42 - mmengine - INFO - paramwise_options -- backbone.CRFuse.rgb_swin.stages.2.blocks.16.ffn.layers.0.0.bias:lr=1e-05
2026/03/24 09:36:42 - mmengine - INFO - paramwise_options -- backbone.CRFuse.rgb_swin.stages.2.blocks.16.ffn.layers.0.0.bias:weight_decay=0.0001
2026/03/24 09:36:42 - mmengine - INFO - paramwise_options -- backbone.CRFuse.rgb_swin.stages.2.blocks.16.ffn.layers.0.0.bias:lr_mult=0.1
2026/03/24 09:36:42 - mmengine - INFO - paramwise_options -- backbone.CRFuse.rgb_swin.stages.2.blocks.16.ffn.layers.1.weight:lr=1e-05
2026/03/24 09:36:42 - mmengine - INFO - paramwise_options -- backbone.CRFuse.rgb_swin.stages.2.blocks.16.ffn.layers.1.weight:weight_decay=0.0001
2026/03/24 09:36:42 - mmengine - INFO - paramwise_options -- backbone.CRFuse.rgb_swin.stages.2.blocks.16.ffn.layers.1.weight:lr_mult=0.1
2026/03/24 09:36:42 - mmengine - INFO - paramwise_options -- backbone.CRFuse.rgb_swin.stages.2.blocks.16.ffn.layers.1.bias:lr=1e-05
2026/03/24 09:36:42 - mmengine - INFO - paramwise_options -- backbone.CRFuse.rgb_swin.stages.2.blocks.16.ffn.layers.1.bias:weight_decay=0.0001
2026/03/24 09:36:42 - mmengine - INFO - paramwise_options -- backbone.CRFuse.rgb_swin.stages.2.blocks.16.ffn.layers.1.bias:lr_mult=0.1
2026/03/24 09:36:42 - mmengine - INFO - paramwise_options -- backbone.CRFuse.rgb_swin.stages.2.blocks.17.norm1.weight:lr=1e-05
2026/03/24 09:36:42 - mmengine - INFO - paramwise_options -- backbone.CRFuse.rgb_swin.stages.2.blocks.17.norm1.weight:weight_decay=0.0001
2026/03/24 09:36:42 - mmengine - INFO - paramwise_options -- backbone.CRFuse.rgb_swin.stages.2.blocks.17.norm1.weight:lr_mult=0.1
2026/03/24 09:36:42 - mmengine - INFO - paramwise_options -- backbone.CRFuse.rgb_swin.stages.2.blocks.17.norm1.bias:lr=1e-05
2026/03/24 09:36:42 - mmengine - INFO - paramwise_options -- backbone.CRFuse.rgb_swin.stages.2.blocks.17.norm1.bias:weight_decay=0.0001
2026/03/24 09:36:42 - mmengine - INFO - paramwise_options -- backbone.CRFuse.rgb_swin.stages.2.blocks.17.norm1.bias:lr_mult=0.1
2026/03/24 09:36:42 - mmengine - INFO - paramwise_options -- backbone.CRFuse.rgb_swin.stages.2.blocks.17.attn.w_msa.relative_position_bias_table:lr=1e-05
2026/03/24 09:36:42 - mmengine - INFO - paramwise_options -- backbone.CRFuse.rgb_swin.stages.2.blocks.17.attn.w_msa.relative_position_bias_table:weight_decay=0.0001
2026/03/24 09:36:42 - mmengine - INFO - paramwise_options -- backbone.CRFuse.rgb_swin.stages.2.blocks.17.attn.w_msa.relative_position_bias_table:lr_mult=0.1
2026/03/24 09:36:42 - mmengine - INFO - paramwise_options -- backbone.CRFuse.rgb_swin.stages.2.blocks.17.attn.w_msa.qkv.weight:lr=1e-05
2026/03/24 09:36:42 - mmengine - INFO - paramwise_options -- backbone.CRFuse.rgb_swin.stages.2.blocks.17.attn.w_msa.qkv.weight:weight_decay=0.0001
2026/03/24 09:36:42 - mmengine - INFO - paramwise_options -- backbone.CRFuse.rgb_swin.stages.2.blocks.17.attn.w_msa.qkv.weight:lr_mult=0.1
2026/03/24 09:36:42 - mmengine - INFO - paramwise_options -- backbone.CRFuse.rgb_swin.stages.2.blocks.17.attn.w_msa.qkv.bias:lr=1e-05
2026/03/24 09:36:42 - mmengine - INFO - paramwise_options -- backbone.CRFuse.rgb_swin.stages.2.blocks.17.attn.w_msa.qkv.bias:weight_decay=0.0001
2026/03/24 09:36:42 - mmengine - INFO - paramwise_options -- backbone.CRFuse.rgb_swin.stages.2.blocks.17.attn.w_msa.qkv.bias:lr_mult=0.1
2026/03/24 09:36:42 - mmengine - INFO - paramwise_options -- backbone.CRFuse.rgb_swin.stages.2.blocks.17.attn.w_msa.proj.weight:lr=1e-05
2026/03/24 09:36:42 - mmengine - INFO - paramwise_options -- backbone.CRFuse.rgb_swin.stages.2.blocks.17.attn.w_msa.proj.weight:weight_decay=0.0001
2026/03/24 09:36:42 - mmengine - INFO - paramwise_options -- backbone.CRFuse.rgb_swin.stages.2.blocks.17.attn.w_msa.proj.weight:lr_mult=0.1
2026/03/24 09:36:42 - mmengine - INFO - paramwise_options -- backbone.CRFuse.rgb_swin.stages.2.blocks.17.attn.w_msa.proj.bias:lr=1e-05
2026/03/24 09:36:42 - mmengine - INFO - paramwise_options -- backbone.CRFuse.rgb_swin.stages.2.blocks.17.attn.w_msa.proj.bias:weight_decay=0.0001
2026/03/24 09:36:42 - mmengine - INFO - paramwise_options -- backbone.CRFuse.rgb_swin.stages.2.blocks.17.attn.w_msa.proj.bias:lr_mult=0.1
2026/03/24 09:36:42 - mmengine - INFO - paramwise_options -- backbone.CRFuse.rgb_swin.stages.2.blocks.17.norm2.weight:lr=1e-05
2026/03/24 09:36:42 - mmengine - INFO - paramwise_options -- backbone.CRFuse.rgb_swin.stages.2.blocks.17.norm2.weight:weight_decay=0.0001
2026/03/24 09:36:42 - mmengine - INFO - paramwise_options -- backbone.CRFuse.rgb_swin.stages.2.blocks.17.norm2.weight:lr_mult=0.1
2026/03/24 09:36:42 - mmengine - INFO - paramwise_options -- backbone.CRFuse.rgb_swin.stages.2.blocks.17.norm2.bias:lr=1e-05
2026/03/24 09:36:42 - mmengine - INFO - paramwise_options -- backbone.CRFuse.rgb_swin.stages.2.blocks.17.norm2.bias:weight_decay=0.0001
2026/03/24 09:36:42 - mmengine - INFO - paramwise_options -- backbone.CRFuse.rgb_swin.stages.2.blocks.17.norm2.bias:lr_mult=0.1
2026/03/24 09:36:42 - mmengine - INFO - paramwise_options -- backbone.CRFuse.rgb_swin.stages.2.blocks.17.ffn.layers.0.0.weight:lr=1e-05
2026/03/24 09:36:42 - mmengine - INFO - paramwise_options -- backbone.CRFuse.rgb_swin.stages.2.blocks.17.ffn.layers.0.0.weight:weight_decay=0.0001
2026/03/24 09:36:42 - mmengine - INFO - paramwise_options -- backbone.CRFuse.rgb_swin.stages.2.blocks.17.ffn.layers.0.0.weight:lr_mult=0.1
2026/03/24 09:36:42 - mmengine - INFO - paramwise_options -- backbone.CRFuse.rgb_swin.stages.2.blocks.17.ffn.layers.0.0.bias:lr=1e-05
2026/03/24 09:36:42 - mmengine - INFO - paramwise_options -- backbone.CRFuse.rgb_swin.stages.2.blocks.17.ffn.layers.0.0.bias:weight_decay=0.0001
2026/03/24 09:36:42 - mmengine - INFO - paramwise_options -- backbone.CRFuse.rgb_swin.stages.2.blocks.17.ffn.layers.0.0.bias:lr_mult=0.1
2026/03/24 09:36:42 - mmengine - INFO - paramwise_options -- backbone.CRFuse.rgb_swin.stages.2.blocks.17.ffn.layers.1.weight:lr=1e-05
2026/03/24 09:36:42 - mmengine - INFO - paramwise_options -- backbone.CRFuse.rgb_swin.stages.2.blocks.17.ffn.layers.1.weight:weight_decay=0.0001
2026/03/24 09:36:42 - mmengine - INFO - paramwise_options -- backbone.CRFuse.rgb_swin.stages.2.blocks.17.ffn.layers.1.weight:lr_mult=0.1
2026/03/24 09:36:42 - mmengine - INFO - paramwise_options -- backbone.CRFuse.rgb_swin.stages.2.blocks.17.ffn.layers.1.bias:lr=1e-05
2026/03/24 09:36:42 - mmengine - INFO - paramwise_options -- backbone.CRFuse.rgb_swin.stages.2.blocks.17.ffn.layers.1.bias:weight_decay=0.0001
2026/03/24 09:36:42 - mmengine - INFO - paramwise_options -- backbone.CRFuse.rgb_swin.stages.2.blocks.17.ffn.layers.1.bias:lr_mult=0.1
2026/03/24 09:36:42 - mmengine - INFO - paramwise_options -- backbone.CRFuse.rgb_swin.stages.2.downsample.norm.weight:lr=1e-05
2026/03/24 09:36:42 - mmengine - INFO - paramwise_options -- backbone.CRFuse.rgb_swin.stages.2.downsample.norm.weight:weight_decay=0.0001
2026/03/24 09:36:42 - mmengine - INFO - paramwise_options -- backbone.CRFuse.rgb_swin.stages.2.downsample.norm.weight:lr_mult=0.1
2026/03/24 09:36:42 - mmengine - INFO - paramwise_options -- backbone.CRFuse.rgb_swin.stages.2.downsample.norm.bias:lr=1e-05
2026/03/24 09:36:42 - mmengine - INFO - paramwise_options -- backbone.CRFuse.rgb_swin.stages.2.downsample.norm.bias:weight_decay=0.0001
2026/03/24 09:36:42 - mmengine - INFO - paramwise_options -- backbone.CRFuse.rgb_swin.stages.2.downsample.norm.bias:lr_mult=0.1
2026/03/24 09:36:42 - mmengine - INFO - paramwise_options -- backbone.CRFuse.rgb_swin.stages.2.downsample.reduction.weight:lr=1e-05
2026/03/24 09:36:42 - mmengine - INFO - paramwise_options -- backbone.CRFuse.rgb_swin.stages.2.downsample.reduction.weight:weight_decay=0.0001
2026/03/24 09:36:42 - mmengine - INFO - paramwise_options -- backbone.CRFuse.rgb_swin.stages.2.downsample.reduction.weight:lr_mult=0.1
2026/03/24 09:36:42 - mmengine - INFO - paramwise_options -- backbone.CRFuse.rgb_swin.stages.3.blocks.0.norm1.weight:lr=1e-05
2026/03/24 09:36:42 - mmengine - INFO - paramwise_options -- backbone.CRFuse.rgb_swin.stages.3.blocks.0.norm1.weight:weight_decay=0.0001
2026/03/24 09:36:42 - mmengine - INFO - paramwise_options -- backbone.CRFuse.rgb_swin.stages.3.blocks.0.norm1.weight:lr_mult=0.1
2026/03/24 09:36:42 - mmengine - INFO - paramwise_options -- backbone.CRFuse.rgb_swin.stages.3.blocks.0.norm1.bias:lr=1e-05
2026/03/24 09:36:42 - mmengine - INFO - paramwise_options -- backbone.CRFuse.rgb_swin.stages.3.blocks.0.norm1.bias:weight_decay=0.0001
2026/03/24 09:36:42 - mmengine - INFO - paramwise_options -- backbone.CRFuse.rgb_swin.stages.3.blocks.0.norm1.bias:lr_mult=0.1
2026/03/24 09:36:42 - mmengine - INFO - paramwise_options -- backbone.CRFuse.rgb_swin.stages.3.blocks.0.attn.w_msa.relative_position_bias_table:lr=1e-05
2026/03/24 09:36:42 - mmengine - INFO - paramwise_options -- backbone.CRFuse.rgb_swin.stages.3.blocks.0.attn.w_msa.relative_position_bias_table:weight_decay=0.0001
2026/03/24 09:36:42 - mmengine - INFO - paramwise_options -- backbone.CRFuse.rgb_swin.stages.3.blocks.0.attn.w_msa.relative_position_bias_table:lr_mult=0.1
2026/03/24 09:36:42 - mmengine - INFO - paramwise_options -- backbone.CRFuse.rgb_swin.stages.3.blocks.0.attn.w_msa.qkv.weight:lr=1e-05
2026/03/24 09:36:42 - mmengine - INFO - paramwise_options -- backbone.CRFuse.rgb_swin.stages.3.blocks.0.attn.w_msa.qkv.weight:weight_decay=0.0001
2026/03/24 09:36:42 - mmengine - INFO - paramwise_options -- backbone.CRFuse.rgb_swin.stages.3.blocks.0.attn.w_msa.qkv.weight:lr_mult=0.1
2026/03/24 09:36:42 - mmengine - INFO - paramwise_options -- backbone.CRFuse.rgb_swin.stages.3.blocks.0.attn.w_msa.qkv.bias:lr=1e-05
2026/03/24 09:36:42 - mmengine - INFO - paramwise_options -- backbone.CRFuse.rgb_swin.stages.3.blocks.0.attn.w_msa.qkv.bias:weight_decay=0.0001
2026/03/24 09:36:42 - mmengine - INFO - paramwise_options -- backbone.CRFuse.rgb_swin.stages.3.blocks.0.attn.w_msa.qkv.bias:lr_mult=0.1
2026/03/24 09:36:42 - mmengine - INFO - paramwise_options -- backbone.CRFuse.rgb_swin.stages.3.blocks.0.attn.w_msa.proj.weight:lr=1e-05
2026/03/24 09:36:42 - mmengine - INFO - paramwise_options -- backbone.CRFuse.rgb_swin.stages.3.blocks.0.attn.w_msa.proj.weight:weight_decay=0.0001
2026/03/24 09:36:42 - mmengine - INFO - paramwise_options -- backbone.CRFuse.rgb_swin.stages.3.blocks.0.attn.w_msa.proj.weight:lr_mult=0.1
2026/03/24 09:36:42 - mmengine - INFO - paramwise_options -- backbone.CRFuse.rgb_swin.stages.3.blocks.0.attn.w_msa.proj.bias:lr=1e-05
2026/03/24 09:36:42 - mmengine - INFO - paramwise_options -- backbone.CRFuse.rgb_swin.stages.3.blocks.0.attn.w_msa.proj.bias:weight_decay=0.0001
2026/03/24 09:36:42 - mmengine - INFO - paramwise_options -- backbone.CRFuse.rgb_swin.stages.3.blocks.0.attn.w_msa.proj.bias:lr_mult=0.1
2026/03/24 09:36:42 - mmengine - INFO - paramwise_options -- backbone.CRFuse.rgb_swin.stages.3.blocks.0.norm2.weight:lr=1e-05
2026/03/24 09:36:42 - mmengine - INFO - paramwise_options -- backbone.CRFuse.rgb_swin.stages.3.blocks.0.norm2.weight:weight_decay=0.0001
2026/03/24 09:36:42 - mmengine - INFO - paramwise_options -- backbone.CRFuse.rgb_swin.stages.3.blocks.0.norm2.weight:lr_mult=0.1
2026/03/24 09:36:42 - mmengine - INFO - paramwise_options -- backbone.CRFuse.rgb_swin.stages.3.blocks.0.norm2.bias:lr=1e-05
2026/03/24 09:36:42 - mmengine - INFO - paramwise_options -- backbone.CRFuse.rgb_swin.stages.3.blocks.0.norm2.bias:weight_decay=0.0001
2026/03/24 09:36:42 - mmengine - INFO - paramwise_options -- backbone.CRFuse.rgb_swin.stages.3.blocks.0.norm2.bias:lr_mult=0.1
2026/03/24 09:36:42 - mmengine - INFO - paramwise_options -- backbone.CRFuse.rgb_swin.stages.3.blocks.0.ffn.layers.0.0.weight:lr=1e-05
2026/03/24 09:36:42 - mmengine - INFO - paramwise_options -- backbone.CRFuse.rgb_swin.stages.3.blocks.0.ffn.layers.0.0.weight:weight_decay=0.0001
2026/03/24 09:36:42 - mmengine - INFO - paramwise_options -- backbone.CRFuse.rgb_swin.stages.3.blocks.0.ffn.layers.0.0.weight:lr_mult=0.1
2026/03/24 09:36:42 - mmengine - INFO - paramwise_options -- backbone.CRFuse.rgb_swin.stages.3.blocks.0.ffn.layers.0.0.bias:lr=1e-05
2026/03/24 09:36:42 - mmengine - INFO - paramwise_options -- backbone.CRFuse.rgb_swin.stages.3.blocks.0.ffn.layers.0.0.bias:weight_decay=0.0001
2026/03/24 09:36:42 - mmengine - INFO - paramwise_options -- backbone.CRFuse.rgb_swin.stages.3.blocks.0.ffn.layers.0.0.bias:lr_mult=0.1
2026/03/24 09:36:42 - mmengine - INFO - paramwise_options -- backbone.CRFuse.rgb_swin.stages.3.blocks.0.ffn.layers.1.weight:lr=1e-05
2026/03/24 09:36:42 - mmengine - INFO - paramwise_options -- backbone.CRFuse.rgb_swin.stages.3.blocks.0.ffn.layers.1.weight:weight_decay=0.0001
2026/03/24 09:36:42 - mmengine - INFO - paramwise_options -- backbone.CRFuse.rgb_swin.stages.3.blocks.0.ffn.layers.1.weight:lr_mult=0.1
2026/03/24 09:36:42 - mmengine - INFO - paramwise_options -- backbone.CRFuse.rgb_swin.stages.3.blocks.0.ffn.layers.1.bias:lr=1e-05
2026/03/24 09:36:42 - mmengine - INFO - paramwise_options -- backbone.CRFuse.rgb_swin.stages.3.blocks.0.ffn.layers.1.bias:weight_decay=0.0001
2026/03/24 09:36:42 - mmengine - INFO - paramwise_options -- backbone.CRFuse.rgb_swin.stages.3.blocks.0.ffn.layers.1.bias:lr_mult=0.1
2026/03/24 09:36:42 - mmengine - INFO - paramwise_options -- backbone.CRFuse.rgb_swin.stages.3.blocks.1.norm1.weight:lr=1e-05
2026/03/24 09:36:42 - mmengine - INFO - paramwise_options -- backbone.CRFuse.rgb_swin.stages.3.blocks.1.norm1.weight:weight_decay=0.0001
2026/03/24 09:36:42 - mmengine - INFO - paramwise_options -- backbone.CRFuse.rgb_swin.stages.3.blocks.1.norm1.weight:lr_mult=0.1
2026/03/24 09:36:42 - mmengine - INFO - paramwise_options -- backbone.CRFuse.rgb_swin.stages.3.blocks.1.norm1.bias:lr=1e-05
2026/03/24 09:36:42 - mmengine - INFO - paramwise_options -- backbone.CRFuse.rgb_swin.stages.3.blocks.1.norm1.bias:weight_decay=0.0001
2026/03/24 09:36:42 - mmengine - INFO - paramwise_options -- backbone.CRFuse.rgb_swin.stages.3.blocks.1.norm1.bias:lr_mult=0.1
2026/03/24 09:36:42 - mmengine - INFO - paramwise_options -- backbone.CRFuse.rgb_swin.stages.3.blocks.1.attn.w_msa.relative_position_bias_table:lr=1e-05
2026/03/24 09:36:42 - mmengine - INFO - paramwise_options -- backbone.CRFuse.rgb_swin.stages.3.blocks.1.attn.w_msa.relative_position_bias_table:weight_decay=0.0001
2026/03/24 09:36:42 - mmengine - INFO - paramwise_options -- backbone.CRFuse.rgb_swin.stages.3.blocks.1.attn.w_msa.relative_position_bias_table:lr_mult=0.1
2026/03/24 09:36:42 - mmengine - INFO - paramwise_options -- backbone.CRFuse.rgb_swin.stages.3.blocks.1.attn.w_msa.qkv.weight:lr=1e-05
2026/03/24 09:36:42 - mmengine - INFO - paramwise_options -- backbone.CRFuse.rgb_swin.stages.3.blocks.1.attn.w_msa.qkv.weight:weight_decay=0.0001
2026/03/24 09:36:42 - mmengine - INFO - paramwise_options -- backbone.CRFuse.rgb_swin.stages.3.blocks.1.attn.w_msa.qkv.weight:lr_mult=0.1
2026/03/24 09:36:42 - mmengine - INFO - paramwise_options -- backbone.CRFuse.rgb_swin.stages.3.blocks.1.attn.w_msa.qkv.bias:lr=1e-05
2026/03/24 09:36:42 - mmengine - INFO - paramwise_options -- backbone.CRFuse.rgb_swin.stages.3.blocks.1.attn.w_msa.qkv.bias:weight_decay=0.0001
2026/03/24 09:36:42 - mmengine - INFO - paramwise_options -- backbone.CRFuse.rgb_swin.stages.3.blocks.1.attn.w_msa.qkv.bias:lr_mult=0.1
2026/03/24 09:36:42 - mmengine - INFO - paramwise_options -- backbone.CRFuse.rgb_swin.stages.3.blocks.1.attn.w_msa.proj.weight:lr=1e-05
2026/03/24 09:36:42 - mmengine - INFO - paramwise_options -- backbone.CRFuse.rgb_swin.stages.3.blocks.1.attn.w_msa.proj.weight:weight_decay=0.0001
2026/03/24 09:36:42 - mmengine - INFO - paramwise_options -- backbone.CRFuse.rgb_swin.stages.3.blocks.1.attn.w_msa.proj.weight:lr_mult=0.1
2026/03/24 09:36:42 - mmengine - INFO - paramwise_options -- backbone.CRFuse.rgb_swin.stages.3.blocks.1.attn.w_msa.proj.bias:lr=1e-05
2026/03/24 09:36:42 - mmengine - INFO - paramwise_options -- backbone.CRFuse.rgb_swin.stages.3.blocks.1.attn.w_msa.proj.bias:weight_decay=0.0001
2026/03/24 09:36:42 - mmengine - INFO - paramwise_options -- backbone.CRFuse.rgb_swin.stages.3.blocks.1.attn.w_msa.proj.bias:lr_mult=0.1
2026/03/24 09:36:42 - mmengine - INFO - paramwise_options -- backbone.CRFuse.rgb_swin.stages.3.blocks.1.norm2.weight:lr=1e-05
2026/03/24 09:36:42 - mmengine - INFO - paramwise_options -- backbone.CRFuse.rgb_swin.stages.3.blocks.1.norm2.weight:weight_decay=0.0001
2026/03/24 09:36:42 - mmengine - INFO - paramwise_options -- backbone.CRFuse.rgb_swin.stages.3.blocks.1.norm2.weight:lr_mult=0.1
2026/03/24 09:36:42 - mmengine - INFO - paramwise_options -- backbone.CRFuse.rgb_swin.stages.3.blocks.1.norm2.bias:lr=1e-05
2026/03/24 09:36:42 - mmengine - INFO - paramwise_options -- backbone.CRFuse.rgb_swin.stages.3.blocks.1.norm2.bias:weight_decay=0.0001
2026/03/24 09:36:42 - mmengine - INFO - paramwise_options -- backbone.CRFuse.rgb_swin.stages.3.blocks.1.norm2.bias:lr_mult=0.1
2026/03/24 09:36:42 - mmengine - INFO - paramwise_options -- backbone.CRFuse.rgb_swin.stages.3.blocks.1.ffn.layers.0.0.weight:lr=1e-05
2026/03/24 09:36:42 - mmengine - INFO - paramwise_options -- backbone.CRFuse.rgb_swin.stages.3.blocks.1.ffn.layers.0.0.weight:weight_decay=0.0001
2026/03/24 09:36:42 - mmengine - INFO - paramwise_options -- backbone.CRFuse.rgb_swin.stages.3.blocks.1.ffn.layers.0.0.weight:lr_mult=0.1
2026/03/24 09:36:42 - mmengine - INFO - paramwise_options -- backbone.CRFuse.rgb_swin.stages.3.blocks.1.ffn.layers.0.0.bias:lr=1e-05
2026/03/24 09:36:42 - mmengine - INFO - paramwise_options -- backbone.CRFuse.rgb_swin.stages.3.blocks.1.ffn.layers.0.0.bias:weight_decay=0.0001
2026/03/24 09:36:42 - mmengine - INFO - paramwise_options -- backbone.CRFuse.rgb_swin.stages.3.blocks.1.ffn.layers.0.0.bias:lr_mult=0.1
2026/03/24 09:36:42 - mmengine - INFO - paramwise_options -- backbone.CRFuse.rgb_swin.stages.3.blocks.1.ffn.layers.1.weight:lr=1e-05
2026/03/24 09:36:42 - mmengine - INFO - paramwise_options -- backbone.CRFuse.rgb_swin.stages.3.blocks.1.ffn.layers.1.weight:weight_decay=0.0001
2026/03/24 09:36:42 - mmengine - INFO - paramwise_options -- backbone.CRFuse.rgb_swin.stages.3.blocks.1.ffn.layers.1.weight:lr_mult=0.1
2026/03/24 09:36:42 - mmengine - INFO - paramwise_options -- backbone.CRFuse.rgb_swin.stages.3.blocks.1.ffn.layers.1.bias:lr=1e-05
2026/03/24 09:36:42 - mmengine - INFO - paramwise_options -- backbone.CRFuse.rgb_swin.stages.3.blocks.1.ffn.layers.1.bias:weight_decay=0.0001
2026/03/24 09:36:42 - mmengine - INFO - paramwise_options -- backbone.CRFuse.rgb_swin.stages.3.blocks.1.ffn.layers.1.bias:lr_mult=0.1
2026/03/24 09:36:42 - mmengine - INFO - paramwise_options -- backbone.CRFuse.rgb_swin.norm0.weight:lr=1e-05
2026/03/24 09:36:42 - mmengine - INFO - paramwise_options -- backbone.CRFuse.rgb_swin.norm0.weight:weight_decay=0.0001
2026/03/24 09:36:42 - mmengine - INFO - paramwise_options -- backbone.CRFuse.rgb_swin.norm0.weight:lr_mult=0.1
2026/03/24 09:36:42 - mmengine - INFO - paramwise_options -- backbone.CRFuse.rgb_swin.norm0.bias:lr=1e-05
2026/03/24 09:36:42 - mmengine - INFO - paramwise_options -- backbone.CRFuse.rgb_swin.norm0.bias:weight_decay=0.0001
2026/03/24 09:36:42 - mmengine - INFO - paramwise_options -- backbone.CRFuse.rgb_swin.norm0.bias:lr_mult=0.1
2026/03/24 09:36:42 - mmengine - INFO - paramwise_options -- backbone.CRFuse.rgb_swin.norm1.weight:lr=1e-05
2026/03/24 09:36:42 - mmengine - INFO - paramwise_options -- backbone.CRFuse.rgb_swin.norm1.weight:weight_decay=0.0001
2026/03/24 09:36:42 - mmengine - INFO - paramwise_options -- backbone.CRFuse.rgb_swin.norm1.weight:lr_mult=0.1
2026/03/24 09:36:42 - mmengine - INFO - paramwise_options -- backbone.CRFuse.rgb_swin.norm1.bias:lr=1e-05
2026/03/24 09:36:42 - mmengine - INFO - paramwise_options -- backbone.CRFuse.rgb_swin.norm1.bias:weight_decay=0.0001
2026/03/24 09:36:42 - mmengine - INFO - paramwise_options -- backbone.CRFuse.rgb_swin.norm1.bias:lr_mult=0.1
2026/03/24 09:36:42 - mmengine - INFO - paramwise_options -- backbone.CRFuse.rgb_swin.norm2.weight:lr=1e-05
2026/03/24 09:36:42 - mmengine - INFO - paramwise_options -- backbone.CRFuse.rgb_swin.norm2.weight:weight_decay=0.0001
2026/03/24 09:36:42 - mmengine - INFO - paramwise_options -- backbone.CRFuse.rgb_swin.norm2.weight:lr_mult=0.1
2026/03/24 09:36:42 - mmengine - INFO - paramwise_options -- backbone.CRFuse.rgb_swin.norm2.bias:lr=1e-05
2026/03/24 09:36:42 - mmengine - INFO - paramwise_options -- backbone.CRFuse.rgb_swin.norm2.bias:weight_decay=0.0001
2026/03/24 09:36:42 - mmengine - INFO - paramwise_options -- backbone.CRFuse.rgb_swin.norm2.bias:lr_mult=0.1
2026/03/24 09:36:42 - mmengine - INFO - paramwise_options -- backbone.CRFuse.rgb_swin.norm3.weight:lr=1e-05
2026/03/24 09:36:42 - mmengine - INFO - paramwise_options -- backbone.CRFuse.rgb_swin.norm3.weight:weight_decay=0.0001
2026/03/24 09:36:42 - mmengine - INFO - paramwise_options -- backbone.CRFuse.rgb_swin.norm3.weight:lr_mult=0.1
2026/03/24 09:36:42 - mmengine - INFO - paramwise_options -- backbone.CRFuse.rgb_swin.norm3.bias:lr=1e-05
2026/03/24 09:36:42 - mmengine - INFO - paramwise_options -- backbone.CRFuse.rgb_swin.norm3.bias:weight_decay=0.0001
2026/03/24 09:36:42 - mmengine - INFO - paramwise_options -- backbone.CRFuse.rgb_swin.norm3.bias:lr_mult=0.1
2026/03/24 09:36:42 - mmengine - INFO - paramwise_options -- backbone.CRFuse.ir_swin.patch_embed.projection.weight:lr=1e-05
2026/03/24 09:36:42 - mmengine - INFO - paramwise_options -- backbone.CRFuse.ir_swin.patch_embed.projection.weight:weight_decay=0.0001
2026/03/24 09:36:42 - mmengine - INFO - paramwise_options -- backbone.CRFuse.ir_swin.patch_embed.projection.weight:lr_mult=0.1
2026/03/24 09:36:42 - mmengine - INFO - paramwise_options -- backbone.CRFuse.ir_swin.patch_embed.projection.bias:lr=1e-05
2026/03/24 09:36:42 - mmengine - INFO - paramwise_options -- backbone.CRFuse.ir_swin.patch_embed.projection.bias:weight_decay=0.0001
2026/03/24 09:36:42 - mmengine - INFO - paramwise_options -- backbone.CRFuse.ir_swin.patch_embed.projection.bias:lr_mult=0.1
2026/03/24 09:36:42 - mmengine - INFO - paramwise_options -- backbone.CRFuse.ir_swin.patch_embed.norm.weight:lr=1e-05
2026/03/24 09:36:42 - mmengine - INFO - paramwise_options -- backbone.CRFuse.ir_swin.patch_embed.norm.weight:weight_decay=0.0001
2026/03/24 09:36:42 - mmengine - INFO - paramwise_options -- backbone.CRFuse.ir_swin.patch_embed.norm.weight:lr_mult=0.1
2026/03/24 09:36:42 - mmengine - INFO - paramwise_options -- backbone.CRFuse.ir_swin.patch_embed.norm.bias:lr=1e-05
2026/03/24 09:36:42 - mmengine - INFO - paramwise_options -- backbone.CRFuse.ir_swin.patch_embed.norm.bias:weight_decay=0.0001
2026/03/24 09:36:42 - mmengine - INFO - paramwise_options -- backbone.CRFuse.ir_swin.patch_embed.norm.bias:lr_mult=0.1
2026/03/24 09:36:42 - mmengine - INFO - paramwise_options -- backbone.CRFuse.ir_swin.stages.0.blocks.0.norm1.weight:lr=1e-05
2026/03/24 09:36:42 - mmengine - INFO - paramwise_options -- backbone.CRFuse.ir_swin.stages.0.blocks.0.norm1.weight:weight_decay=0.0001
2026/03/24 09:36:42 - mmengine - INFO - paramwise_options -- backbone.CRFuse.ir_swin.stages.0.blocks.0.norm1.weight:lr_mult=0.1
2026/03/24 09:36:42 - mmengine - INFO - paramwise_options -- backbone.CRFuse.ir_swin.stages.0.blocks.0.norm1.bias:lr=1e-05
2026/03/24 09:36:42 - mmengine - INFO - paramwise_options -- backbone.CRFuse.ir_swin.stages.0.blocks.0.norm1.bias:weight_decay=0.0001
2026/03/24 09:36:42 - mmengine - INFO - paramwise_options -- backbone.CRFuse.ir_swin.stages.0.blocks.0.norm1.bias:lr_mult=0.1
2026/03/24 09:36:42 - mmengine - INFO - paramwise_options -- backbone.CRFuse.ir_swin.stages.0.blocks.0.attn.w_msa.relative_position_bias_table:lr=1e-05
2026/03/24 09:36:42 - mmengine - INFO - paramwise_options -- backbone.CRFuse.ir_swin.stages.0.blocks.0.attn.w_msa.relative_position_bias_table:weight_decay=0.0001
2026/03/24 09:36:42 - mmengine - INFO - paramwise_options -- backbone.CRFuse.ir_swin.stages.0.blocks.0.attn.w_msa.relative_position_bias_table:lr_mult=0.1
2026/03/24 09:36:42 - mmengine - INFO - paramwise_options -- backbone.CRFuse.ir_swin.stages.0.blocks.0.attn.w_msa.qkv.weight:lr=1e-05
2026/03/24 09:36:42 - mmengine - INFO - paramwise_options -- backbone.CRFuse.ir_swin.stages.0.blocks.0.attn.w_msa.qkv.weight:weight_decay=0.0001
2026/03/24 09:36:42 - mmengine - INFO - paramwise_options -- backbone.CRFuse.ir_swin.stages.0.blocks.0.attn.w_msa.qkv.weight:lr_mult=0.1
2026/03/24 09:36:42 - mmengine - INFO - paramwise_options -- backbone.CRFuse.ir_swin.stages.0.blocks.0.attn.w_msa.qkv.bias:lr=1e-05
2026/03/24 09:36:42 - mmengine - INFO - paramwise_options -- backbone.CRFuse.ir_swin.stages.0.blocks.0.attn.w_msa.qkv.bias:weight_decay=0.0001
2026/03/24 09:36:42 - mmengine - INFO - paramwise_options -- backbone.CRFuse.ir_swin.stages.0.blocks.0.attn.w_msa.qkv.bias:lr_mult=0.1
2026/03/24 09:36:42 - mmengine - INFO - paramwise_options -- backbone.CRFuse.ir_swin.stages.0.blocks.0.attn.w_msa.proj.weight:lr=1e-05
2026/03/24 09:36:42 - mmengine - INFO - paramwise_options -- backbone.CRFuse.ir_swin.stages.0.blocks.0.attn.w_msa.proj.weight:weight_decay=0.0001
2026/03/24 09:36:42 - mmengine - INFO - paramwise_options -- backbone.CRFuse.ir_swin.stages.0.blocks.0.attn.w_msa.proj.weight:lr_mult=0.1
2026/03/24 09:36:42 - mmengine - INFO - paramwise_options -- backbone.CRFuse.ir_swin.stages.0.blocks.0.attn.w_msa.proj.bias:lr=1e-05
2026/03/24 09:36:42 - mmengine - INFO - paramwise_options -- backbone.CRFuse.ir_swin.stages.0.blocks.0.attn.w_msa.proj.bias:weight_decay=0.0001
2026/03/24 09:36:42 - mmengine - INFO - paramwise_options -- backbone.CRFuse.ir_swin.stages.0.blocks.0.attn.w_msa.proj.bias:lr_mult=0.1
2026/03/24 09:36:42 - mmengine - INFO - paramwise_options -- backbone.CRFuse.ir_swin.stages.0.blocks.0.norm2.weight:lr=1e-05
2026/03/24 09:36:42 - mmengine - INFO - paramwise_options -- backbone.CRFuse.ir_swin.stages.0.blocks.0.norm2.weight:weight_decay=0.0001
2026/03/24 09:36:42 - mmengine - INFO - paramwise_options -- backbone.CRFuse.ir_swin.stages.0.blocks.0.norm2.weight:lr_mult=0.1
2026/03/24 09:36:42 - mmengine - INFO - paramwise_options -- backbone.CRFuse.ir_swin.stages.0.blocks.0.norm2.bias:lr=1e-05
2026/03/24 09:36:42 - mmengine - INFO - paramwise_options -- backbone.CRFuse.ir_swin.stages.0.blocks.0.norm2.bias:weight_decay=0.0001
2026/03/24 09:36:42 - mmengine - INFO - paramwise_options -- backbone.CRFuse.ir_swin.stages.0.blocks.0.norm2.bias:lr_mult=0.1
2026/03/24 09:36:42 - mmengine - INFO - paramwise_options -- backbone.CRFuse.ir_swin.stages.0.blocks.0.ffn.layers.0.0.weight:lr=1e-05
2026/03/24 09:36:42 - mmengine - INFO - paramwise_options -- backbone.CRFuse.ir_swin.stages.0.blocks.0.ffn.layers.0.0.weight:weight_decay=0.0001
2026/03/24 09:36:42 - mmengine - INFO - paramwise_options -- backbone.CRFuse.ir_swin.stages.0.blocks.0.ffn.layers.0.0.weight:lr_mult=0.1
2026/03/24 09:36:42 - mmengine - INFO - paramwise_options -- backbone.CRFuse.ir_swin.stages.0.blocks.0.ffn.layers.0.0.bias:lr=1e-05
2026/03/24 09:36:42 - mmengine - INFO - paramwise_options -- backbone.CRFuse.ir_swin.stages.0.blocks.0.ffn.layers.0.0.bias:weight_decay=0.0001
2026/03/24 09:36:42 - mmengine - INFO - paramwise_options -- backbone.CRFuse.ir_swin.stages.0.blocks.0.ffn.layers.0.0.bias:lr_mult=0.1
2026/03/24 09:36:42 - mmengine - INFO - paramwise_options -- backbone.CRFuse.ir_swin.stages.0.blocks.0.ffn.layers.1.weight:lr=1e-05
2026/03/24 09:36:42 - mmengine - INFO - paramwise_options -- backbone.CRFuse.ir_swin.stages.0.blocks.0.ffn.layers.1.weight:weight_decay=0.0001
2026/03/24 09:36:42 - mmengine - INFO - paramwise_options -- backbone.CRFuse.ir_swin.stages.0.blocks.0.ffn.layers.1.weight:lr_mult=0.1
2026/03/24 09:36:42 - mmengine - INFO - paramwise_options -- backbone.CRFuse.ir_swin.stages.0.blocks.0.ffn.layers.1.bias:lr=1e-05
2026/03/24 09:36:42 - mmengine - INFO - paramwise_options -- backbone.CRFuse.ir_swin.stages.0.blocks.0.ffn.layers.1.bias:weight_decay=0.0001
2026/03/24 09:36:42 - mmengine - INFO - paramwise_options -- backbone.CRFuse.ir_swin.stages.0.blocks.0.ffn.layers.1.bias:lr_mult=0.1
2026/03/24 09:36:42 - mmengine - INFO - paramwise_options -- backbone.CRFuse.ir_swin.stages.0.blocks.1.norm1.weight:lr=1e-05
2026/03/24 09:36:42 - mmengine - INFO - paramwise_options -- backbone.CRFuse.ir_swin.stages.0.blocks.1.norm1.weight:weight_decay=0.0001
2026/03/24 09:36:42 - mmengine - INFO - paramwise_options -- backbone.CRFuse.ir_swin.stages.0.blocks.1.norm1.weight:lr_mult=0.1
2026/03/24 09:36:42 - mmengine - INFO - paramwise_options -- backbone.CRFuse.ir_swin.stages.0.blocks.1.norm1.bias:lr=1e-05
2026/03/24 09:36:42 - mmengine - INFO - paramwise_options -- backbone.CRFuse.ir_swin.stages.0.blocks.1.norm1.bias:weight_decay=0.0001
2026/03/24 09:36:42 - mmengine - INFO - paramwise_options -- backbone.CRFuse.ir_swin.stages.0.blocks.1.norm1.bias:lr_mult=0.1
2026/03/24 09:36:42 - mmengine - INFO - paramwise_options -- backbone.CRFuse.ir_swin.stages.0.blocks.1.attn.w_msa.relative_position_bias_table:lr=1e-05
2026/03/24 09:36:42 - mmengine - INFO - paramwise_options -- backbone.CRFuse.ir_swin.stages.0.blocks.1.attn.w_msa.relative_position_bias_table:weight_decay=0.0001
2026/03/24 09:36:42 - mmengine - INFO - paramwise_options -- backbone.CRFuse.ir_swin.stages.0.blocks.1.attn.w_msa.relative_position_bias_table:lr_mult=0.1
2026/03/24 09:36:42 - mmengine - INFO - paramwise_options -- backbone.CRFuse.ir_swin.stages.0.blocks.1.attn.w_msa.qkv.weight:lr=1e-05
2026/03/24 09:36:42 - mmengine - INFO - paramwise_options -- backbone.CRFuse.ir_swin.stages.0.blocks.1.attn.w_msa.qkv.weight:weight_decay=0.0001
2026/03/24 09:36:42 - mmengine - INFO - paramwise_options -- backbone.CRFuse.ir_swin.stages.0.blocks.1.attn.w_msa.qkv.weight:lr_mult=0.1
2026/03/24 09:36:42 - mmengine - INFO - paramwise_options -- backbone.CRFuse.ir_swin.stages.0.blocks.1.attn.w_msa.qkv.bias:lr=1e-05
2026/03/24 09:36:42 - mmengine - INFO - paramwise_options -- backbone.CRFuse.ir_swin.stages.0.blocks.1.attn.w_msa.qkv.bias:weight_decay=0.0001
2026/03/24 09:36:42 - mmengine - INFO - paramwise_options -- backbone.CRFuse.ir_swin.stages.0.blocks.1.attn.w_msa.qkv.bias:lr_mult=0.1
2026/03/24 09:36:42 - mmengine - INFO - paramwise_options -- backbone.CRFuse.ir_swin.stages.0.blocks.1.attn.w_msa.proj.weight:lr=1e-05
2026/03/24 09:36:42 - mmengine - INFO - paramwise_options -- backbone.CRFuse.ir_swin.stages.0.blocks.1.attn.w_msa.proj.weight:weight_decay=0.0001
2026/03/24 09:36:42 - mmengine - INFO - paramwise_options -- backbone.CRFuse.ir_swin.stages.0.blocks.1.attn.w_msa.proj.weight:lr_mult=0.1
2026/03/24 09:36:42 - mmengine - INFO - paramwise_options -- backbone.CRFuse.ir_swin.stages.0.blocks.1.attn.w_msa.proj.bias:lr=1e-05
2026/03/24 09:36:42 - mmengine - INFO - paramwise_options -- backbone.CRFuse.ir_swin.stages.0.blocks.1.attn.w_msa.proj.bias:weight_decay=0.0001
2026/03/24 09:36:42 - mmengine - INFO - paramwise_options -- backbone.CRFuse.ir_swin.stages.0.blocks.1.attn.w_msa.proj.bias:lr_mult=0.1
2026/03/24 09:36:42 - mmengine - INFO - paramwise_options -- backbone.CRFuse.ir_swin.stages.0.blocks.1.norm2.weight:lr=1e-05
2026/03/24 09:36:42 - mmengine - INFO - paramwise_options -- backbone.CRFuse.ir_swin.stages.0.blocks.1.norm2.weight:weight_decay=0.0001
2026/03/24 09:36:42 - mmengine - INFO - paramwise_options -- backbone.CRFuse.ir_swin.stages.0.blocks.1.norm2.weight:lr_mult=0.1
2026/03/24 09:36:42 - mmengine - INFO - paramwise_options -- backbone.CRFuse.ir_swin.stages.0.blocks.1.norm2.bias:lr=1e-05
2026/03/24 09:36:42 - mmengine - INFO - paramwise_options -- backbone.CRFuse.ir_swin.stages.0.blocks.1.norm2.bias:weight_decay=0.0001
2026/03/24 09:36:42 - mmengine - INFO - paramwise_options -- backbone.CRFuse.ir_swin.stages.0.blocks.1.norm2.bias:lr_mult=0.1
2026/03/24 09:36:42 - mmengine - INFO - paramwise_options -- backbone.CRFuse.ir_swin.stages.0.blocks.1.ffn.layers.0.0.weight:lr=1e-05
2026/03/24 09:36:42 - mmengine - INFO - paramwise_options -- backbone.CRFuse.ir_swin.stages.0.blocks.1.ffn.layers.0.0.weight:weight_decay=0.0001
2026/03/24 09:36:42 - mmengine - INFO - paramwise_options -- backbone.CRFuse.ir_swin.stages.0.blocks.1.ffn.layers.0.0.weight:lr_mult=0.1
2026/03/24 09:36:42 - mmengine - INFO - paramwise_options -- backbone.CRFuse.ir_swin.stages.0.blocks.1.ffn.layers.0.0.bias:lr=1e-05
2026/03/24 09:36:42 - mmengine - INFO - paramwise_options -- backbone.CRFuse.ir_swin.stages.0.blocks.1.ffn.layers.0.0.bias:weight_decay=0.0001
2026/03/24 09:36:42 - mmengine - INFO - paramwise_options -- backbone.CRFuse.ir_swin.stages.0.blocks.1.ffn.layers.0.0.bias:lr_mult=0.1
2026/03/24 09:36:42 - mmengine - INFO - paramwise_options -- backbone.CRFuse.ir_swin.stages.0.blocks.1.ffn.layers.1.weight:lr=1e-05
2026/03/24 09:36:42 - mmengine - INFO - paramwise_options -- backbone.CRFuse.ir_swin.stages.0.blocks.1.ffn.layers.1.weight:weight_decay=0.0001
2026/03/24 09:36:42 - mmengine - INFO - paramwise_options -- backbone.CRFuse.ir_swin.stages.0.blocks.1.ffn.layers.1.weight:lr_mult=0.1
2026/03/24 09:36:42 - mmengine - INFO - paramwise_options -- backbone.CRFuse.ir_swin.stages.0.blocks.1.ffn.layers.1.bias:lr=1e-05
2026/03/24 09:36:42 - mmengine - INFO - paramwise_options -- backbone.CRFuse.ir_swin.stages.0.blocks.1.ffn.layers.1.bias:weight_decay=0.0001
2026/03/24 09:36:42 - mmengine - INFO - paramwise_options -- backbone.CRFuse.ir_swin.stages.0.blocks.1.ffn.layers.1.bias:lr_mult=0.1
2026/03/24 09:36:42 - mmengine - INFO - paramwise_options -- backbone.CRFuse.ir_swin.stages.0.downsample.norm.weight:lr=1e-05
2026/03/24 09:36:42 - mmengine - INFO - paramwise_options -- backbone.CRFuse.ir_swin.stages.0.downsample.norm.weight:weight_decay=0.0001
2026/03/24 09:36:42 - mmengine - INFO - paramwise_options -- backbone.CRFuse.ir_swin.stages.0.downsample.norm.weight:lr_mult=0.1
2026/03/24 09:36:42 - mmengine - INFO - paramwise_options -- backbone.CRFuse.ir_swin.stages.0.downsample.norm.bias:lr=1e-05
2026/03/24 09:36:42 - mmengine - INFO - paramwise_options -- backbone.CRFuse.ir_swin.stages.0.downsample.norm.bias:weight_decay=0.0001
2026/03/24 09:36:42 - mmengine - INFO - paramwise_options -- backbone.CRFuse.ir_swin.stages.0.downsample.norm.bias:lr_mult=0.1
2026/03/24 09:36:42 - mmengine - INFO - paramwise_options -- backbone.CRFuse.ir_swin.stages.0.downsample.reduction.weight:lr=1e-05
2026/03/24 09:36:42 - mmengine - INFO - paramwise_options -- backbone.CRFuse.ir_swin.stages.0.downsample.reduction.weight:weight_decay=0.0001
2026/03/24 09:36:42 - mmengine - INFO - paramwise_options -- backbone.CRFuse.ir_swin.stages.0.downsample.reduction.weight:lr_mult=0.1
2026/03/24 09:36:42 - mmengine - INFO - paramwise_options -- backbone.CRFuse.ir_swin.stages.1.blocks.0.norm1.weight:lr=1e-05
2026/03/24 09:36:42 - mmengine - INFO - paramwise_options -- backbone.CRFuse.ir_swin.stages.1.blocks.0.norm1.weight:weight_decay=0.0001
2026/03/24 09:36:42 - mmengine - INFO - paramwise_options -- backbone.CRFuse.ir_swin.stages.1.blocks.0.norm1.weight:lr_mult=0.1
2026/03/24 09:36:42 - mmengine - INFO - paramwise_options -- backbone.CRFuse.ir_swin.stages.1.blocks.0.norm1.bias:lr=1e-05
2026/03/24 09:36:42 - mmengine - INFO - paramwise_options -- backbone.CRFuse.ir_swin.stages.1.blocks.0.norm1.bias:weight_decay=0.0001
2026/03/24 09:36:42 - mmengine - INFO - paramwise_options -- backbone.CRFuse.ir_swin.stages.1.blocks.0.norm1.bias:lr_mult=0.1
2026/03/24 09:36:42 - mmengine - INFO - paramwise_options -- backbone.CRFuse.ir_swin.stages.1.blocks.0.attn.w_msa.relative_position_bias_table:lr=1e-05
2026/03/24 09:36:42 - mmengine - INFO - paramwise_options -- backbone.CRFuse.ir_swin.stages.1.blocks.0.attn.w_msa.relative_position_bias_table:weight_decay=0.0001
2026/03/24 09:36:42 - mmengine - INFO - paramwise_options -- backbone.CRFuse.ir_swin.stages.1.blocks.0.attn.w_msa.relative_position_bias_table:lr_mult=0.1
2026/03/24 09:36:42 - mmengine - INFO - paramwise_options -- backbone.CRFuse.ir_swin.stages.1.blocks.0.attn.w_msa.qkv.weight:lr=1e-05
2026/03/24 09:36:42 - mmengine - INFO - paramwise_options -- backbone.CRFuse.ir_swin.stages.1.blocks.0.attn.w_msa.qkv.weight:weight_decay=0.0001
2026/03/24 09:36:42 - mmengine - INFO - paramwise_options -- backbone.CRFuse.ir_swin.stages.1.blocks.0.attn.w_msa.qkv.weight:lr_mult=0.1
2026/03/24 09:36:42 - mmengine - INFO - paramwise_options -- backbone.CRFuse.ir_swin.stages.1.blocks.0.attn.w_msa.qkv.bias:lr=1e-05
2026/03/24 09:36:42 - mmengine - INFO - paramwise_options -- backbone.CRFuse.ir_swin.stages.1.blocks.0.attn.w_msa.qkv.bias:weight_decay=0.0001
2026/03/24 09:36:42 - mmengine - INFO - paramwise_options -- backbone.CRFuse.ir_swin.stages.1.blocks.0.attn.w_msa.qkv.bias:lr_mult=0.1
2026/03/24 09:36:42 - mmengine - INFO - paramwise_options -- backbone.CRFuse.ir_swin.stages.1.blocks.0.attn.w_msa.proj.weight:lr=1e-05
2026/03/24 09:36:42 - mmengine - INFO - paramwise_options -- backbone.CRFuse.ir_swin.stages.1.blocks.0.attn.w_msa.proj.weight:weight_decay=0.0001
2026/03/24 09:36:42 - mmengine - INFO - paramwise_options -- backbone.CRFuse.ir_swin.stages.1.blocks.0.attn.w_msa.proj.weight:lr_mult=0.1
2026/03/24 09:36:42 - mmengine - INFO - paramwise_options -- backbone.CRFuse.ir_swin.stages.1.blocks.0.attn.w_msa.proj.bias:lr=1e-05
2026/03/24 09:36:42 - mmengine - INFO - paramwise_options -- backbone.CRFuse.ir_swin.stages.1.blocks.0.attn.w_msa.proj.bias:weight_decay=0.0001
2026/03/24 09:36:42 - mmengine - INFO - paramwise_options -- backbone.CRFuse.ir_swin.stages.1.blocks.0.attn.w_msa.proj.bias:lr_mult=0.1
2026/03/24 09:36:42 - mmengine - INFO - paramwise_options -- backbone.CRFuse.ir_swin.stages.1.blocks.0.norm2.weight:lr=1e-05
2026/03/24 09:36:42 - mmengine - INFO - paramwise_options -- backbone.CRFuse.ir_swin.stages.1.blocks.0.norm2.weight:weight_decay=0.0001
2026/03/24 09:36:42 - mmengine - INFO - paramwise_options -- backbone.CRFuse.ir_swin.stages.1.blocks.0.norm2.weight:lr_mult=0.1
2026/03/24 09:36:42 - mmengine - INFO - paramwise_options -- backbone.CRFuse.ir_swin.stages.1.blocks.0.norm2.bias:lr=1e-05
2026/03/24 09:36:42 - mmengine - INFO - paramwise_options -- backbone.CRFuse.ir_swin.stages.1.blocks.0.norm2.bias:weight_decay=0.0001
2026/03/24 09:36:42 - mmengine - INFO - paramwise_options -- backbone.CRFuse.ir_swin.stages.1.blocks.0.norm2.bias:lr_mult=0.1
2026/03/24 09:36:42 - mmengine - INFO - paramwise_options -- backbone.CRFuse.ir_swin.stages.1.blocks.0.ffn.layers.0.0.weight:lr=1e-05
2026/03/24 09:36:42 - mmengine - INFO - paramwise_options -- backbone.CRFuse.ir_swin.stages.1.blocks.0.ffn.layers.0.0.weight:weight_decay=0.0001
2026/03/24 09:36:42 - mmengine - INFO - paramwise_options -- backbone.CRFuse.ir_swin.stages.1.blocks.0.ffn.layers.0.0.weight:lr_mult=0.1
2026/03/24 09:36:42 - mmengine - INFO - paramwise_options -- backbone.CRFuse.ir_swin.stages.1.blocks.0.ffn.layers.0.0.bias:lr=1e-05
2026/03/24 09:36:42 - mmengine - INFO - paramwise_options -- backbone.CRFuse.ir_swin.stages.1.blocks.0.ffn.layers.0.0.bias:weight_decay=0.0001
2026/03/24 09:36:42 - mmengine - INFO - paramwise_options -- backbone.CRFuse.ir_swin.stages.1.blocks.0.ffn.layers.0.0.bias:lr_mult=0.1
2026/03/24 09:36:42 - mmengine - INFO - paramwise_options -- backbone.CRFuse.ir_swin.stages.1.blocks.0.ffn.layers.1.weight:lr=1e-05
2026/03/24 09:36:42 - mmengine - INFO - paramwise_options -- backbone.CRFuse.ir_swin.stages.1.blocks.0.ffn.layers.1.weight:weight_decay=0.0001
2026/03/24 09:36:42 - mmengine - INFO - paramwise_options -- backbone.CRFuse.ir_swin.stages.1.blocks.0.ffn.layers.1.weight:lr_mult=0.1
2026/03/24 09:36:42 - mmengine - INFO - paramwise_options -- backbone.CRFuse.ir_swin.stages.1.blocks.0.ffn.layers.1.bias:lr=1e-05
2026/03/24 09:36:42 - mmengine - INFO - paramwise_options -- backbone.CRFuse.ir_swin.stages.1.blocks.0.ffn.layers.1.bias:weight_decay=0.0001
2026/03/24 09:36:42 - mmengine - INFO - paramwise_options -- backbone.CRFuse.ir_swin.stages.1.blocks.0.ffn.layers.1.bias:lr_mult=0.1
2026/03/24 09:36:42 - mmengine - INFO - paramwise_options -- backbone.CRFuse.ir_swin.stages.1.blocks.1.norm1.weight:lr=1e-05
2026/03/24 09:36:42 - mmengine - INFO - paramwise_options -- backbone.CRFuse.ir_swin.stages.1.blocks.1.norm1.weight:weight_decay=0.0001
2026/03/24 09:36:42 - mmengine - INFO - paramwise_options -- backbone.CRFuse.ir_swin.stages.1.blocks.1.norm1.weight:lr_mult=0.1
2026/03/24 09:36:42 - mmengine - INFO - paramwise_options -- backbone.CRFuse.ir_swin.stages.1.blocks.1.norm1.bias:lr=1e-05
2026/03/24 09:36:42 - mmengine - INFO - paramwise_options -- backbone.CRFuse.ir_swin.stages.1.blocks.1.norm1.bias:weight_decay=0.0001
2026/03/24 09:36:42 - mmengine - INFO - paramwise_options -- backbone.CRFuse.ir_swin.stages.1.blocks.1.norm1.bias:lr_mult=0.1
2026/03/24 09:36:42 - mmengine - INFO - paramwise_options -- backbone.CRFuse.ir_swin.stages.1.blocks.1.attn.w_msa.relative_position_bias_table:lr=1e-05
2026/03/24 09:36:42 - mmengine - INFO - paramwise_options -- backbone.CRFuse.ir_swin.stages.1.blocks.1.attn.w_msa.relative_position_bias_table:weight_decay=0.0001
2026/03/24 09:36:42 - mmengine - INFO - paramwise_options -- backbone.CRFuse.ir_swin.stages.1.blocks.1.attn.w_msa.relative_position_bias_table:lr_mult=0.1
2026/03/24 09:36:42 - mmengine - INFO - paramwise_options -- backbone.CRFuse.ir_swin.stages.1.blocks.1.attn.w_msa.qkv.weight:lr=1e-05
2026/03/24 09:36:42 - mmengine - INFO - paramwise_options -- backbone.CRFuse.ir_swin.stages.1.blocks.1.attn.w_msa.qkv.weight:weight_decay=0.0001
2026/03/24 09:36:42 - mmengine - INFO - paramwise_options -- backbone.CRFuse.ir_swin.stages.1.blocks.1.attn.w_msa.qkv.weight:lr_mult=0.1
2026/03/24 09:36:42 - mmengine - INFO - paramwise_options -- backbone.CRFuse.ir_swin.stages.1.blocks.1.attn.w_msa.qkv.bias:lr=1e-05
2026/03/24 09:36:42 - mmengine - INFO - paramwise_options -- backbone.CRFuse.ir_swin.stages.1.blocks.1.attn.w_msa.qkv.bias:weight_decay=0.0001
2026/03/24 09:36:42 - mmengine - INFO - paramwise_options -- backbone.CRFuse.ir_swin.stages.1.blocks.1.attn.w_msa.qkv.bias:lr_mult=0.1
2026/03/24 09:36:42 - mmengine - INFO - paramwise_options -- backbone.CRFuse.ir_swin.stages.1.blocks.1.attn.w_msa.proj.weight:lr=1e-05
2026/03/24 09:36:42 - mmengine - INFO - paramwise_options -- backbone.CRFuse.ir_swin.stages.1.blocks.1.attn.w_msa.proj.weight:weight_decay=0.0001
2026/03/24 09:36:42 - mmengine - INFO - paramwise_options -- backbone.CRFuse.ir_swin.stages.1.blocks.1.attn.w_msa.proj.weight:lr_mult=0.1
2026/03/24 09:36:42 - mmengine - INFO - paramwise_options -- backbone.CRFuse.ir_swin.stages.1.blocks.1.attn.w_msa.proj.bias:lr=1e-05
2026/03/24 09:36:42 - mmengine - INFO - paramwise_options -- backbone.CRFuse.ir_swin.stages.1.blocks.1.attn.w_msa.proj.bias:weight_decay=0.0001
2026/03/24 09:36:42 - mmengine - INFO - paramwise_options -- backbone.CRFuse.ir_swin.stages.1.blocks.1.attn.w_msa.proj.bias:lr_mult=0.1
2026/03/24 09:36:42 - mmengine - INFO - paramwise_options -- backbone.CRFuse.ir_swin.stages.1.blocks.1.norm2.weight:lr=1e-05
2026/03/24 09:36:42 - mmengine - INFO - paramwise_options -- backbone.CRFuse.ir_swin.stages.1.blocks.1.norm2.weight:weight_decay=0.0001
2026/03/24 09:36:42 - mmengine - INFO - paramwise_options -- backbone.CRFuse.ir_swin.stages.1.blocks.1.norm2.weight:lr_mult=0.1
2026/03/24 09:36:42 - mmengine - INFO - paramwise_options -- backbone.CRFuse.ir_swin.stages.1.blocks.1.norm2.bias:lr=1e-05
2026/03/24 09:36:42 - mmengine - INFO - paramwise_options -- backbone.CRFuse.ir_swin.stages.1.blocks.1.norm2.bias:weight_decay=0.0001
2026/03/24 09:36:42 - mmengine - INFO - paramwise_options -- backbone.CRFuse.ir_swin.stages.1.blocks.1.norm2.bias:lr_mult=0.1
2026/03/24 09:36:42 - mmengine - INFO - paramwise_options -- backbone.CRFuse.ir_swin.stages.1.blocks.1.ffn.layers.0.0.weight:lr=1e-05
2026/03/24 09:36:42 - mmengine - INFO - paramwise_options -- backbone.CRFuse.ir_swin.stages.1.blocks.1.ffn.layers.0.0.weight:weight_decay=0.0001
2026/03/24 09:36:42 - mmengine - INFO - paramwise_options -- backbone.CRFuse.ir_swin.stages.1.blocks.1.ffn.layers.0.0.weight:lr_mult=0.1
2026/03/24 09:36:42 - mmengine - INFO - paramwise_options -- backbone.CRFuse.ir_swin.stages.1.blocks.1.ffn.layers.0.0.bias:lr=1e-05
2026/03/24 09:36:42 - mmengine - INFO - paramwise_options -- backbone.CRFuse.ir_swin.stages.1.blocks.1.ffn.layers.0.0.bias:weight_decay=0.0001
2026/03/24 09:36:42 - mmengine - INFO - paramwise_options -- backbone.CRFuse.ir_swin.stages.1.blocks.1.ffn.layers.0.0.bias:lr_mult=0.1
2026/03/24 09:36:42 - mmengine - INFO - paramwise_options -- backbone.CRFuse.ir_swin.stages.1.blocks.1.ffn.layers.1.weight:lr=1e-05
2026/03/24 09:36:42 - mmengine - INFO - paramwise_options -- backbone.CRFuse.ir_swin.stages.1.blocks.1.ffn.layers.1.weight:weight_decay=0.0001
2026/03/24 09:36:42 - mmengine - INFO - paramwise_options -- backbone.CRFuse.ir_swin.stages.1.blocks.1.ffn.layers.1.weight:lr_mult=0.1
2026/03/24 09:36:42 - mmengine - INFO - paramwise_options -- backbone.CRFuse.ir_swin.stages.1.blocks.1.ffn.layers.1.bias:lr=1e-05
2026/03/24 09:36:42 - mmengine - INFO - paramwise_options -- backbone.CRFuse.ir_swin.stages.1.blocks.1.ffn.layers.1.bias:weight_decay=0.0001
2026/03/24 09:36:42 - mmengine - INFO - paramwise_options -- backbone.CRFuse.ir_swin.stages.1.blocks.1.ffn.layers.1.bias:lr_mult=0.1
2026/03/24 09:36:42 - mmengine - INFO - paramwise_options -- backbone.CRFuse.ir_swin.stages.1.downsample.norm.weight:lr=1e-05
2026/03/24 09:36:42 - mmengine - INFO - paramwise_options -- backbone.CRFuse.ir_swin.stages.1.downsample.norm.weight:weight_decay=0.0001
2026/03/24 09:36:42 - mmengine - INFO - paramwise_options -- backbone.CRFuse.ir_swin.stages.1.downsample.norm.weight:lr_mult=0.1
2026/03/24 09:36:42 - mmengine - INFO - paramwise_options -- backbone.CRFuse.ir_swin.stages.1.downsample.norm.bias:lr=1e-05
2026/03/24 09:36:42 - mmengine - INFO - paramwise_options -- backbone.CRFuse.ir_swin.stages.1.downsample.norm.bias:weight_decay=0.0001
2026/03/24 09:36:42 - mmengine - INFO - paramwise_options -- backbone.CRFuse.ir_swin.stages.1.downsample.norm.bias:lr_mult=0.1
2026/03/24 09:36:42 - mmengine - INFO - paramwise_options -- backbone.CRFuse.ir_swin.stages.1.downsample.reduction.weight:lr=1e-05
2026/03/24 09:36:42 - mmengine - INFO - paramwise_options -- backbone.CRFuse.ir_swin.stages.1.downsample.reduction.weight:weight_decay=0.0001
2026/03/24 09:36:42 - mmengine - INFO - paramwise_options -- backbone.CRFuse.ir_swin.stages.1.downsample.reduction.weight:lr_mult=0.1
2026/03/24 09:36:42 - mmengine - INFO - paramwise_options -- backbone.CRFuse.ir_swin.stages.2.blocks.0.norm1.weight:lr=1e-05
2026/03/24 09:36:42 - mmengine - INFO - paramwise_options -- backbone.CRFuse.ir_swin.stages.2.blocks.0.norm1.weight:weight_decay=0.0001
2026/03/24 09:36:42 - mmengine - INFO - paramwise_options -- backbone.CRFuse.ir_swin.stages.2.blocks.0.norm1.weight:lr_mult=0.1
2026/03/24 09:36:42 - mmengine - INFO - paramwise_options -- backbone.CRFuse.ir_swin.stages.2.blocks.0.norm1.bias:lr=1e-05
2026/03/24 09:36:42 - mmengine - INFO - paramwise_options -- backbone.CRFuse.ir_swin.stages.2.blocks.0.norm1.bias:weight_decay=0.0001
2026/03/24 09:36:42 - mmengine - INFO - paramwise_options -- backbone.CRFuse.ir_swin.stages.2.blocks.0.norm1.bias:lr_mult=0.1
2026/03/24 09:36:42 - mmengine - INFO - paramwise_options -- backbone.CRFuse.ir_swin.stages.2.blocks.0.attn.w_msa.relative_position_bias_table:lr=1e-05
2026/03/24 09:36:42 - mmengine - INFO - paramwise_options -- backbone.CRFuse.ir_swin.stages.2.blocks.0.attn.w_msa.relative_position_bias_table:weight_decay=0.0001
2026/03/24 09:36:42 - mmengine - INFO - paramwise_options -- backbone.CRFuse.ir_swin.stages.2.blocks.0.attn.w_msa.relative_position_bias_table:lr_mult=0.1
2026/03/24 09:36:42 - mmengine - INFO - paramwise_options -- backbone.CRFuse.ir_swin.stages.2.blocks.0.attn.w_msa.qkv.weight:lr=1e-05
2026/03/24 09:36:42 - mmengine - INFO - paramwise_options -- backbone.CRFuse.ir_swin.stages.2.blocks.0.attn.w_msa.qkv.weight:weight_decay=0.0001
2026/03/24 09:36:42 - mmengine - INFO - paramwise_options -- backbone.CRFuse.ir_swin.stages.2.blocks.0.attn.w_msa.qkv.weight:lr_mult=0.1
2026/03/24 09:36:42 - mmengine - INFO - paramwise_options -- backbone.CRFuse.ir_swin.stages.2.blocks.0.attn.w_msa.qkv.bias:lr=1e-05
2026/03/24 09:36:42 - mmengine - INFO - paramwise_options -- backbone.CRFuse.ir_swin.stages.2.blocks.0.attn.w_msa.qkv.bias:weight_decay=0.0001
2026/03/24 09:36:42 - mmengine - INFO - paramwise_options -- backbone.CRFuse.ir_swin.stages.2.blocks.0.attn.w_msa.qkv.bias:lr_mult=0.1
2026/03/24 09:36:42 - mmengine - INFO - paramwise_options -- backbone.CRFuse.ir_swin.stages.2.blocks.0.attn.w_msa.proj.weight:lr=1e-05
2026/03/24 09:36:42 - mmengine - INFO - paramwise_options -- backbone.CRFuse.ir_swin.stages.2.blocks.0.attn.w_msa.proj.weight:weight_decay=0.0001
2026/03/24 09:36:42 - mmengine - INFO - paramwise_options -- backbone.CRFuse.ir_swin.stages.2.blocks.0.attn.w_msa.proj.weight:lr_mult=0.1
2026/03/24 09:36:42 - mmengine - INFO - paramwise_options -- backbone.CRFuse.ir_swin.stages.2.blocks.0.attn.w_msa.proj.bias:lr=1e-05
2026/03/24 09:36:42 - mmengine - INFO - paramwise_options -- backbone.CRFuse.ir_swin.stages.2.blocks.0.attn.w_msa.proj.bias:weight_decay=0.0001
2026/03/24 09:36:42 - mmengine - INFO - paramwise_options -- backbone.CRFuse.ir_swin.stages.2.blocks.0.attn.w_msa.proj.bias:lr_mult=0.1
2026/03/24 09:36:42 - mmengine - INFO - paramwise_options -- backbone.CRFuse.ir_swin.stages.2.blocks.0.norm2.weight:lr=1e-05
2026/03/24 09:36:42 - mmengine - INFO - paramwise_options -- backbone.CRFuse.ir_swin.stages.2.blocks.0.norm2.weight:weight_decay=0.0001
2026/03/24 09:36:42 - mmengine - INFO - paramwise_options -- backbone.CRFuse.ir_swin.stages.2.blocks.0.norm2.weight:lr_mult=0.1
2026/03/24 09:36:42 - mmengine - INFO - paramwise_options -- backbone.CRFuse.ir_swin.stages.2.blocks.0.norm2.bias:lr=1e-05
2026/03/24 09:36:42 - mmengine - INFO - paramwise_options -- backbone.CRFuse.ir_swin.stages.2.blocks.0.norm2.bias:weight_decay=0.0001
2026/03/24 09:36:42 - mmengine - INFO - paramwise_options -- backbone.CRFuse.ir_swin.stages.2.blocks.0.norm2.bias:lr_mult=0.1
2026/03/24 09:36:42 - mmengine - INFO - paramwise_options -- backbone.CRFuse.ir_swin.stages.2.blocks.0.ffn.layers.0.0.weight:lr=1e-05
2026/03/24 09:36:42 - mmengine - INFO - paramwise_options -- backbone.CRFuse.ir_swin.stages.2.blocks.0.ffn.layers.0.0.weight:weight_decay=0.0001
2026/03/24 09:36:42 - mmengine - INFO - paramwise_options -- backbone.CRFuse.ir_swin.stages.2.blocks.0.ffn.layers.0.0.weight:lr_mult=0.1
2026/03/24 09:36:42 - mmengine - INFO - paramwise_options -- backbone.CRFuse.ir_swin.stages.2.blocks.0.ffn.layers.0.0.bias:lr=1e-05
2026/03/24 09:36:42 - mmengine - INFO - paramwise_options -- backbone.CRFuse.ir_swin.stages.2.blocks.0.ffn.layers.0.0.bias:weight_decay=0.0001
2026/03/24 09:36:42 - mmengine - INFO - paramwise_options -- backbone.CRFuse.ir_swin.stages.2.blocks.0.ffn.layers.0.0.bias:lr_mult=0.1
2026/03/24 09:36:42 - mmengine - INFO - paramwise_options -- backbone.CRFuse.ir_swin.stages.2.blocks.0.ffn.layers.1.weight:lr=1e-05
2026/03/24 09:36:42 - mmengine - INFO - paramwise_options -- backbone.CRFuse.ir_swin.stages.2.blocks.0.ffn.layers.1.weight:weight_decay=0.0001
2026/03/24 09:36:42 - mmengine - INFO - paramwise_options -- backbone.CRFuse.ir_swin.stages.2.blocks.0.ffn.layers.1.weight:lr_mult=0.1
2026/03/24 09:36:42 - mmengine - INFO - paramwise_options -- backbone.CRFuse.ir_swin.stages.2.blocks.0.ffn.layers.1.bias:lr=1e-05
2026/03/24 09:36:42 - mmengine - INFO - paramwise_options -- backbone.CRFuse.ir_swin.stages.2.blocks.0.ffn.layers.1.bias:weight_decay=0.0001
2026/03/24 09:36:42 - mmengine - INFO - paramwise_options -- backbone.CRFuse.ir_swin.stages.2.blocks.0.ffn.layers.1.bias:lr_mult=0.1
2026/03/24 09:36:42 - mmengine - INFO - paramwise_options -- backbone.CRFuse.ir_swin.stages.2.blocks.1.norm1.weight:lr=1e-05
2026/03/24 09:36:42 - mmengine - INFO - paramwise_options -- backbone.CRFuse.ir_swin.stages.2.blocks.1.norm1.weight:weight_decay=0.0001
2026/03/24 09:36:42 - mmengine - INFO - paramwise_options -- backbone.CRFuse.ir_swin.stages.2.blocks.1.norm1.weight:lr_mult=0.1
2026/03/24 09:36:42 - mmengine - INFO - paramwise_options -- backbone.CRFuse.ir_swin.stages.2.blocks.1.norm1.bias:lr=1e-05
2026/03/24 09:36:42 - mmengine - INFO - paramwise_options -- backbone.CRFuse.ir_swin.stages.2.blocks.1.norm1.bias:weight_decay=0.0001
2026/03/24 09:36:42 - mmengine - INFO - paramwise_options -- backbone.CRFuse.ir_swin.stages.2.blocks.1.norm1.bias:lr_mult=0.1
2026/03/24 09:36:42 - mmengine - INFO - paramwise_options -- backbone.CRFuse.ir_swin.stages.2.blocks.1.attn.w_msa.relative_position_bias_table:lr=1e-05
2026/03/24 09:36:42 - mmengine - INFO - paramwise_options -- backbone.CRFuse.ir_swin.stages.2.blocks.1.attn.w_msa.relative_position_bias_table:weight_decay=0.0001
2026/03/24 09:36:42 - mmengine - INFO - paramwise_options -- backbone.CRFuse.ir_swin.stages.2.blocks.1.attn.w_msa.relative_position_bias_table:lr_mult=0.1
2026/03/24 09:36:42 - mmengine - INFO - paramwise_options -- backbone.CRFuse.ir_swin.stages.2.blocks.1.attn.w_msa.qkv.weight:lr=1e-05
2026/03/24 09:36:42 - mmengine - INFO - paramwise_options -- backbone.CRFuse.ir_swin.stages.2.blocks.1.attn.w_msa.qkv.weight:weight_decay=0.0001
2026/03/24 09:36:42 - mmengine - INFO - paramwise_options -- backbone.CRFuse.ir_swin.stages.2.blocks.1.attn.w_msa.qkv.weight:lr_mult=0.1
2026/03/24 09:36:42 - mmengine - INFO - paramwise_options -- backbone.CRFuse.ir_swin.stages.2.blocks.1.attn.w_msa.qkv.bias:lr=1e-05
2026/03/24 09:36:42 - mmengine - INFO - paramwise_options -- backbone.CRFuse.ir_swin.stages.2.blocks.1.attn.w_msa.qkv.bias:weight_decay=0.0001
2026/03/24 09:36:42 - mmengine - INFO - paramwise_options -- backbone.CRFuse.ir_swin.stages.2.blocks.1.attn.w_msa.qkv.bias:lr_mult=0.1
2026/03/24 09:36:42 - mmengine - INFO - paramwise_options -- backbone.CRFuse.ir_swin.stages.2.blocks.1.attn.w_msa.proj.weight:lr=1e-05
2026/03/24 09:36:42 - mmengine - INFO - paramwise_options -- backbone.CRFuse.ir_swin.stages.2.blocks.1.attn.w_msa.proj.weight:weight_decay=0.0001
2026/03/24 09:36:42 - mmengine - INFO - paramwise_options -- backbone.CRFuse.ir_swin.stages.2.blocks.1.attn.w_msa.proj.weight:lr_mult=0.1
2026/03/24 09:36:42 - mmengine - INFO - paramwise_options -- backbone.CRFuse.ir_swin.stages.2.blocks.1.attn.w_msa.proj.bias:lr=1e-05
2026/03/24 09:36:42 - mmengine - INFO - paramwise_options -- backbone.CRFuse.ir_swin.stages.2.blocks.1.attn.w_msa.proj.bias:weight_decay=0.0001
2026/03/24 09:36:42 - mmengine - INFO - paramwise_options -- backbone.CRFuse.ir_swin.stages.2.blocks.1.attn.w_msa.proj.bias:lr_mult=0.1
2026/03/24 09:36:42 - mmengine - INFO - paramwise_options -- backbone.CRFuse.ir_swin.stages.2.blocks.1.norm2.weight:lr=1e-05
2026/03/24 09:36:42 - mmengine - INFO - paramwise_options -- backbone.CRFuse.ir_swin.stages.2.blocks.1.norm2.weight:weight_decay=0.0001
2026/03/24 09:36:42 - mmengine - INFO - paramwise_options -- backbone.CRFuse.ir_swin.stages.2.blocks.1.norm2.weight:lr_mult=0.1
2026/03/24 09:36:42 - mmengine - INFO - paramwise_options -- backbone.CRFuse.ir_swin.stages.2.blocks.1.norm2.bias:lr=1e-05
2026/03/24 09:36:42 - mmengine - INFO - paramwise_options -- backbone.CRFuse.ir_swin.stages.2.blocks.1.norm2.bias:weight_decay=0.0001
2026/03/24 09:36:42 - mmengine - INFO - paramwise_options -- backbone.CRFuse.ir_swin.stages.2.blocks.1.norm2.bias:lr_mult=0.1
2026/03/24 09:36:42 - mmengine - INFO - paramwise_options -- backbone.CRFuse.ir_swin.stages.2.blocks.1.ffn.layers.0.0.weight:lr=1e-05
2026/03/24 09:36:42 - mmengine - INFO - paramwise_options -- backbone.CRFuse.ir_swin.stages.2.blocks.1.ffn.layers.0.0.weight:weight_decay=0.0001
2026/03/24 09:36:42 - mmengine - INFO - paramwise_options -- backbone.CRFuse.ir_swin.stages.2.blocks.1.ffn.layers.0.0.weight:lr_mult=0.1
2026/03/24 09:36:42 - mmengine - INFO - paramwise_options -- backbone.CRFuse.ir_swin.stages.2.blocks.1.ffn.layers.0.0.bias:lr=1e-05
2026/03/24 09:36:42 - mmengine - INFO - paramwise_options -- backbone.CRFuse.ir_swin.stages.2.blocks.1.ffn.layers.0.0.bias:weight_decay=0.0001
2026/03/24 09:36:42 - mmengine - INFO - paramwise_options -- backbone.CRFuse.ir_swin.stages.2.blocks.1.ffn.layers.0.0.bias:lr_mult=0.1
2026/03/24 09:36:42 - mmengine - INFO - paramwise_options -- backbone.CRFuse.ir_swin.stages.2.blocks.1.ffn.layers.1.weight:lr=1e-05
2026/03/24 09:36:42 - mmengine - INFO - paramwise_options -- backbone.CRFuse.ir_swin.stages.2.blocks.1.ffn.layers.1.weight:weight_decay=0.0001
2026/03/24 09:36:42 - mmengine - INFO - paramwise_options -- backbone.CRFuse.ir_swin.stages.2.blocks.1.ffn.layers.1.weight:lr_mult=0.1
2026/03/24 09:36:42 - mmengine - INFO - paramwise_options -- backbone.CRFuse.ir_swin.stages.2.blocks.1.ffn.layers.1.bias:lr=1e-05
2026/03/24 09:36:42 - mmengine - INFO - paramwise_options -- backbone.CRFuse.ir_swin.stages.2.blocks.1.ffn.layers.1.bias:weight_decay=0.0001
2026/03/24 09:36:42 - mmengine - INFO - paramwise_options -- backbone.CRFuse.ir_swin.stages.2.blocks.1.ffn.layers.1.bias:lr_mult=0.1
2026/03/24 09:36:42 - mmengine - INFO - paramwise_options -- backbone.CRFuse.ir_swin.stages.2.blocks.2.norm1.weight:lr=1e-05
2026/03/24 09:36:42 - mmengine - INFO - paramwise_options -- backbone.CRFuse.ir_swin.stages.2.blocks.2.norm1.weight:weight_decay=0.0001
2026/03/24 09:36:42 - mmengine - INFO - paramwise_options -- backbone.CRFuse.ir_swin.stages.2.blocks.2.norm1.weight:lr_mult=0.1
2026/03/24 09:36:42 - mmengine - INFO - paramwise_options -- backbone.CRFuse.ir_swin.stages.2.blocks.2.norm1.bias:lr=1e-05
2026/03/24 09:36:42 - mmengine - INFO - paramwise_options -- backbone.CRFuse.ir_swin.stages.2.blocks.2.norm1.bias:weight_decay=0.0001
2026/03/24 09:36:42 - mmengine - INFO - paramwise_options -- backbone.CRFuse.ir_swin.stages.2.blocks.2.norm1.bias:lr_mult=0.1
2026/03/24 09:36:42 - mmengine - INFO - paramwise_options -- backbone.CRFuse.ir_swin.stages.2.blocks.2.attn.w_msa.relative_position_bias_table:lr=1e-05
2026/03/24 09:36:42 - mmengine - INFO - paramwise_options -- backbone.CRFuse.ir_swin.stages.2.blocks.2.attn.w_msa.relative_position_bias_table:weight_decay=0.0001
2026/03/24 09:36:42 - mmengine - INFO - paramwise_options -- backbone.CRFuse.ir_swin.stages.2.blocks.2.attn.w_msa.relative_position_bias_table:lr_mult=0.1
2026/03/24 09:36:42 - mmengine - INFO - paramwise_options -- backbone.CRFuse.ir_swin.stages.2.blocks.2.attn.w_msa.qkv.weight:lr=1e-05
2026/03/24 09:36:42 - mmengine - INFO - paramwise_options -- backbone.CRFuse.ir_swin.stages.2.blocks.2.attn.w_msa.qkv.weight:weight_decay=0.0001
2026/03/24 09:36:42 - mmengine - INFO - paramwise_options -- backbone.CRFuse.ir_swin.stages.2.blocks.2.attn.w_msa.qkv.weight:lr_mult=0.1
2026/03/24 09:36:42 - mmengine - INFO - paramwise_options -- backbone.CRFuse.ir_swin.stages.2.blocks.2.attn.w_msa.qkv.bias:lr=1e-05
2026/03/24 09:36:42 - mmengine - INFO - paramwise_options -- backbone.CRFuse.ir_swin.stages.2.blocks.2.attn.w_msa.qkv.bias:weight_decay=0.0001
2026/03/24 09:36:42 - mmengine - INFO - paramwise_options -- backbone.CRFuse.ir_swin.stages.2.blocks.2.attn.w_msa.qkv.bias:lr_mult=0.1
2026/03/24 09:36:42 - mmengine - INFO - paramwise_options -- backbone.CRFuse.ir_swin.stages.2.blocks.2.attn.w_msa.proj.weight:lr=1e-05
2026/03/24 09:36:42 - mmengine - INFO - paramwise_options -- backbone.CRFuse.ir_swin.stages.2.blocks.2.attn.w_msa.proj.weight:weight_decay=0.0001
2026/03/24 09:36:42 - mmengine - INFO - paramwise_options -- backbone.CRFuse.ir_swin.stages.2.blocks.2.attn.w_msa.proj.weight:lr_mult=0.1
2026/03/24 09:36:42 - mmengine - INFO - paramwise_options -- backbone.CRFuse.ir_swin.stages.2.blocks.2.attn.w_msa.proj.bias:lr=1e-05
2026/03/24 09:36:42 - mmengine - INFO - paramwise_options -- backbone.CRFuse.ir_swin.stages.2.blocks.2.attn.w_msa.proj.bias:weight_decay=0.0001
2026/03/24 09:36:42 - mmengine - INFO - paramwise_options -- backbone.CRFuse.ir_swin.stages.2.blocks.2.attn.w_msa.proj.bias:lr_mult=0.1
2026/03/24 09:36:42 - mmengine - INFO - paramwise_options -- backbone.CRFuse.ir_swin.stages.2.blocks.2.norm2.weight:lr=1e-05
2026/03/24 09:36:42 - mmengine - INFO - paramwise_options -- backbone.CRFuse.ir_swin.stages.2.blocks.2.norm2.weight:weight_decay=0.0001
2026/03/24 09:36:42 - mmengine - INFO - paramwise_options -- backbone.CRFuse.ir_swin.stages.2.blocks.2.norm2.weight:lr_mult=0.1
2026/03/24 09:36:42 - mmengine - INFO - paramwise_options -- backbone.CRFuse.ir_swin.stages.2.blocks.2.norm2.bias:lr=1e-05
2026/03/24 09:36:42 - mmengine - INFO - paramwise_options -- backbone.CRFuse.ir_swin.stages.2.blocks.2.norm2.bias:weight_decay=0.0001
2026/03/24 09:36:42 - mmengine - INFO - paramwise_options -- backbone.CRFuse.ir_swin.stages.2.blocks.2.norm2.bias:lr_mult=0.1
2026/03/24 09:36:42 - mmengine - INFO - paramwise_options -- backbone.CRFuse.ir_swin.stages.2.blocks.2.ffn.layers.0.0.weight:lr=1e-05
2026/03/24 09:36:42 - mmengine - INFO - paramwise_options -- backbone.CRFuse.ir_swin.stages.2.blocks.2.ffn.layers.0.0.weight:weight_decay=0.0001
2026/03/24 09:36:42 - mmengine - INFO - paramwise_options -- backbone.CRFuse.ir_swin.stages.2.blocks.2.ffn.layers.0.0.weight:lr_mult=0.1
2026/03/24 09:36:42 - mmengine - INFO - paramwise_options -- backbone.CRFuse.ir_swin.stages.2.blocks.2.ffn.layers.0.0.bias:lr=1e-05
2026/03/24 09:36:42 - mmengine - INFO - paramwise_options -- backbone.CRFuse.ir_swin.stages.2.blocks.2.ffn.layers.0.0.bias:weight_decay=0.0001
2026/03/24 09:36:42 - mmengine - INFO - paramwise_options -- backbone.CRFuse.ir_swin.stages.2.blocks.2.ffn.layers.0.0.bias:lr_mult=0.1
2026/03/24 09:36:42 - mmengine - INFO - paramwise_options -- backbone.CRFuse.ir_swin.stages.2.blocks.2.ffn.layers.1.weight:lr=1e-05
2026/03/24 09:36:42 - mmengine - INFO - paramwise_options -- backbone.CRFuse.ir_swin.stages.2.blocks.2.ffn.layers.1.weight:weight_decay=0.0001
2026/03/24 09:36:42 - mmengine - INFO - paramwise_options -- backbone.CRFuse.ir_swin.stages.2.blocks.2.ffn.layers.1.weight:lr_mult=0.1
2026/03/24 09:36:42 - mmengine - INFO - paramwise_options -- backbone.CRFuse.ir_swin.stages.2.blocks.2.ffn.layers.1.bias:lr=1e-05
2026/03/24 09:36:42 - mmengine - INFO - paramwise_options -- backbone.CRFuse.ir_swin.stages.2.blocks.2.ffn.layers.1.bias:weight_decay=0.0001
2026/03/24 09:36:42 - mmengine - INFO - paramwise_options -- backbone.CRFuse.ir_swin.stages.2.blocks.2.ffn.layers.1.bias:lr_mult=0.1
2026/03/24 09:36:42 - mmengine - INFO - paramwise_options -- backbone.CRFuse.ir_swin.stages.2.blocks.3.norm1.weight:lr=1e-05
2026/03/24 09:36:42 - mmengine - INFO - paramwise_options -- backbone.CRFuse.ir_swin.stages.2.blocks.3.norm1.weight:weight_decay=0.0001
2026/03/24 09:36:42 - mmengine - INFO - paramwise_options -- backbone.CRFuse.ir_swin.stages.2.blocks.3.norm1.weight:lr_mult=0.1
2026/03/24 09:36:42 - mmengine - INFO - paramwise_options -- backbone.CRFuse.ir_swin.stages.2.blocks.3.norm1.bias:lr=1e-05
2026/03/24 09:36:42 - mmengine - INFO - paramwise_options -- backbone.CRFuse.ir_swin.stages.2.blocks.3.norm1.bias:weight_decay=0.0001
2026/03/24 09:36:42 - mmengine - INFO - paramwise_options -- backbone.CRFuse.ir_swin.stages.2.blocks.3.norm1.bias:lr_mult=0.1
2026/03/24 09:36:42 - mmengine - INFO - paramwise_options -- backbone.CRFuse.ir_swin.stages.2.blocks.3.attn.w_msa.relative_position_bias_table:lr=1e-05
2026/03/24 09:36:42 - mmengine - INFO - paramwise_options -- backbone.CRFuse.ir_swin.stages.2.blocks.3.attn.w_msa.relative_position_bias_table:weight_decay=0.0001
2026/03/24 09:36:42 - mmengine - INFO - paramwise_options -- backbone.CRFuse.ir_swin.stages.2.blocks.3.attn.w_msa.relative_position_bias_table:lr_mult=0.1
2026/03/24 09:36:42 - mmengine - INFO - paramwise_options -- backbone.CRFuse.ir_swin.stages.2.blocks.3.attn.w_msa.qkv.weight:lr=1e-05
2026/03/24 09:36:42 - mmengine - INFO - paramwise_options -- backbone.CRFuse.ir_swin.stages.2.blocks.3.attn.w_msa.qkv.weight:weight_decay=0.0001
2026/03/24 09:36:42 - mmengine - INFO - paramwise_options -- backbone.CRFuse.ir_swin.stages.2.blocks.3.attn.w_msa.qkv.weight:lr_mult=0.1
2026/03/24 09:36:42 - mmengine - INFO - paramwise_options -- backbone.CRFuse.ir_swin.stages.2.blocks.3.attn.w_msa.qkv.bias:lr=1e-05
2026/03/24 09:36:42 - mmengine - INFO - paramwise_options -- backbone.CRFuse.ir_swin.stages.2.blocks.3.attn.w_msa.qkv.bias:weight_decay=0.0001
2026/03/24 09:36:42 - mmengine - INFO - paramwise_options -- backbone.CRFuse.ir_swin.stages.2.blocks.3.attn.w_msa.qkv.bias:lr_mult=0.1
2026/03/24 09:36:42 - mmengine - INFO - paramwise_options -- backbone.CRFuse.ir_swin.stages.2.blocks.3.attn.w_msa.proj.weight:lr=1e-05
2026/03/24 09:36:42 - mmengine - INFO - paramwise_options -- backbone.CRFuse.ir_swin.stages.2.blocks.3.attn.w_msa.proj.weight:weight_decay=0.0001
2026/03/24 09:36:42 - mmengine - INFO - paramwise_options -- backbone.CRFuse.ir_swin.stages.2.blocks.3.attn.w_msa.proj.weight:lr_mult=0.1
2026/03/24 09:36:42 - mmengine - INFO - paramwise_options -- backbone.CRFuse.ir_swin.stages.2.blocks.3.attn.w_msa.proj.bias:lr=1e-05
2026/03/24 09:36:42 - mmengine - INFO - paramwise_options -- backbone.CRFuse.ir_swin.stages.2.blocks.3.attn.w_msa.proj.bias:weight_decay=0.0001
2026/03/24 09:36:42 - mmengine - INFO - paramwise_options -- backbone.CRFuse.ir_swin.stages.2.blocks.3.attn.w_msa.proj.bias:lr_mult=0.1
2026/03/24 09:36:42 - mmengine - INFO - paramwise_options -- backbone.CRFuse.ir_swin.stages.2.blocks.3.norm2.weight:lr=1e-05
2026/03/24 09:36:42 - mmengine - INFO - paramwise_options -- backbone.CRFuse.ir_swin.stages.2.blocks.3.norm2.weight:weight_decay=0.0001
2026/03/24 09:36:42 - mmengine - INFO - paramwise_options -- backbone.CRFuse.ir_swin.stages.2.blocks.3.norm2.weight:lr_mult=0.1
2026/03/24 09:36:42 - mmengine - INFO - paramwise_options -- backbone.CRFuse.ir_swin.stages.2.blocks.3.norm2.bias:lr=1e-05
2026/03/24 09:36:42 - mmengine - INFO - paramwise_options -- backbone.CRFuse.ir_swin.stages.2.blocks.3.norm2.bias:weight_decay=0.0001
2026/03/24 09:36:42 - mmengine - INFO - paramwise_options -- backbone.CRFuse.ir_swin.stages.2.blocks.3.norm2.bias:lr_mult=0.1
2026/03/24 09:36:42 - mmengine - INFO - paramwise_options -- backbone.CRFuse.ir_swin.stages.2.blocks.3.ffn.layers.0.0.weight:lr=1e-05
2026/03/24 09:36:42 - mmengine - INFO - paramwise_options -- backbone.CRFuse.ir_swin.stages.2.blocks.3.ffn.layers.0.0.weight:weight_decay=0.0001
2026/03/24 09:36:42 - mmengine - INFO - paramwise_options -- backbone.CRFuse.ir_swin.stages.2.blocks.3.ffn.layers.0.0.weight:lr_mult=0.1
2026/03/24 09:36:42 - mmengine - INFO - paramwise_options -- backbone.CRFuse.ir_swin.stages.2.blocks.3.ffn.layers.0.0.bias:lr=1e-05
2026/03/24 09:36:42 - mmengine - INFO - paramwise_options -- backbone.CRFuse.ir_swin.stages.2.blocks.3.ffn.layers.0.0.bias:weight_decay=0.0001
2026/03/24 09:36:42 - mmengine - INFO - paramwise_options -- backbone.CRFuse.ir_swin.stages.2.blocks.3.ffn.layers.0.0.bias:lr_mult=0.1
2026/03/24 09:36:42 - mmengine - INFO - paramwise_options -- backbone.CRFuse.ir_swin.stages.2.blocks.3.ffn.layers.1.weight:lr=1e-05
2026/03/24 09:36:42 - mmengine - INFO - paramwise_options -- backbone.CRFuse.ir_swin.stages.2.blocks.3.ffn.layers.1.weight:weight_decay=0.0001
2026/03/24 09:36:42 - mmengine - INFO - paramwise_options -- backbone.CRFuse.ir_swin.stages.2.blocks.3.ffn.layers.1.weight:lr_mult=0.1
2026/03/24 09:36:42 - mmengine - INFO - paramwise_options -- backbone.CRFuse.ir_swin.stages.2.blocks.3.ffn.layers.1.bias:lr=1e-05
2026/03/24 09:36:42 - mmengine - INFO - paramwise_options -- backbone.CRFuse.ir_swin.stages.2.blocks.3.ffn.layers.1.bias:weight_decay=0.0001
2026/03/24 09:36:42 - mmengine - INFO - paramwise_options -- backbone.CRFuse.ir_swin.stages.2.blocks.3.ffn.layers.1.bias:lr_mult=0.1
2026/03/24 09:36:42 - mmengine - INFO - paramwise_options -- backbone.CRFuse.ir_swin.stages.2.blocks.4.norm1.weight:lr=1e-05
2026/03/24 09:36:42 - mmengine - INFO - paramwise_options -- backbone.CRFuse.ir_swin.stages.2.blocks.4.norm1.weight:weight_decay=0.0001
2026/03/24 09:36:42 - mmengine - INFO - paramwise_options -- backbone.CRFuse.ir_swin.stages.2.blocks.4.norm1.weight:lr_mult=0.1
2026/03/24 09:36:42 - mmengine - INFO - paramwise_options -- backbone.CRFuse.ir_swin.stages.2.blocks.4.norm1.bias:lr=1e-05
2026/03/24 09:36:42 - mmengine - INFO - paramwise_options -- backbone.CRFuse.ir_swin.stages.2.blocks.4.norm1.bias:weight_decay=0.0001
2026/03/24 09:36:42 - mmengine - INFO - paramwise_options -- backbone.CRFuse.ir_swin.stages.2.blocks.4.norm1.bias:lr_mult=0.1
2026/03/24 09:36:42 - mmengine - INFO - paramwise_options -- backbone.CRFuse.ir_swin.stages.2.blocks.4.attn.w_msa.relative_position_bias_table:lr=1e-05
2026/03/24 09:36:42 - mmengine - INFO - paramwise_options -- backbone.CRFuse.ir_swin.stages.2.blocks.4.attn.w_msa.relative_position_bias_table:weight_decay=0.0001
2026/03/24 09:36:42 - mmengine - INFO - paramwise_options -- backbone.CRFuse.ir_swin.stages.2.blocks.4.attn.w_msa.relative_position_bias_table:lr_mult=0.1
2026/03/24 09:36:42 - mmengine - INFO - paramwise_options -- backbone.CRFuse.ir_swin.stages.2.blocks.4.attn.w_msa.qkv.weight:lr=1e-05
2026/03/24 09:36:42 - mmengine - INFO - paramwise_options -- backbone.CRFuse.ir_swin.stages.2.blocks.4.attn.w_msa.qkv.weight:weight_decay=0.0001
2026/03/24 09:36:42 - mmengine - INFO - paramwise_options -- backbone.CRFuse.ir_swin.stages.2.blocks.4.attn.w_msa.qkv.weight:lr_mult=0.1
2026/03/24 09:36:42 - mmengine - INFO - paramwise_options -- backbone.CRFuse.ir_swin.stages.2.blocks.4.attn.w_msa.qkv.bias:lr=1e-05
2026/03/24 09:36:42 - mmengine - INFO - paramwise_options -- backbone.CRFuse.ir_swin.stages.2.blocks.4.attn.w_msa.qkv.bias:weight_decay=0.0001
2026/03/24 09:36:42 - mmengine - INFO - paramwise_options -- backbone.CRFuse.ir_swin.stages.2.blocks.4.attn.w_msa.qkv.bias:lr_mult=0.1
2026/03/24 09:36:42 - mmengine - INFO - paramwise_options -- backbone.CRFuse.ir_swin.stages.2.blocks.4.attn.w_msa.proj.weight:lr=1e-05
2026/03/24 09:36:42 - mmengine - INFO - paramwise_options -- backbone.CRFuse.ir_swin.stages.2.blocks.4.attn.w_msa.proj.weight:weight_decay=0.0001
2026/03/24 09:36:42 - mmengine - INFO - paramwise_options -- backbone.CRFuse.ir_swin.stages.2.blocks.4.attn.w_msa.proj.weight:lr_mult=0.1
2026/03/24 09:36:42 - mmengine - INFO - paramwise_options -- backbone.CRFuse.ir_swin.stages.2.blocks.4.attn.w_msa.proj.bias:lr=1e-05
2026/03/24 09:36:42 - mmengine - INFO - paramwise_options -- backbone.CRFuse.ir_swin.stages.2.blocks.4.attn.w_msa.proj.bias:weight_decay=0.0001
2026/03/24 09:36:42 - mmengine - INFO - paramwise_options -- backbone.CRFuse.ir_swin.stages.2.blocks.4.attn.w_msa.proj.bias:lr_mult=0.1
2026/03/24 09:36:42 - mmengine - INFO - paramwise_options -- backbone.CRFuse.ir_swin.stages.2.blocks.4.norm2.weight:lr=1e-05
2026/03/24 09:36:42 - mmengine - INFO - paramwise_options -- backbone.CRFuse.ir_swin.stages.2.blocks.4.norm2.weight:weight_decay=0.0001
2026/03/24 09:36:42 - mmengine - INFO - paramwise_options -- backbone.CRFuse.ir_swin.stages.2.blocks.4.norm2.weight:lr_mult=0.1
2026/03/24 09:36:42 - mmengine - INFO - paramwise_options -- backbone.CRFuse.ir_swin.stages.2.blocks.4.norm2.bias:lr=1e-05
2026/03/24 09:36:42 - mmengine - INFO - paramwise_options -- backbone.CRFuse.ir_swin.stages.2.blocks.4.norm2.bias:weight_decay=0.0001
2026/03/24 09:36:42 - mmengine - INFO - paramwise_options -- backbone.CRFuse.ir_swin.stages.2.blocks.4.norm2.bias:lr_mult=0.1
2026/03/24 09:36:42 - mmengine - INFO - paramwise_options -- backbone.CRFuse.ir_swin.stages.2.blocks.4.ffn.layers.0.0.weight:lr=1e-05
2026/03/24 09:36:42 - mmengine - INFO - paramwise_options -- backbone.CRFuse.ir_swin.stages.2.blocks.4.ffn.layers.0.0.weight:weight_decay=0.0001
2026/03/24 09:36:42 - mmengine - INFO - paramwise_options -- backbone.CRFuse.ir_swin.stages.2.blocks.4.ffn.layers.0.0.weight:lr_mult=0.1
2026/03/24 09:36:42 - mmengine - INFO - paramwise_options -- backbone.CRFuse.ir_swin.stages.2.blocks.4.ffn.layers.0.0.bias:lr=1e-05
2026/03/24 09:36:42 - mmengine - INFO - paramwise_options -- backbone.CRFuse.ir_swin.stages.2.blocks.4.ffn.layers.0.0.bias:weight_decay=0.0001
2026/03/24 09:36:42 - mmengine - INFO - paramwise_options -- backbone.CRFuse.ir_swin.stages.2.blocks.4.ffn.layers.0.0.bias:lr_mult=0.1
2026/03/24 09:36:42 - mmengine - INFO - paramwise_options -- backbone.CRFuse.ir_swin.stages.2.blocks.4.ffn.layers.1.weight:lr=1e-05
2026/03/24 09:36:42 - mmengine - INFO - paramwise_options -- backbone.CRFuse.ir_swin.stages.2.blocks.4.ffn.layers.1.weight:weight_decay=0.0001
2026/03/24 09:36:42 - mmengine - INFO - paramwise_options -- backbone.CRFuse.ir_swin.stages.2.blocks.4.ffn.layers.1.weight:lr_mult=0.1
2026/03/24 09:36:42 - mmengine - INFO - paramwise_options -- backbone.CRFuse.ir_swin.stages.2.blocks.4.ffn.layers.1.bias:lr=1e-05
2026/03/24 09:36:42 - mmengine - INFO - paramwise_options -- backbone.CRFuse.ir_swin.stages.2.blocks.4.ffn.layers.1.bias:weight_decay=0.0001
2026/03/24 09:36:42 - mmengine - INFO - paramwise_options -- backbone.CRFuse.ir_swin.stages.2.blocks.4.ffn.layers.1.bias:lr_mult=0.1
2026/03/24 09:36:42 - mmengine - INFO - paramwise_options -- backbone.CRFuse.ir_swin.stages.2.blocks.5.norm1.weight:lr=1e-05
2026/03/24 09:36:42 - mmengine - INFO - paramwise_options -- backbone.CRFuse.ir_swin.stages.2.blocks.5.norm1.weight:weight_decay=0.0001
2026/03/24 09:36:42 - mmengine - INFO - paramwise_options -- backbone.CRFuse.ir_swin.stages.2.blocks.5.norm1.weight:lr_mult=0.1
2026/03/24 09:36:42 - mmengine - INFO - paramwise_options -- backbone.CRFuse.ir_swin.stages.2.blocks.5.norm1.bias:lr=1e-05
2026/03/24 09:36:42 - mmengine - INFO - paramwise_options -- backbone.CRFuse.ir_swin.stages.2.blocks.5.norm1.bias:weight_decay=0.0001
2026/03/24 09:36:42 - mmengine - INFO - paramwise_options -- backbone.CRFuse.ir_swin.stages.2.blocks.5.norm1.bias:lr_mult=0.1
2026/03/24 09:36:42 - mmengine - INFO - paramwise_options -- backbone.CRFuse.ir_swin.stages.2.blocks.5.attn.w_msa.relative_position_bias_table:lr=1e-05
2026/03/24 09:36:42 - mmengine - INFO - paramwise_options -- backbone.CRFuse.ir_swin.stages.2.blocks.5.attn.w_msa.relative_position_bias_table:weight_decay=0.0001
2026/03/24 09:36:42 - mmengine - INFO - paramwise_options -- backbone.CRFuse.ir_swin.stages.2.blocks.5.attn.w_msa.relative_position_bias_table:lr_mult=0.1
2026/03/24 09:36:42 - mmengine - INFO - paramwise_options -- backbone.CRFuse.ir_swin.stages.2.blocks.5.attn.w_msa.qkv.weight:lr=1e-05
2026/03/24 09:36:42 - mmengine - INFO - paramwise_options -- backbone.CRFuse.ir_swin.stages.2.blocks.5.attn.w_msa.qkv.weight:weight_decay=0.0001
2026/03/24 09:36:42 - mmengine - INFO - paramwise_options -- backbone.CRFuse.ir_swin.stages.2.blocks.5.attn.w_msa.qkv.weight:lr_mult=0.1
2026/03/24 09:36:42 - mmengine - INFO - paramwise_options -- backbone.CRFuse.ir_swin.stages.2.blocks.5.attn.w_msa.qkv.bias:lr=1e-05
2026/03/24 09:36:42 - mmengine - INFO - paramwise_options -- backbone.CRFuse.ir_swin.stages.2.blocks.5.attn.w_msa.qkv.bias:weight_decay=0.0001
2026/03/24 09:36:42 - mmengine - INFO - paramwise_options -- backbone.CRFuse.ir_swin.stages.2.blocks.5.attn.w_msa.qkv.bias:lr_mult=0.1
2026/03/24 09:36:42 - mmengine - INFO - paramwise_options -- backbone.CRFuse.ir_swin.stages.2.blocks.5.attn.w_msa.proj.weight:lr=1e-05
2026/03/24 09:36:42 - mmengine - INFO - paramwise_options -- backbone.CRFuse.ir_swin.stages.2.blocks.5.attn.w_msa.proj.weight:weight_decay=0.0001
2026/03/24 09:36:42 - mmengine - INFO - paramwise_options -- backbone.CRFuse.ir_swin.stages.2.blocks.5.attn.w_msa.proj.weight:lr_mult=0.1
2026/03/24 09:36:42 - mmengine - INFO - paramwise_options -- backbone.CRFuse.ir_swin.stages.2.blocks.5.attn.w_msa.proj.bias:lr=1e-05
2026/03/24 09:36:42 - mmengine - INFO - paramwise_options -- backbone.CRFuse.ir_swin.stages.2.blocks.5.attn.w_msa.proj.bias:weight_decay=0.0001
2026/03/24 09:36:42 - mmengine - INFO - paramwise_options -- backbone.CRFuse.ir_swin.stages.2.blocks.5.attn.w_msa.proj.bias:lr_mult=0.1
2026/03/24 09:36:42 - mmengine - INFO - paramwise_options -- backbone.CRFuse.ir_swin.stages.2.blocks.5.norm2.weight:lr=1e-05
2026/03/24 09:36:42 - mmengine - INFO - paramwise_options -- backbone.CRFuse.ir_swin.stages.2.blocks.5.norm2.weight:weight_decay=0.0001
2026/03/24 09:36:42 - mmengine - INFO - paramwise_options -- backbone.CRFuse.ir_swin.stages.2.blocks.5.norm2.weight:lr_mult=0.1
2026/03/24 09:36:42 - mmengine - INFO - paramwise_options -- backbone.CRFuse.ir_swin.stages.2.blocks.5.norm2.bias:lr=1e-05
2026/03/24 09:36:42 - mmengine - INFO - paramwise_options -- backbone.CRFuse.ir_swin.stages.2.blocks.5.norm2.bias:weight_decay=0.0001
2026/03/24 09:36:42 - mmengine - INFO - paramwise_options -- backbone.CRFuse.ir_swin.stages.2.blocks.5.norm2.bias:lr_mult=0.1
2026/03/24 09:36:42 - mmengine - INFO - paramwise_options -- backbone.CRFuse.ir_swin.stages.2.blocks.5.ffn.layers.0.0.weight:lr=1e-05
2026/03/24 09:36:42 - mmengine - INFO - paramwise_options -- backbone.CRFuse.ir_swin.stages.2.blocks.5.ffn.layers.0.0.weight:weight_decay=0.0001
2026/03/24 09:36:42 - mmengine - INFO - paramwise_options -- backbone.CRFuse.ir_swin.stages.2.blocks.5.ffn.layers.0.0.weight:lr_mult=0.1
2026/03/24 09:36:42 - mmengine - INFO - paramwise_options -- backbone.CRFuse.ir_swin.stages.2.blocks.5.ffn.layers.0.0.bias:lr=1e-05
2026/03/24 09:36:42 - mmengine - INFO - paramwise_options -- backbone.CRFuse.ir_swin.stages.2.blocks.5.ffn.layers.0.0.bias:weight_decay=0.0001
2026/03/24 09:36:42 - mmengine - INFO - paramwise_options -- backbone.CRFuse.ir_swin.stages.2.blocks.5.ffn.layers.0.0.bias:lr_mult=0.1
2026/03/24 09:36:42 - mmengine - INFO - paramwise_options -- backbone.CRFuse.ir_swin.stages.2.blocks.5.ffn.layers.1.weight:lr=1e-05
2026/03/24 09:36:42 - mmengine - INFO - paramwise_options -- backbone.CRFuse.ir_swin.stages.2.blocks.5.ffn.layers.1.weight:weight_decay=0.0001
2026/03/24 09:36:42 - mmengine - INFO - paramwise_options -- backbone.CRFuse.ir_swin.stages.2.blocks.5.ffn.layers.1.weight:lr_mult=0.1
2026/03/24 09:36:42 - mmengine - INFO - paramwise_options -- backbone.CRFuse.ir_swin.stages.2.blocks.5.ffn.layers.1.bias:lr=1e-05
2026/03/24 09:36:42 - mmengine - INFO - paramwise_options -- backbone.CRFuse.ir_swin.stages.2.blocks.5.ffn.layers.1.bias:weight_decay=0.0001
2026/03/24 09:36:42 - mmengine - INFO - paramwise_options -- backbone.CRFuse.ir_swin.stages.2.blocks.5.ffn.layers.1.bias:lr_mult=0.1
2026/03/24 09:36:42 - mmengine - INFO - paramwise_options -- backbone.CRFuse.ir_swin.stages.2.blocks.6.norm1.weight:lr=1e-05
2026/03/24 09:36:42 - mmengine - INFO - paramwise_options -- backbone.CRFuse.ir_swin.stages.2.blocks.6.norm1.weight:weight_decay=0.0001
2026/03/24 09:36:42 - mmengine - INFO - paramwise_options -- backbone.CRFuse.ir_swin.stages.2.blocks.6.norm1.weight:lr_mult=0.1
2026/03/24 09:36:42 - mmengine - INFO - paramwise_options -- backbone.CRFuse.ir_swin.stages.2.blocks.6.norm1.bias:lr=1e-05
2026/03/24 09:36:42 - mmengine - INFO - paramwise_options -- backbone.CRFuse.ir_swin.stages.2.blocks.6.norm1.bias:weight_decay=0.0001
2026/03/24 09:36:42 - mmengine - INFO - paramwise_options -- backbone.CRFuse.ir_swin.stages.2.blocks.6.norm1.bias:lr_mult=0.1
2026/03/24 09:36:42 - mmengine - INFO - paramwise_options -- backbone.CRFuse.ir_swin.stages.2.blocks.6.attn.w_msa.relative_position_bias_table:lr=1e-05
2026/03/24 09:36:42 - mmengine - INFO - paramwise_options -- backbone.CRFuse.ir_swin.stages.2.blocks.6.attn.w_msa.relative_position_bias_table:weight_decay=0.0001
2026/03/24 09:36:42 - mmengine - INFO - paramwise_options -- backbone.CRFuse.ir_swin.stages.2.blocks.6.attn.w_msa.relative_position_bias_table:lr_mult=0.1
2026/03/24 09:36:42 - mmengine - INFO - paramwise_options -- backbone.CRFuse.ir_swin.stages.2.blocks.6.attn.w_msa.qkv.weight:lr=1e-05
2026/03/24 09:36:42 - mmengine - INFO - paramwise_options -- backbone.CRFuse.ir_swin.stages.2.blocks.6.attn.w_msa.qkv.weight:weight_decay=0.0001
2026/03/24 09:36:42 - mmengine - INFO - paramwise_options -- backbone.CRFuse.ir_swin.stages.2.blocks.6.attn.w_msa.qkv.weight:lr_mult=0.1
2026/03/24 09:36:42 - mmengine - INFO - paramwise_options -- backbone.CRFuse.ir_swin.stages.2.blocks.6.attn.w_msa.qkv.bias:lr=1e-05
2026/03/24 09:36:42 - mmengine - INFO - paramwise_options -- backbone.CRFuse.ir_swin.stages.2.blocks.6.attn.w_msa.qkv.bias:weight_decay=0.0001
2026/03/24 09:36:42 - mmengine - INFO - paramwise_options -- backbone.CRFuse.ir_swin.stages.2.blocks.6.attn.w_msa.qkv.bias:lr_mult=0.1
2026/03/24 09:36:42 - mmengine - INFO - paramwise_options -- backbone.CRFuse.ir_swin.stages.2.blocks.6.attn.w_msa.proj.weight:lr=1e-05
2026/03/24 09:36:42 - mmengine - INFO - paramwise_options -- backbone.CRFuse.ir_swin.stages.2.blocks.6.attn.w_msa.proj.weight:weight_decay=0.0001
2026/03/24 09:36:42 - mmengine - INFO - paramwise_options -- backbone.CRFuse.ir_swin.stages.2.blocks.6.attn.w_msa.proj.weight:lr_mult=0.1
2026/03/24 09:36:42 - mmengine - INFO - paramwise_options -- backbone.CRFuse.ir_swin.stages.2.blocks.6.attn.w_msa.proj.bias:lr=1e-05
2026/03/24 09:36:42 - mmengine - INFO - paramwise_options -- backbone.CRFuse.ir_swin.stages.2.blocks.6.attn.w_msa.proj.bias:weight_decay=0.0001
2026/03/24 09:36:42 - mmengine - INFO - paramwise_options -- backbone.CRFuse.ir_swin.stages.2.blocks.6.attn.w_msa.proj.bias:lr_mult=0.1
2026/03/24 09:36:42 - mmengine - INFO - paramwise_options -- backbone.CRFuse.ir_swin.stages.2.blocks.6.norm2.weight:lr=1e-05
2026/03/24 09:36:42 - mmengine - INFO - paramwise_options -- backbone.CRFuse.ir_swin.stages.2.blocks.6.norm2.weight:weight_decay=0.0001
2026/03/24 09:36:42 - mmengine - INFO - paramwise_options -- backbone.CRFuse.ir_swin.stages.2.blocks.6.norm2.weight:lr_mult=0.1
2026/03/24 09:36:42 - mmengine - INFO - paramwise_options -- backbone.CRFuse.ir_swin.stages.2.blocks.6.norm2.bias:lr=1e-05
2026/03/24 09:36:42 - mmengine - INFO - paramwise_options -- backbone.CRFuse.ir_swin.stages.2.blocks.6.norm2.bias:weight_decay=0.0001
2026/03/24 09:36:42 - mmengine - INFO - paramwise_options -- backbone.CRFuse.ir_swin.stages.2.blocks.6.norm2.bias:lr_mult=0.1
2026/03/24 09:36:42 - mmengine - INFO - paramwise_options -- backbone.CRFuse.ir_swin.stages.2.blocks.6.ffn.layers.0.0.weight:lr=1e-05
2026/03/24 09:36:42 - mmengine - INFO - paramwise_options -- backbone.CRFuse.ir_swin.stages.2.blocks.6.ffn.layers.0.0.weight:weight_decay=0.0001
2026/03/24 09:36:42 - mmengine - INFO - paramwise_options -- backbone.CRFuse.ir_swin.stages.2.blocks.6.ffn.layers.0.0.weight:lr_mult=0.1
2026/03/24 09:36:42 - mmengine - INFO - paramwise_options -- backbone.CRFuse.ir_swin.stages.2.blocks.6.ffn.layers.0.0.bias:lr=1e-05
2026/03/24 09:36:42 - mmengine - INFO - paramwise_options -- backbone.CRFuse.ir_swin.stages.2.blocks.6.ffn.layers.0.0.bias:weight_decay=0.0001
2026/03/24 09:36:42 - mmengine - INFO - paramwise_options -- backbone.CRFuse.ir_swin.stages.2.blocks.6.ffn.layers.0.0.bias:lr_mult=0.1
2026/03/24 09:36:42 - mmengine - INFO - paramwise_options -- backbone.CRFuse.ir_swin.stages.2.blocks.6.ffn.layers.1.weight:lr=1e-05
2026/03/24 09:36:42 - mmengine - INFO - paramwise_options -- backbone.CRFuse.ir_swin.stages.2.blocks.6.ffn.layers.1.weight:weight_decay=0.0001
2026/03/24 09:36:42 - mmengine - INFO - paramwise_options -- backbone.CRFuse.ir_swin.stages.2.blocks.6.ffn.layers.1.weight:lr_mult=0.1
2026/03/24 09:36:42 - mmengine - INFO - paramwise_options -- backbone.CRFuse.ir_swin.stages.2.blocks.6.ffn.layers.1.bias:lr=1e-05
2026/03/24 09:36:42 - mmengine - INFO - paramwise_options -- backbone.CRFuse.ir_swin.stages.2.blocks.6.ffn.layers.1.bias:weight_decay=0.0001
2026/03/24 09:36:42 - mmengine - INFO - paramwise_options -- backbone.CRFuse.ir_swin.stages.2.blocks.6.ffn.layers.1.bias:lr_mult=0.1
2026/03/24 09:36:42 - mmengine - INFO - paramwise_options -- backbone.CRFuse.ir_swin.stages.2.blocks.7.norm1.weight:lr=1e-05
2026/03/24 09:36:42 - mmengine - INFO - paramwise_options -- backbone.CRFuse.ir_swin.stages.2.blocks.7.norm1.weight:weight_decay=0.0001
2026/03/24 09:36:42 - mmengine - INFO - paramwise_options -- backbone.CRFuse.ir_swin.stages.2.blocks.7.norm1.weight:lr_mult=0.1
2026/03/24 09:36:42 - mmengine - INFO - paramwise_options -- backbone.CRFuse.ir_swin.stages.2.blocks.7.norm1.bias:lr=1e-05
2026/03/24 09:36:42 - mmengine - INFO - paramwise_options -- backbone.CRFuse.ir_swin.stages.2.blocks.7.norm1.bias:weight_decay=0.0001
2026/03/24 09:36:42 - mmengine - INFO - paramwise_options -- backbone.CRFuse.ir_swin.stages.2.blocks.7.norm1.bias:lr_mult=0.1
2026/03/24 09:36:42 - mmengine - INFO - paramwise_options -- backbone.CRFuse.ir_swin.stages.2.blocks.7.attn.w_msa.relative_position_bias_table:lr=1e-05
2026/03/24 09:36:42 - mmengine - INFO - paramwise_options -- backbone.CRFuse.ir_swin.stages.2.blocks.7.attn.w_msa.relative_position_bias_table:weight_decay=0.0001
2026/03/24 09:36:42 - mmengine - INFO - paramwise_options -- backbone.CRFuse.ir_swin.stages.2.blocks.7.attn.w_msa.relative_position_bias_table:lr_mult=0.1
2026/03/24 09:36:42 - mmengine - INFO - paramwise_options -- backbone.CRFuse.ir_swin.stages.2.blocks.7.attn.w_msa.qkv.weight:lr=1e-05
2026/03/24 09:36:42 - mmengine - INFO - paramwise_options -- backbone.CRFuse.ir_swin.stages.2.blocks.7.attn.w_msa.qkv.weight:weight_decay=0.0001
2026/03/24 09:36:42 - mmengine - INFO - paramwise_options -- backbone.CRFuse.ir_swin.stages.2.blocks.7.attn.w_msa.qkv.weight:lr_mult=0.1
2026/03/24 09:36:42 - mmengine - INFO - paramwise_options -- backbone.CRFuse.ir_swin.stages.2.blocks.7.attn.w_msa.qkv.bias:lr=1e-05
2026/03/24 09:36:42 - mmengine - INFO - paramwise_options -- backbone.CRFuse.ir_swin.stages.2.blocks.7.attn.w_msa.qkv.bias:weight_decay=0.0001
2026/03/24 09:36:42 - mmengine - INFO - paramwise_options -- backbone.CRFuse.ir_swin.stages.2.blocks.7.attn.w_msa.qkv.bias:lr_mult=0.1
2026/03/24 09:36:42 - mmengine - INFO - paramwise_options -- backbone.CRFuse.ir_swin.stages.2.blocks.7.attn.w_msa.proj.weight:lr=1e-05
2026/03/24 09:36:42 - mmengine - INFO - paramwise_options -- backbone.CRFuse.ir_swin.stages.2.blocks.7.attn.w_msa.proj.weight:weight_decay=0.0001
2026/03/24 09:36:42 - mmengine - INFO - paramwise_options -- backbone.CRFuse.ir_swin.stages.2.blocks.7.attn.w_msa.proj.weight:lr_mult=0.1
2026/03/24 09:36:42 - mmengine - INFO - paramwise_options -- backbone.CRFuse.ir_swin.stages.2.blocks.7.attn.w_msa.proj.bias:lr=1e-05
2026/03/24 09:36:42 - mmengine - INFO - paramwise_options -- backbone.CRFuse.ir_swin.stages.2.blocks.7.attn.w_msa.proj.bias:weight_decay=0.0001
2026/03/24 09:36:42 - mmengine - INFO - paramwise_options -- backbone.CRFuse.ir_swin.stages.2.blocks.7.attn.w_msa.proj.bias:lr_mult=0.1
2026/03/24 09:36:42 - mmengine - INFO - paramwise_options -- backbone.CRFuse.ir_swin.stages.2.blocks.7.norm2.weight:lr=1e-05
2026/03/24 09:36:42 - mmengine - INFO - paramwise_options -- backbone.CRFuse.ir_swin.stages.2.blocks.7.norm2.weight:weight_decay=0.0001
2026/03/24 09:36:42 - mmengine - INFO - paramwise_options -- backbone.CRFuse.ir_swin.stages.2.blocks.7.norm2.weight:lr_mult=0.1
2026/03/24 09:36:42 - mmengine - INFO - paramwise_options -- backbone.CRFuse.ir_swin.stages.2.blocks.7.norm2.bias:lr=1e-05
2026/03/24 09:36:42 - mmengine - INFO - paramwise_options -- backbone.CRFuse.ir_swin.stages.2.blocks.7.norm2.bias:weight_decay=0.0001
2026/03/24 09:36:42 - mmengine - INFO - paramwise_options -- backbone.CRFuse.ir_swin.stages.2.blocks.7.norm2.bias:lr_mult=0.1
2026/03/24 09:36:42 - mmengine - INFO - paramwise_options -- backbone.CRFuse.ir_swin.stages.2.blocks.7.ffn.layers.0.0.weight:lr=1e-05
2026/03/24 09:36:42 - mmengine - INFO - paramwise_options -- backbone.CRFuse.ir_swin.stages.2.blocks.7.ffn.layers.0.0.weight:weight_decay=0.0001
2026/03/24 09:36:42 - mmengine - INFO - paramwise_options -- backbone.CRFuse.ir_swin.stages.2.blocks.7.ffn.layers.0.0.weight:lr_mult=0.1
2026/03/24 09:36:42 - mmengine - INFO - paramwise_options -- backbone.CRFuse.ir_swin.stages.2.blocks.7.ffn.layers.0.0.bias:lr=1e-05
2026/03/24 09:36:42 - mmengine - INFO - paramwise_options -- backbone.CRFuse.ir_swin.stages.2.blocks.7.ffn.layers.0.0.bias:weight_decay=0.0001
2026/03/24 09:36:42 - mmengine - INFO - paramwise_options -- backbone.CRFuse.ir_swin.stages.2.blocks.7.ffn.layers.0.0.bias:lr_mult=0.1
2026/03/24 09:36:42 - mmengine - INFO - paramwise_options -- backbone.CRFuse.ir_swin.stages.2.blocks.7.ffn.layers.1.weight:lr=1e-05
2026/03/24 09:36:42 - mmengine - INFO - paramwise_options -- backbone.CRFuse.ir_swin.stages.2.blocks.7.ffn.layers.1.weight:weight_decay=0.0001
2026/03/24 09:36:42 - mmengine - INFO - paramwise_options -- backbone.CRFuse.ir_swin.stages.2.blocks.7.ffn.layers.1.weight:lr_mult=0.1
2026/03/24 09:36:42 - mmengine - INFO - paramwise_options -- backbone.CRFuse.ir_swin.stages.2.blocks.7.ffn.layers.1.bias:lr=1e-05
2026/03/24 09:36:42 - mmengine - INFO - paramwise_options -- backbone.CRFuse.ir_swin.stages.2.blocks.7.ffn.layers.1.bias:weight_decay=0.0001
2026/03/24 09:36:42 - mmengine - INFO - paramwise_options -- backbone.CRFuse.ir_swin.stages.2.blocks.7.ffn.layers.1.bias:lr_mult=0.1
2026/03/24 09:36:42 - mmengine - INFO - paramwise_options -- backbone.CRFuse.ir_swin.stages.2.blocks.8.norm1.weight:lr=1e-05
2026/03/24 09:36:42 - mmengine - INFO - paramwise_options -- backbone.CRFuse.ir_swin.stages.2.blocks.8.norm1.weight:weight_decay=0.0001
2026/03/24 09:36:42 - mmengine - INFO - paramwise_options -- backbone.CRFuse.ir_swin.stages.2.blocks.8.norm1.weight:lr_mult=0.1
2026/03/24 09:36:42 - mmengine - INFO - paramwise_options -- backbone.CRFuse.ir_swin.stages.2.blocks.8.norm1.bias:lr=1e-05
2026/03/24 09:36:42 - mmengine - INFO - paramwise_options -- backbone.CRFuse.ir_swin.stages.2.blocks.8.norm1.bias:weight_decay=0.0001
2026/03/24 09:36:42 - mmengine - INFO - paramwise_options -- backbone.CRFuse.ir_swin.stages.2.blocks.8.norm1.bias:lr_mult=0.1
2026/03/24 09:36:42 - mmengine - INFO - paramwise_options -- backbone.CRFuse.ir_swin.stages.2.blocks.8.attn.w_msa.relative_position_bias_table:lr=1e-05
2026/03/24 09:36:42 - mmengine - INFO - paramwise_options -- backbone.CRFuse.ir_swin.stages.2.blocks.8.attn.w_msa.relative_position_bias_table:weight_decay=0.0001
2026/03/24 09:36:42 - mmengine - INFO - paramwise_options -- backbone.CRFuse.ir_swin.stages.2.blocks.8.attn.w_msa.relative_position_bias_table:lr_mult=0.1
2026/03/24 09:36:42 - mmengine - INFO - paramwise_options -- backbone.CRFuse.ir_swin.stages.2.blocks.8.attn.w_msa.qkv.weight:lr=1e-05
2026/03/24 09:36:42 - mmengine - INFO - paramwise_options -- backbone.CRFuse.ir_swin.stages.2.blocks.8.attn.w_msa.qkv.weight:weight_decay=0.0001
2026/03/24 09:36:42 - mmengine - INFO - paramwise_options -- backbone.CRFuse.ir_swin.stages.2.blocks.8.attn.w_msa.qkv.weight:lr_mult=0.1
2026/03/24 09:36:42 - mmengine - INFO - paramwise_options -- backbone.CRFuse.ir_swin.stages.2.blocks.8.attn.w_msa.qkv.bias:lr=1e-05
2026/03/24 09:36:42 - mmengine - INFO - paramwise_options -- backbone.CRFuse.ir_swin.stages.2.blocks.8.attn.w_msa.qkv.bias:weight_decay=0.0001
2026/03/24 09:36:42 - mmengine - INFO - paramwise_options -- backbone.CRFuse.ir_swin.stages.2.blocks.8.attn.w_msa.qkv.bias:lr_mult=0.1
2026/03/24 09:36:42 - mmengine - INFO - paramwise_options -- backbone.CRFuse.ir_swin.stages.2.blocks.8.attn.w_msa.proj.weight:lr=1e-05
2026/03/24 09:36:42 - mmengine - INFO - paramwise_options -- backbone.CRFuse.ir_swin.stages.2.blocks.8.attn.w_msa.proj.weight:weight_decay=0.0001
2026/03/24 09:36:42 - mmengine - INFO - paramwise_options -- backbone.CRFuse.ir_swin.stages.2.blocks.8.attn.w_msa.proj.weight:lr_mult=0.1
2026/03/24 09:36:42 - mmengine - INFO - paramwise_options -- backbone.CRFuse.ir_swin.stages.2.blocks.8.attn.w_msa.proj.bias:lr=1e-05
2026/03/24 09:36:42 - mmengine - INFO - paramwise_options -- backbone.CRFuse.ir_swin.stages.2.blocks.8.attn.w_msa.proj.bias:weight_decay=0.0001
2026/03/24 09:36:42 - mmengine - INFO - paramwise_options -- backbone.CRFuse.ir_swin.stages.2.blocks.8.attn.w_msa.proj.bias:lr_mult=0.1
2026/03/24 09:36:42 - mmengine - INFO - paramwise_options -- backbone.CRFuse.ir_swin.stages.2.blocks.8.norm2.weight:lr=1e-05
2026/03/24 09:36:42 - mmengine - INFO - paramwise_options -- backbone.CRFuse.ir_swin.stages.2.blocks.8.norm2.weight:weight_decay=0.0001
2026/03/24 09:36:42 - mmengine - INFO - paramwise_options -- backbone.CRFuse.ir_swin.stages.2.blocks.8.norm2.weight:lr_mult=0.1
2026/03/24 09:36:42 - mmengine - INFO - paramwise_options -- backbone.CRFuse.ir_swin.stages.2.blocks.8.norm2.bias:lr=1e-05
2026/03/24 09:36:42 - mmengine - INFO - paramwise_options -- backbone.CRFuse.ir_swin.stages.2.blocks.8.norm2.bias:weight_decay=0.0001
2026/03/24 09:36:42 - mmengine - INFO - paramwise_options -- backbone.CRFuse.ir_swin.stages.2.blocks.8.norm2.bias:lr_mult=0.1
2026/03/24 09:36:42 - mmengine - INFO - paramwise_options -- backbone.CRFuse.ir_swin.stages.2.blocks.8.ffn.layers.0.0.weight:lr=1e-05
2026/03/24 09:36:42 - mmengine - INFO - paramwise_options -- backbone.CRFuse.ir_swin.stages.2.blocks.8.ffn.layers.0.0.weight:weight_decay=0.0001
2026/03/24 09:36:42 - mmengine - INFO - paramwise_options -- backbone.CRFuse.ir_swin.stages.2.blocks.8.ffn.layers.0.0.weight:lr_mult=0.1
2026/03/24 09:36:42 - mmengine - INFO - paramwise_options -- backbone.CRFuse.ir_swin.stages.2.blocks.8.ffn.layers.0.0.bias:lr=1e-05
2026/03/24 09:36:42 - mmengine - INFO - paramwise_options -- backbone.CRFuse.ir_swin.stages.2.blocks.8.ffn.layers.0.0.bias:weight_decay=0.0001
2026/03/24 09:36:42 - mmengine - INFO - paramwise_options -- backbone.CRFuse.ir_swin.stages.2.blocks.8.ffn.layers.0.0.bias:lr_mult=0.1
2026/03/24 09:36:42 - mmengine - INFO - paramwise_options -- backbone.CRFuse.ir_swin.stages.2.blocks.8.ffn.layers.1.weight:lr=1e-05
2026/03/24 09:36:42 - mmengine - INFO - paramwise_options -- backbone.CRFuse.ir_swin.stages.2.blocks.8.ffn.layers.1.weight:weight_decay=0.0001
2026/03/24 09:36:42 - mmengine - INFO - paramwise_options -- backbone.CRFuse.ir_swin.stages.2.blocks.8.ffn.layers.1.weight:lr_mult=0.1
2026/03/24 09:36:42 - mmengine - INFO - paramwise_options -- backbone.CRFuse.ir_swin.stages.2.blocks.8.ffn.layers.1.bias:lr=1e-05
2026/03/24 09:36:42 - mmengine - INFO - paramwise_options -- backbone.CRFuse.ir_swin.stages.2.blocks.8.ffn.layers.1.bias:weight_decay=0.0001
2026/03/24 09:36:42 - mmengine - INFO - paramwise_options -- backbone.CRFuse.ir_swin.stages.2.blocks.8.ffn.layers.1.bias:lr_mult=0.1
2026/03/24 09:36:42 - mmengine - INFO - paramwise_options -- backbone.CRFuse.ir_swin.stages.2.blocks.9.norm1.weight:lr=1e-05
2026/03/24 09:36:42 - mmengine - INFO - paramwise_options -- backbone.CRFuse.ir_swin.stages.2.blocks.9.norm1.weight:weight_decay=0.0001
2026/03/24 09:36:42 - mmengine - INFO - paramwise_options -- backbone.CRFuse.ir_swin.stages.2.blocks.9.norm1.weight:lr_mult=0.1
2026/03/24 09:36:42 - mmengine - INFO - paramwise_options -- backbone.CRFuse.ir_swin.stages.2.blocks.9.norm1.bias:lr=1e-05
2026/03/24 09:36:42 - mmengine - INFO - paramwise_options -- backbone.CRFuse.ir_swin.stages.2.blocks.9.norm1.bias:weight_decay=0.0001
2026/03/24 09:36:42 - mmengine - INFO - paramwise_options -- backbone.CRFuse.ir_swin.stages.2.blocks.9.norm1.bias:lr_mult=0.1
2026/03/24 09:36:42 - mmengine - INFO - paramwise_options -- backbone.CRFuse.ir_swin.stages.2.blocks.9.attn.w_msa.relative_position_bias_table:lr=1e-05
2026/03/24 09:36:42 - mmengine - INFO - paramwise_options -- backbone.CRFuse.ir_swin.stages.2.blocks.9.attn.w_msa.relative_position_bias_table:weight_decay=0.0001
2026/03/24 09:36:42 - mmengine - INFO - paramwise_options -- backbone.CRFuse.ir_swin.stages.2.blocks.9.attn.w_msa.relative_position_bias_table:lr_mult=0.1
2026/03/24 09:36:42 - mmengine - INFO - paramwise_options -- backbone.CRFuse.ir_swin.stages.2.blocks.9.attn.w_msa.qkv.weight:lr=1e-05
2026/03/24 09:36:42 - mmengine - INFO - paramwise_options -- backbone.CRFuse.ir_swin.stages.2.blocks.9.attn.w_msa.qkv.weight:weight_decay=0.0001
2026/03/24 09:36:42 - mmengine - INFO - paramwise_options -- backbone.CRFuse.ir_swin.stages.2.blocks.9.attn.w_msa.qkv.weight:lr_mult=0.1
2026/03/24 09:36:42 - mmengine - INFO - paramwise_options -- backbone.CRFuse.ir_swin.stages.2.blocks.9.attn.w_msa.qkv.bias:lr=1e-05
2026/03/24 09:36:42 - mmengine - INFO - paramwise_options -- backbone.CRFuse.ir_swin.stages.2.blocks.9.attn.w_msa.qkv.bias:weight_decay=0.0001
2026/03/24 09:36:42 - mmengine - INFO - paramwise_options -- backbone.CRFuse.ir_swin.stages.2.blocks.9.attn.w_msa.qkv.bias:lr_mult=0.1
2026/03/24 09:36:42 - mmengine - INFO - paramwise_options -- backbone.CRFuse.ir_swin.stages.2.blocks.9.attn.w_msa.proj.weight:lr=1e-05
2026/03/24 09:36:42 - mmengine - INFO - paramwise_options -- backbone.CRFuse.ir_swin.stages.2.blocks.9.attn.w_msa.proj.weight:weight_decay=0.0001
2026/03/24 09:36:42 - mmengine - INFO - paramwise_options -- backbone.CRFuse.ir_swin.stages.2.blocks.9.attn.w_msa.proj.weight:lr_mult=0.1
2026/03/24 09:36:42 - mmengine - INFO - paramwise_options -- backbone.CRFuse.ir_swin.stages.2.blocks.9.attn.w_msa.proj.bias:lr=1e-05
2026/03/24 09:36:42 - mmengine - INFO - paramwise_options -- backbone.CRFuse.ir_swin.stages.2.blocks.9.attn.w_msa.proj.bias:weight_decay=0.0001
2026/03/24 09:36:42 - mmengine - INFO - paramwise_options -- backbone.CRFuse.ir_swin.stages.2.blocks.9.attn.w_msa.proj.bias:lr_mult=0.1
2026/03/24 09:36:42 - mmengine - INFO - paramwise_options -- backbone.CRFuse.ir_swin.stages.2.blocks.9.norm2.weight:lr=1e-05
2026/03/24 09:36:42 - mmengine - INFO - paramwise_options -- backbone.CRFuse.ir_swin.stages.2.blocks.9.norm2.weight:weight_decay=0.0001
2026/03/24 09:36:42 - mmengine - INFO - paramwise_options -- backbone.CRFuse.ir_swin.stages.2.blocks.9.norm2.weight:lr_mult=0.1
2026/03/24 09:36:42 - mmengine - INFO - paramwise_options -- backbone.CRFuse.ir_swin.stages.2.blocks.9.norm2.bias:lr=1e-05
2026/03/24 09:36:42 - mmengine - INFO - paramwise_options -- backbone.CRFuse.ir_swin.stages.2.blocks.9.norm2.bias:weight_decay=0.0001
2026/03/24 09:36:42 - mmengine - INFO - paramwise_options -- backbone.CRFuse.ir_swin.stages.2.blocks.9.norm2.bias:lr_mult=0.1
2026/03/24 09:36:42 - mmengine - INFO - paramwise_options -- backbone.CRFuse.ir_swin.stages.2.blocks.9.ffn.layers.0.0.weight:lr=1e-05
2026/03/24 09:36:42 - mmengine - INFO - paramwise_options -- backbone.CRFuse.ir_swin.stages.2.blocks.9.ffn.layers.0.0.weight:weight_decay=0.0001
2026/03/24 09:36:42 - mmengine - INFO - paramwise_options -- backbone.CRFuse.ir_swin.stages.2.blocks.9.ffn.layers.0.0.weight:lr_mult=0.1
2026/03/24 09:36:42 - mmengine - INFO - paramwise_options -- backbone.CRFuse.ir_swin.stages.2.blocks.9.ffn.layers.0.0.bias:lr=1e-05
2026/03/24 09:36:42 - mmengine - INFO - paramwise_options -- backbone.CRFuse.ir_swin.stages.2.blocks.9.ffn.layers.0.0.bias:weight_decay=0.0001
2026/03/24 09:36:42 - mmengine - INFO - paramwise_options -- backbone.CRFuse.ir_swin.stages.2.blocks.9.ffn.layers.0.0.bias:lr_mult=0.1
2026/03/24 09:36:42 - mmengine - INFO - paramwise_options -- backbone.CRFuse.ir_swin.stages.2.blocks.9.ffn.layers.1.weight:lr=1e-05
2026/03/24 09:36:42 - mmengine - INFO - paramwise_options -- backbone.CRFuse.ir_swin.stages.2.blocks.9.ffn.layers.1.weight:weight_decay=0.0001
2026/03/24 09:36:42 - mmengine - INFO - paramwise_options -- backbone.CRFuse.ir_swin.stages.2.blocks.9.ffn.layers.1.weight:lr_mult=0.1
2026/03/24 09:36:42 - mmengine - INFO - paramwise_options -- backbone.CRFuse.ir_swin.stages.2.blocks.9.ffn.layers.1.bias:lr=1e-05
2026/03/24 09:36:42 - mmengine - INFO - paramwise_options -- backbone.CRFuse.ir_swin.stages.2.blocks.9.ffn.layers.1.bias:weight_decay=0.0001
2026/03/24 09:36:42 - mmengine - INFO - paramwise_options -- backbone.CRFuse.ir_swin.stages.2.blocks.9.ffn.layers.1.bias:lr_mult=0.1
2026/03/24 09:36:42 - mmengine - INFO - paramwise_options -- backbone.CRFuse.ir_swin.stages.2.blocks.10.norm1.weight:lr=1e-05
2026/03/24 09:36:42 - mmengine - INFO - paramwise_options -- backbone.CRFuse.ir_swin.stages.2.blocks.10.norm1.weight:weight_decay=0.0001
2026/03/24 09:36:42 - mmengine - INFO - paramwise_options -- backbone.CRFuse.ir_swin.stages.2.blocks.10.norm1.weight:lr_mult=0.1
2026/03/24 09:36:42 - mmengine - INFO - paramwise_options -- backbone.CRFuse.ir_swin.stages.2.blocks.10.norm1.bias:lr=1e-05
2026/03/24 09:36:42 - mmengine - INFO - paramwise_options -- backbone.CRFuse.ir_swin.stages.2.blocks.10.norm1.bias:weight_decay=0.0001
2026/03/24 09:36:42 - mmengine - INFO - paramwise_options -- backbone.CRFuse.ir_swin.stages.2.blocks.10.norm1.bias:lr_mult=0.1
2026/03/24 09:36:42 - mmengine - INFO - paramwise_options -- backbone.CRFuse.ir_swin.stages.2.blocks.10.attn.w_msa.relative_position_bias_table:lr=1e-05
2026/03/24 09:36:42 - mmengine - INFO - paramwise_options -- backbone.CRFuse.ir_swin.stages.2.blocks.10.attn.w_msa.relative_position_bias_table:weight_decay=0.0001
2026/03/24 09:36:42 - mmengine - INFO - paramwise_options -- backbone.CRFuse.ir_swin.stages.2.blocks.10.attn.w_msa.relative_position_bias_table:lr_mult=0.1
2026/03/24 09:36:42 - mmengine - INFO - paramwise_options -- backbone.CRFuse.ir_swin.stages.2.blocks.10.attn.w_msa.qkv.weight:lr=1e-05
2026/03/24 09:36:42 - mmengine - INFO - paramwise_options -- backbone.CRFuse.ir_swin.stages.2.blocks.10.attn.w_msa.qkv.weight:weight_decay=0.0001
2026/03/24 09:36:42 - mmengine - INFO - paramwise_options -- backbone.CRFuse.ir_swin.stages.2.blocks.10.attn.w_msa.qkv.weight:lr_mult=0.1
2026/03/24 09:36:42 - mmengine - INFO - paramwise_options -- backbone.CRFuse.ir_swin.stages.2.blocks.10.attn.w_msa.qkv.bias:lr=1e-05
2026/03/24 09:36:42 - mmengine - INFO - paramwise_options -- backbone.CRFuse.ir_swin.stages.2.blocks.10.attn.w_msa.qkv.bias:weight_decay=0.0001
2026/03/24 09:36:42 - mmengine - INFO - paramwise_options -- backbone.CRFuse.ir_swin.stages.2.blocks.10.attn.w_msa.qkv.bias:lr_mult=0.1
2026/03/24 09:36:42 - mmengine - INFO - paramwise_options -- backbone.CRFuse.ir_swin.stages.2.blocks.10.attn.w_msa.proj.weight:lr=1e-05
2026/03/24 09:36:42 - mmengine - INFO - paramwise_options -- backbone.CRFuse.ir_swin.stages.2.blocks.10.attn.w_msa.proj.weight:weight_decay=0.0001
2026/03/24 09:36:42 - mmengine - INFO - paramwise_options -- backbone.CRFuse.ir_swin.stages.2.blocks.10.attn.w_msa.proj.weight:lr_mult=0.1
2026/03/24 09:36:42 - mmengine - INFO - paramwise_options -- backbone.CRFuse.ir_swin.stages.2.blocks.10.attn.w_msa.proj.bias:lr=1e-05
2026/03/24 09:36:42 - mmengine - INFO - paramwise_options -- backbone.CRFuse.ir_swin.stages.2.blocks.10.attn.w_msa.proj.bias:weight_decay=0.0001
2026/03/24 09:36:42 - mmengine - INFO - paramwise_options -- backbone.CRFuse.ir_swin.stages.2.blocks.10.attn.w_msa.proj.bias:lr_mult=0.1
2026/03/24 09:36:42 - mmengine - INFO - paramwise_options -- backbone.CRFuse.ir_swin.stages.2.blocks.10.norm2.weight:lr=1e-05
2026/03/24 09:36:42 - mmengine - INFO - paramwise_options -- backbone.CRFuse.ir_swin.stages.2.blocks.10.norm2.weight:weight_decay=0.0001
2026/03/24 09:36:42 - mmengine - INFO - paramwise_options -- backbone.CRFuse.ir_swin.stages.2.blocks.10.norm2.weight:lr_mult=0.1
2026/03/24 09:36:42 - mmengine - INFO - paramwise_options -- backbone.CRFuse.ir_swin.stages.2.blocks.10.norm2.bias:lr=1e-05
2026/03/24 09:36:42 - mmengine - INFO - paramwise_options -- backbone.CRFuse.ir_swin.stages.2.blocks.10.norm2.bias:weight_decay=0.0001
2026/03/24 09:36:42 - mmengine - INFO - paramwise_options -- backbone.CRFuse.ir_swin.stages.2.blocks.10.norm2.bias:lr_mult=0.1
2026/03/24 09:36:42 - mmengine - INFO - paramwise_options -- backbone.CRFuse.ir_swin.stages.2.blocks.10.ffn.layers.0.0.weight:lr=1e-05
2026/03/24 09:36:42 - mmengine - INFO - paramwise_options -- backbone.CRFuse.ir_swin.stages.2.blocks.10.ffn.layers.0.0.weight:weight_decay=0.0001
2026/03/24 09:36:42 - mmengine - INFO - paramwise_options -- backbone.CRFuse.ir_swin.stages.2.blocks.10.ffn.layers.0.0.weight:lr_mult=0.1
2026/03/24 09:36:42 - mmengine - INFO - paramwise_options -- backbone.CRFuse.ir_swin.stages.2.blocks.10.ffn.layers.0.0.bias:lr=1e-05
2026/03/24 09:36:42 - mmengine - INFO - paramwise_options -- backbone.CRFuse.ir_swin.stages.2.blocks.10.ffn.layers.0.0.bias:weight_decay=0.0001
2026/03/24 09:36:42 - mmengine - INFO - paramwise_options -- backbone.CRFuse.ir_swin.stages.2.blocks.10.ffn.layers.0.0.bias:lr_mult=0.1
2026/03/24 09:36:42 - mmengine - INFO - paramwise_options -- backbone.CRFuse.ir_swin.stages.2.blocks.10.ffn.layers.1.weight:lr=1e-05
2026/03/24 09:36:42 - mmengine - INFO - paramwise_options -- backbone.CRFuse.ir_swin.stages.2.blocks.10.ffn.layers.1.weight:weight_decay=0.0001
2026/03/24 09:36:42 - mmengine - INFO - paramwise_options -- backbone.CRFuse.ir_swin.stages.2.blocks.10.ffn.layers.1.weight:lr_mult=0.1
2026/03/24 09:36:42 - mmengine - INFO - paramwise_options -- backbone.CRFuse.ir_swin.stages.2.blocks.10.ffn.layers.1.bias:lr=1e-05
2026/03/24 09:36:42 - mmengine - INFO - paramwise_options -- backbone.CRFuse.ir_swin.stages.2.blocks.10.ffn.layers.1.bias:weight_decay=0.0001
2026/03/24 09:36:42 - mmengine - INFO - paramwise_options -- backbone.CRFuse.ir_swin.stages.2.blocks.10.ffn.layers.1.bias:lr_mult=0.1
2026/03/24 09:36:42 - mmengine - INFO - paramwise_options -- backbone.CRFuse.ir_swin.stages.2.blocks.11.norm1.weight:lr=1e-05
2026/03/24 09:36:42 - mmengine - INFO - paramwise_options -- backbone.CRFuse.ir_swin.stages.2.blocks.11.norm1.weight:weight_decay=0.0001
2026/03/24 09:36:42 - mmengine - INFO - paramwise_options -- backbone.CRFuse.ir_swin.stages.2.blocks.11.norm1.weight:lr_mult=0.1
2026/03/24 09:36:42 - mmengine - INFO - paramwise_options -- backbone.CRFuse.ir_swin.stages.2.blocks.11.norm1.bias:lr=1e-05
2026/03/24 09:36:42 - mmengine - INFO - paramwise_options -- backbone.CRFuse.ir_swin.stages.2.blocks.11.norm1.bias:weight_decay=0.0001
2026/03/24 09:36:42 - mmengine - INFO - paramwise_options -- backbone.CRFuse.ir_swin.stages.2.blocks.11.norm1.bias:lr_mult=0.1
2026/03/24 09:36:42 - mmengine - INFO - paramwise_options -- backbone.CRFuse.ir_swin.stages.2.blocks.11.attn.w_msa.relative_position_bias_table:lr=1e-05
2026/03/24 09:36:42 - mmengine - INFO - paramwise_options -- backbone.CRFuse.ir_swin.stages.2.blocks.11.attn.w_msa.relative_position_bias_table:weight_decay=0.0001
2026/03/24 09:36:42 - mmengine - INFO - paramwise_options -- backbone.CRFuse.ir_swin.stages.2.blocks.11.attn.w_msa.relative_position_bias_table:lr_mult=0.1
2026/03/24 09:36:42 - mmengine - INFO - paramwise_options -- backbone.CRFuse.ir_swin.stages.2.blocks.11.attn.w_msa.qkv.weight:lr=1e-05
2026/03/24 09:36:42 - mmengine - INFO - paramwise_options -- backbone.CRFuse.ir_swin.stages.2.blocks.11.attn.w_msa.qkv.weight:weight_decay=0.0001
2026/03/24 09:36:42 - mmengine - INFO - paramwise_options -- backbone.CRFuse.ir_swin.stages.2.blocks.11.attn.w_msa.qkv.weight:lr_mult=0.1
2026/03/24 09:36:42 - mmengine - INFO - paramwise_options -- backbone.CRFuse.ir_swin.stages.2.blocks.11.attn.w_msa.qkv.bias:lr=1e-05
2026/03/24 09:36:42 - mmengine - INFO - paramwise_options -- backbone.CRFuse.ir_swin.stages.2.blocks.11.attn.w_msa.qkv.bias:weight_decay=0.0001
2026/03/24 09:36:42 - mmengine - INFO - paramwise_options -- backbone.CRFuse.ir_swin.stages.2.blocks.11.attn.w_msa.qkv.bias:lr_mult=0.1
2026/03/24 09:36:42 - mmengine - INFO - paramwise_options -- backbone.CRFuse.ir_swin.stages.2.blocks.11.attn.w_msa.proj.weight:lr=1e-05
2026/03/24 09:36:42 - mmengine - INFO - paramwise_options -- backbone.CRFuse.ir_swin.stages.2.blocks.11.attn.w_msa.proj.weight:weight_decay=0.0001
2026/03/24 09:36:42 - mmengine - INFO - paramwise_options -- backbone.CRFuse.ir_swin.stages.2.blocks.11.attn.w_msa.proj.weight:lr_mult=0.1
2026/03/24 09:36:42 - mmengine - INFO - paramwise_options -- backbone.CRFuse.ir_swin.stages.2.blocks.11.attn.w_msa.proj.bias:lr=1e-05
2026/03/24 09:36:42 - mmengine - INFO - paramwise_options -- backbone.CRFuse.ir_swin.stages.2.blocks.11.attn.w_msa.proj.bias:weight_decay=0.0001
2026/03/24 09:36:42 - mmengine - INFO - paramwise_options -- backbone.CRFuse.ir_swin.stages.2.blocks.11.attn.w_msa.proj.bias:lr_mult=0.1
2026/03/24 09:36:42 - mmengine - INFO - paramwise_options -- backbone.CRFuse.ir_swin.stages.2.blocks.11.norm2.weight:lr=1e-05
2026/03/24 09:36:42 - mmengine - INFO - paramwise_options -- backbone.CRFuse.ir_swin.stages.2.blocks.11.norm2.weight:weight_decay=0.0001
2026/03/24 09:36:42 - mmengine - INFO - paramwise_options -- backbone.CRFuse.ir_swin.stages.2.blocks.11.norm2.weight:lr_mult=0.1
2026/03/24 09:36:42 - mmengine - INFO - paramwise_options -- backbone.CRFuse.ir_swin.stages.2.blocks.11.norm2.bias:lr=1e-05
2026/03/24 09:36:42 - mmengine - INFO - paramwise_options -- backbone.CRFuse.ir_swin.stages.2.blocks.11.norm2.bias:weight_decay=0.0001
2026/03/24 09:36:42 - mmengine - INFO - paramwise_options -- backbone.CRFuse.ir_swin.stages.2.blocks.11.norm2.bias:lr_mult=0.1
2026/03/24 09:36:42 - mmengine - INFO - paramwise_options -- backbone.CRFuse.ir_swin.stages.2.blocks.11.ffn.layers.0.0.weight:lr=1e-05
2026/03/24 09:36:42 - mmengine - INFO - paramwise_options -- backbone.CRFuse.ir_swin.stages.2.blocks.11.ffn.layers.0.0.weight:weight_decay=0.0001
2026/03/24 09:36:42 - mmengine - INFO - paramwise_options -- backbone.CRFuse.ir_swin.stages.2.blocks.11.ffn.layers.0.0.weight:lr_mult=0.1
2026/03/24 09:36:42 - mmengine - INFO - paramwise_options -- backbone.CRFuse.ir_swin.stages.2.blocks.11.ffn.layers.0.0.bias:lr=1e-05
2026/03/24 09:36:42 - mmengine - INFO - paramwise_options -- backbone.CRFuse.ir_swin.stages.2.blocks.11.ffn.layers.0.0.bias:weight_decay=0.0001
2026/03/24 09:36:42 - mmengine - INFO - paramwise_options -- backbone.CRFuse.ir_swin.stages.2.blocks.11.ffn.layers.0.0.bias:lr_mult=0.1
2026/03/24 09:36:42 - mmengine - INFO - paramwise_options -- backbone.CRFuse.ir_swin.stages.2.blocks.11.ffn.layers.1.weight:lr=1e-05
2026/03/24 09:36:42 - mmengine - INFO - paramwise_options -- backbone.CRFuse.ir_swin.stages.2.blocks.11.ffn.layers.1.weight:weight_decay=0.0001
2026/03/24 09:36:42 - mmengine - INFO - paramwise_options -- backbone.CRFuse.ir_swin.stages.2.blocks.11.ffn.layers.1.weight:lr_mult=0.1
2026/03/24 09:36:42 - mmengine - INFO - paramwise_options -- backbone.CRFuse.ir_swin.stages.2.blocks.11.ffn.layers.1.bias:lr=1e-05
2026/03/24 09:36:42 - mmengine - INFO - paramwise_options -- backbone.CRFuse.ir_swin.stages.2.blocks.11.ffn.layers.1.bias:weight_decay=0.0001
2026/03/24 09:36:42 - mmengine - INFO - paramwise_options -- backbone.CRFuse.ir_swin.stages.2.blocks.11.ffn.layers.1.bias:lr_mult=0.1
2026/03/24 09:36:42 - mmengine - INFO - paramwise_options -- backbone.CRFuse.ir_swin.stages.2.blocks.12.norm1.weight:lr=1e-05
2026/03/24 09:36:42 - mmengine - INFO - paramwise_options -- backbone.CRFuse.ir_swin.stages.2.blocks.12.norm1.weight:weight_decay=0.0001
2026/03/24 09:36:42 - mmengine - INFO - paramwise_options -- backbone.CRFuse.ir_swin.stages.2.blocks.12.norm1.weight:lr_mult=0.1
2026/03/24 09:36:42 - mmengine - INFO - paramwise_options -- backbone.CRFuse.ir_swin.stages.2.blocks.12.norm1.bias:lr=1e-05
2026/03/24 09:36:42 - mmengine - INFO - paramwise_options -- backbone.CRFuse.ir_swin.stages.2.blocks.12.norm1.bias:weight_decay=0.0001
2026/03/24 09:36:42 - mmengine - INFO - paramwise_options -- backbone.CRFuse.ir_swin.stages.2.blocks.12.norm1.bias:lr_mult=0.1
2026/03/24 09:36:42 - mmengine - INFO - paramwise_options -- backbone.CRFuse.ir_swin.stages.2.blocks.12.attn.w_msa.relative_position_bias_table:lr=1e-05
2026/03/24 09:36:42 - mmengine - INFO - paramwise_options -- backbone.CRFuse.ir_swin.stages.2.blocks.12.attn.w_msa.relative_position_bias_table:weight_decay=0.0001
2026/03/24 09:36:42 - mmengine - INFO - paramwise_options -- backbone.CRFuse.ir_swin.stages.2.blocks.12.attn.w_msa.relative_position_bias_table:lr_mult=0.1
2026/03/24 09:36:42 - mmengine - INFO - paramwise_options -- backbone.CRFuse.ir_swin.stages.2.blocks.12.attn.w_msa.qkv.weight:lr=1e-05
2026/03/24 09:36:42 - mmengine - INFO - paramwise_options -- backbone.CRFuse.ir_swin.stages.2.blocks.12.attn.w_msa.qkv.weight:weight_decay=0.0001
2026/03/24 09:36:42 - mmengine - INFO - paramwise_options -- backbone.CRFuse.ir_swin.stages.2.blocks.12.attn.w_msa.qkv.weight:lr_mult=0.1
2026/03/24 09:36:42 - mmengine - INFO - paramwise_options -- backbone.CRFuse.ir_swin.stages.2.blocks.12.attn.w_msa.qkv.bias:lr=1e-05
2026/03/24 09:36:42 - mmengine - INFO - paramwise_options -- backbone.CRFuse.ir_swin.stages.2.blocks.12.attn.w_msa.qkv.bias:weight_decay=0.0001
2026/03/24 09:36:42 - mmengine - INFO - paramwise_options -- backbone.CRFuse.ir_swin.stages.2.blocks.12.attn.w_msa.qkv.bias:lr_mult=0.1
2026/03/24 09:36:42 - mmengine - INFO - paramwise_options -- backbone.CRFuse.ir_swin.stages.2.blocks.12.attn.w_msa.proj.weight:lr=1e-05
2026/03/24 09:36:42 - mmengine - INFO - paramwise_options -- backbone.CRFuse.ir_swin.stages.2.blocks.12.attn.w_msa.proj.weight:weight_decay=0.0001
2026/03/24 09:36:42 - mmengine - INFO - paramwise_options -- backbone.CRFuse.ir_swin.stages.2.blocks.12.attn.w_msa.proj.weight:lr_mult=0.1
2026/03/24 09:36:42 - mmengine - INFO - paramwise_options -- backbone.CRFuse.ir_swin.stages.2.blocks.12.attn.w_msa.proj.bias:lr=1e-05
2026/03/24 09:36:42 - mmengine - INFO - paramwise_options -- backbone.CRFuse.ir_swin.stages.2.blocks.12.attn.w_msa.proj.bias:weight_decay=0.0001
2026/03/24 09:36:42 - mmengine - INFO - paramwise_options -- backbone.CRFuse.ir_swin.stages.2.blocks.12.attn.w_msa.proj.bias:lr_mult=0.1
2026/03/24 09:36:42 - mmengine - INFO - paramwise_options -- backbone.CRFuse.ir_swin.stages.2.blocks.12.norm2.weight:lr=1e-05
2026/03/24 09:36:42 - mmengine - INFO - paramwise_options -- backbone.CRFuse.ir_swin.stages.2.blocks.12.norm2.weight:weight_decay=0.0001
2026/03/24 09:36:42 - mmengine - INFO - paramwise_options -- backbone.CRFuse.ir_swin.stages.2.blocks.12.norm2.weight:lr_mult=0.1
2026/03/24 09:36:42 - mmengine - INFO - paramwise_options -- backbone.CRFuse.ir_swin.stages.2.blocks.12.norm2.bias:lr=1e-05
2026/03/24 09:36:42 - mmengine - INFO - paramwise_options -- backbone.CRFuse.ir_swin.stages.2.blocks.12.norm2.bias:weight_decay=0.0001
2026/03/24 09:36:42 - mmengine - INFO - paramwise_options -- backbone.CRFuse.ir_swin.stages.2.blocks.12.norm2.bias:lr_mult=0.1
2026/03/24 09:36:42 - mmengine - INFO - paramwise_options -- backbone.CRFuse.ir_swin.stages.2.blocks.12.ffn.layers.0.0.weight:lr=1e-05
2026/03/24 09:36:42 - mmengine - INFO - paramwise_options -- backbone.CRFuse.ir_swin.stages.2.blocks.12.ffn.layers.0.0.weight:weight_decay=0.0001
2026/03/24 09:36:42 - mmengine - INFO - paramwise_options -- backbone.CRFuse.ir_swin.stages.2.blocks.12.ffn.layers.0.0.weight:lr_mult=0.1
2026/03/24 09:36:42 - mmengine - INFO - paramwise_options -- backbone.CRFuse.ir_swin.stages.2.blocks.12.ffn.layers.0.0.bias:lr=1e-05
2026/03/24 09:36:42 - mmengine - INFO - paramwise_options -- backbone.CRFuse.ir_swin.stages.2.blocks.12.ffn.layers.0.0.bias:weight_decay=0.0001
2026/03/24 09:36:42 - mmengine - INFO - paramwise_options -- backbone.CRFuse.ir_swin.stages.2.blocks.12.ffn.layers.0.0.bias:lr_mult=0.1
2026/03/24 09:36:42 - mmengine - INFO - paramwise_options -- backbone.CRFuse.ir_swin.stages.2.blocks.12.ffn.layers.1.weight:lr=1e-05
2026/03/24 09:36:42 - mmengine - INFO - paramwise_options -- backbone.CRFuse.ir_swin.stages.2.blocks.12.ffn.layers.1.weight:weight_decay=0.0001
2026/03/24 09:36:42 - mmengine - INFO - paramwise_options -- backbone.CRFuse.ir_swin.stages.2.blocks.12.ffn.layers.1.weight:lr_mult=0.1
2026/03/24 09:36:42 - mmengine - INFO - paramwise_options -- backbone.CRFuse.ir_swin.stages.2.blocks.12.ffn.layers.1.bias:lr=1e-05
2026/03/24 09:36:42 - mmengine - INFO - paramwise_options -- backbone.CRFuse.ir_swin.stages.2.blocks.12.ffn.layers.1.bias:weight_decay=0.0001
2026/03/24 09:36:42 - mmengine - INFO - paramwise_options -- backbone.CRFuse.ir_swin.stages.2.blocks.12.ffn.layers.1.bias:lr_mult=0.1
2026/03/24 09:36:42 - mmengine - INFO - paramwise_options -- backbone.CRFuse.ir_swin.stages.2.blocks.13.norm1.weight:lr=1e-05
2026/03/24 09:36:42 - mmengine - INFO - paramwise_options -- backbone.CRFuse.ir_swin.stages.2.blocks.13.norm1.weight:weight_decay=0.0001
2026/03/24 09:36:42 - mmengine - INFO - paramwise_options -- backbone.CRFuse.ir_swin.stages.2.blocks.13.norm1.weight:lr_mult=0.1
2026/03/24 09:36:42 - mmengine - INFO - paramwise_options -- backbone.CRFuse.ir_swin.stages.2.blocks.13.norm1.bias:lr=1e-05
2026/03/24 09:36:42 - mmengine - INFO - paramwise_options -- backbone.CRFuse.ir_swin.stages.2.blocks.13.norm1.bias:weight_decay=0.0001
2026/03/24 09:36:42 - mmengine - INFO - paramwise_options -- backbone.CRFuse.ir_swin.stages.2.blocks.13.norm1.bias:lr_mult=0.1
2026/03/24 09:36:42 - mmengine - INFO - paramwise_options -- backbone.CRFuse.ir_swin.stages.2.blocks.13.attn.w_msa.relative_position_bias_table:lr=1e-05
2026/03/24 09:36:42 - mmengine - INFO - paramwise_options -- backbone.CRFuse.ir_swin.stages.2.blocks.13.attn.w_msa.relative_position_bias_table:weight_decay=0.0001
2026/03/24 09:36:42 - mmengine - INFO - paramwise_options -- backbone.CRFuse.ir_swin.stages.2.blocks.13.attn.w_msa.relative_position_bias_table:lr_mult=0.1
2026/03/24 09:36:42 - mmengine - INFO - paramwise_options -- backbone.CRFuse.ir_swin.stages.2.blocks.13.attn.w_msa.qkv.weight:lr=1e-05
2026/03/24 09:36:42 - mmengine - INFO - paramwise_options -- backbone.CRFuse.ir_swin.stages.2.blocks.13.attn.w_msa.qkv.weight:weight_decay=0.0001
2026/03/24 09:36:42 - mmengine - INFO - paramwise_options -- backbone.CRFuse.ir_swin.stages.2.blocks.13.attn.w_msa.qkv.weight:lr_mult=0.1
2026/03/24 09:36:42 - mmengine - INFO - paramwise_options -- backbone.CRFuse.ir_swin.stages.2.blocks.13.attn.w_msa.qkv.bias:lr=1e-05
2026/03/24 09:36:42 - mmengine - INFO - paramwise_options -- backbone.CRFuse.ir_swin.stages.2.blocks.13.attn.w_msa.qkv.bias:weight_decay=0.0001
2026/03/24 09:36:42 - mmengine - INFO - paramwise_options -- backbone.CRFuse.ir_swin.stages.2.blocks.13.attn.w_msa.qkv.bias:lr_mult=0.1
2026/03/24 09:36:42 - mmengine - INFO - paramwise_options -- backbone.CRFuse.ir_swin.stages.2.blocks.13.attn.w_msa.proj.weight:lr=1e-05
2026/03/24 09:36:42 - mmengine - INFO - paramwise_options -- backbone.CRFuse.ir_swin.stages.2.blocks.13.attn.w_msa.proj.weight:weight_decay=0.0001
2026/03/24 09:36:42 - mmengine - INFO - paramwise_options -- backbone.CRFuse.ir_swin.stages.2.blocks.13.attn.w_msa.proj.weight:lr_mult=0.1
2026/03/24 09:36:42 - mmengine - INFO - paramwise_options -- backbone.CRFuse.ir_swin.stages.2.blocks.13.attn.w_msa.proj.bias:lr=1e-05
2026/03/24 09:36:42 - mmengine - INFO - paramwise_options -- backbone.CRFuse.ir_swin.stages.2.blocks.13.attn.w_msa.proj.bias:weight_decay=0.0001
2026/03/24 09:36:42 - mmengine - INFO - paramwise_options -- backbone.CRFuse.ir_swin.stages.2.blocks.13.attn.w_msa.proj.bias:lr_mult=0.1
2026/03/24 09:36:42 - mmengine - INFO - paramwise_options -- backbone.CRFuse.ir_swin.stages.2.blocks.13.norm2.weight:lr=1e-05
2026/03/24 09:36:42 - mmengine - INFO - paramwise_options -- backbone.CRFuse.ir_swin.stages.2.blocks.13.norm2.weight:weight_decay=0.0001
2026/03/24 09:36:42 - mmengine - INFO - paramwise_options -- backbone.CRFuse.ir_swin.stages.2.blocks.13.norm2.weight:lr_mult=0.1
2026/03/24 09:36:42 - mmengine - INFO - paramwise_options -- backbone.CRFuse.ir_swin.stages.2.blocks.13.norm2.bias:lr=1e-05
2026/03/24 09:36:42 - mmengine - INFO - paramwise_options -- backbone.CRFuse.ir_swin.stages.2.blocks.13.norm2.bias:weight_decay=0.0001
2026/03/24 09:36:42 - mmengine - INFO - paramwise_options -- backbone.CRFuse.ir_swin.stages.2.blocks.13.norm2.bias:lr_mult=0.1
2026/03/24 09:36:42 - mmengine - INFO - paramwise_options -- backbone.CRFuse.ir_swin.stages.2.blocks.13.ffn.layers.0.0.weight:lr=1e-05
2026/03/24 09:36:42 - mmengine - INFO - paramwise_options -- backbone.CRFuse.ir_swin.stages.2.blocks.13.ffn.layers.0.0.weight:weight_decay=0.0001
2026/03/24 09:36:42 - mmengine - INFO - paramwise_options -- backbone.CRFuse.ir_swin.stages.2.blocks.13.ffn.layers.0.0.weight:lr_mult=0.1
2026/03/24 09:36:42 - mmengine - INFO - paramwise_options -- backbone.CRFuse.ir_swin.stages.2.blocks.13.ffn.layers.0.0.bias:lr=1e-05
2026/03/24 09:36:42 - mmengine - INFO - paramwise_options -- backbone.CRFuse.ir_swin.stages.2.blocks.13.ffn.layers.0.0.bias:weight_decay=0.0001
2026/03/24 09:36:42 - mmengine - INFO - paramwise_options -- backbone.CRFuse.ir_swin.stages.2.blocks.13.ffn.layers.0.0.bias:lr_mult=0.1
2026/03/24 09:36:42 - mmengine - INFO - paramwise_options -- backbone.CRFuse.ir_swin.stages.2.blocks.13.ffn.layers.1.weight:lr=1e-05
2026/03/24 09:36:42 - mmengine - INFO - paramwise_options -- backbone.CRFuse.ir_swin.stages.2.blocks.13.ffn.layers.1.weight:weight_decay=0.0001
2026/03/24 09:36:42 - mmengine - INFO - paramwise_options -- backbone.CRFuse.ir_swin.stages.2.blocks.13.ffn.layers.1.weight:lr_mult=0.1
2026/03/24 09:36:42 - mmengine - INFO - paramwise_options -- backbone.CRFuse.ir_swin.stages.2.blocks.13.ffn.layers.1.bias:lr=1e-05
2026/03/24 09:36:42 - mmengine - INFO - paramwise_options -- backbone.CRFuse.ir_swin.stages.2.blocks.13.ffn.layers.1.bias:weight_decay=0.0001
2026/03/24 09:36:42 - mmengine - INFO - paramwise_options -- backbone.CRFuse.ir_swin.stages.2.blocks.13.ffn.layers.1.bias:lr_mult=0.1
2026/03/24 09:36:42 - mmengine - INFO - paramwise_options -- backbone.CRFuse.ir_swin.stages.2.blocks.14.norm1.weight:lr=1e-05
2026/03/24 09:36:42 - mmengine - INFO - paramwise_options -- backbone.CRFuse.ir_swin.stages.2.blocks.14.norm1.weight:weight_decay=0.0001
2026/03/24 09:36:42 - mmengine - INFO - paramwise_options -- backbone.CRFuse.ir_swin.stages.2.blocks.14.norm1.weight:lr_mult=0.1
2026/03/24 09:36:42 - mmengine - INFO - paramwise_options -- backbone.CRFuse.ir_swin.stages.2.blocks.14.norm1.bias:lr=1e-05
2026/03/24 09:36:42 - mmengine - INFO - paramwise_options -- backbone.CRFuse.ir_swin.stages.2.blocks.14.norm1.bias:weight_decay=0.0001
2026/03/24 09:36:42 - mmengine - INFO - paramwise_options -- backbone.CRFuse.ir_swin.stages.2.blocks.14.norm1.bias:lr_mult=0.1
2026/03/24 09:36:42 - mmengine - INFO - paramwise_options -- backbone.CRFuse.ir_swin.stages.2.blocks.14.attn.w_msa.relative_position_bias_table:lr=1e-05
2026/03/24 09:36:42 - mmengine - INFO - paramwise_options -- backbone.CRFuse.ir_swin.stages.2.blocks.14.attn.w_msa.relative_position_bias_table:weight_decay=0.0001
2026/03/24 09:36:42 - mmengine - INFO - paramwise_options -- backbone.CRFuse.ir_swin.stages.2.blocks.14.attn.w_msa.relative_position_bias_table:lr_mult=0.1
2026/03/24 09:36:42 - mmengine - INFO - paramwise_options -- backbone.CRFuse.ir_swin.stages.2.blocks.14.attn.w_msa.qkv.weight:lr=1e-05
2026/03/24 09:36:42 - mmengine - INFO - paramwise_options -- backbone.CRFuse.ir_swin.stages.2.blocks.14.attn.w_msa.qkv.weight:weight_decay=0.0001
2026/03/24 09:36:42 - mmengine - INFO - paramwise_options -- backbone.CRFuse.ir_swin.stages.2.blocks.14.attn.w_msa.qkv.weight:lr_mult=0.1
2026/03/24 09:36:42 - mmengine - INFO - paramwise_options -- backbone.CRFuse.ir_swin.stages.2.blocks.14.attn.w_msa.qkv.bias:lr=1e-05
2026/03/24 09:36:42 - mmengine - INFO - paramwise_options -- backbone.CRFuse.ir_swin.stages.2.blocks.14.attn.w_msa.qkv.bias:weight_decay=0.0001
2026/03/24 09:36:42 - mmengine - INFO - paramwise_options -- backbone.CRFuse.ir_swin.stages.2.blocks.14.attn.w_msa.qkv.bias:lr_mult=0.1
2026/03/24 09:36:42 - mmengine - INFO - paramwise_options -- backbone.CRFuse.ir_swin.stages.2.blocks.14.attn.w_msa.proj.weight:lr=1e-05
2026/03/24 09:36:42 - mmengine - INFO - paramwise_options -- backbone.CRFuse.ir_swin.stages.2.blocks.14.attn.w_msa.proj.weight:weight_decay=0.0001
2026/03/24 09:36:42 - mmengine - INFO - paramwise_options -- backbone.CRFuse.ir_swin.stages.2.blocks.14.attn.w_msa.proj.weight:lr_mult=0.1
2026/03/24 09:36:42 - mmengine - INFO - paramwise_options -- backbone.CRFuse.ir_swin.stages.2.blocks.14.attn.w_msa.proj.bias:lr=1e-05
2026/03/24 09:36:42 - mmengine - INFO - paramwise_options -- backbone.CRFuse.ir_swin.stages.2.blocks.14.attn.w_msa.proj.bias:weight_decay=0.0001
2026/03/24 09:36:42 - mmengine - INFO - paramwise_options -- backbone.CRFuse.ir_swin.stages.2.blocks.14.attn.w_msa.proj.bias:lr_mult=0.1
2026/03/24 09:36:42 - mmengine - INFO - paramwise_options -- backbone.CRFuse.ir_swin.stages.2.blocks.14.norm2.weight:lr=1e-05
2026/03/24 09:36:42 - mmengine - INFO - paramwise_options -- backbone.CRFuse.ir_swin.stages.2.blocks.14.norm2.weight:weight_decay=0.0001
2026/03/24 09:36:42 - mmengine - INFO - paramwise_options -- backbone.CRFuse.ir_swin.stages.2.blocks.14.norm2.weight:lr_mult=0.1
2026/03/24 09:36:42 - mmengine - INFO - paramwise_options -- backbone.CRFuse.ir_swin.stages.2.blocks.14.norm2.bias:lr=1e-05
2026/03/24 09:36:42 - mmengine - INFO - paramwise_options -- backbone.CRFuse.ir_swin.stages.2.blocks.14.norm2.bias:weight_decay=0.0001
2026/03/24 09:36:42 - mmengine - INFO - paramwise_options -- backbone.CRFuse.ir_swin.stages.2.blocks.14.norm2.bias:lr_mult=0.1
2026/03/24 09:36:42 - mmengine - INFO - paramwise_options -- backbone.CRFuse.ir_swin.stages.2.blocks.14.ffn.layers.0.0.weight:lr=1e-05
2026/03/24 09:36:42 - mmengine - INFO - paramwise_options -- backbone.CRFuse.ir_swin.stages.2.blocks.14.ffn.layers.0.0.weight:weight_decay=0.0001
2026/03/24 09:36:42 - mmengine - INFO - paramwise_options -- backbone.CRFuse.ir_swin.stages.2.blocks.14.ffn.layers.0.0.weight:lr_mult=0.1
2026/03/24 09:36:42 - mmengine - INFO - paramwise_options -- backbone.CRFuse.ir_swin.stages.2.blocks.14.ffn.layers.0.0.bias:lr=1e-05
2026/03/24 09:36:42 - mmengine - INFO - paramwise_options -- backbone.CRFuse.ir_swin.stages.2.blocks.14.ffn.layers.0.0.bias:weight_decay=0.0001
2026/03/24 09:36:42 - mmengine - INFO - paramwise_options -- backbone.CRFuse.ir_swin.stages.2.blocks.14.ffn.layers.0.0.bias:lr_mult=0.1
2026/03/24 09:36:42 - mmengine - INFO - paramwise_options -- backbone.CRFuse.ir_swin.stages.2.blocks.14.ffn.layers.1.weight:lr=1e-05
2026/03/24 09:36:42 - mmengine - INFO - paramwise_options -- backbone.CRFuse.ir_swin.stages.2.blocks.14.ffn.layers.1.weight:weight_decay=0.0001
2026/03/24 09:36:42 - mmengine - INFO - paramwise_options -- backbone.CRFuse.ir_swin.stages.2.blocks.14.ffn.layers.1.weight:lr_mult=0.1
2026/03/24 09:36:42 - mmengine - INFO - paramwise_options -- backbone.CRFuse.ir_swin.stages.2.blocks.14.ffn.layers.1.bias:lr=1e-05
2026/03/24 09:36:42 - mmengine - INFO - paramwise_options -- backbone.CRFuse.ir_swin.stages.2.blocks.14.ffn.layers.1.bias:weight_decay=0.0001
2026/03/24 09:36:42 - mmengine - INFO - paramwise_options -- backbone.CRFuse.ir_swin.stages.2.blocks.14.ffn.layers.1.bias:lr_mult=0.1
2026/03/24 09:36:42 - mmengine - INFO - paramwise_options -- backbone.CRFuse.ir_swin.stages.2.blocks.15.norm1.weight:lr=1e-05
2026/03/24 09:36:42 - mmengine - INFO - paramwise_options -- backbone.CRFuse.ir_swin.stages.2.blocks.15.norm1.weight:weight_decay=0.0001
2026/03/24 09:36:42 - mmengine - INFO - paramwise_options -- backbone.CRFuse.ir_swin.stages.2.blocks.15.norm1.weight:lr_mult=0.1
2026/03/24 09:36:42 - mmengine - INFO - paramwise_options -- backbone.CRFuse.ir_swin.stages.2.blocks.15.norm1.bias:lr=1e-05
2026/03/24 09:36:42 - mmengine - INFO - paramwise_options -- backbone.CRFuse.ir_swin.stages.2.blocks.15.norm1.bias:weight_decay=0.0001
2026/03/24 09:36:42 - mmengine - INFO - paramwise_options -- backbone.CRFuse.ir_swin.stages.2.blocks.15.norm1.bias:lr_mult=0.1
2026/03/24 09:36:42 - mmengine - INFO - paramwise_options -- backbone.CRFuse.ir_swin.stages.2.blocks.15.attn.w_msa.relative_position_bias_table:lr=1e-05
2026/03/24 09:36:42 - mmengine - INFO - paramwise_options -- backbone.CRFuse.ir_swin.stages.2.blocks.15.attn.w_msa.relative_position_bias_table:weight_decay=0.0001
2026/03/24 09:36:42 - mmengine - INFO - paramwise_options -- backbone.CRFuse.ir_swin.stages.2.blocks.15.attn.w_msa.relative_position_bias_table:lr_mult=0.1
2026/03/24 09:36:42 - mmengine - INFO - paramwise_options -- backbone.CRFuse.ir_swin.stages.2.blocks.15.attn.w_msa.qkv.weight:lr=1e-05
2026/03/24 09:36:42 - mmengine - INFO - paramwise_options -- backbone.CRFuse.ir_swin.stages.2.blocks.15.attn.w_msa.qkv.weight:weight_decay=0.0001
2026/03/24 09:36:42 - mmengine - INFO - paramwise_options -- backbone.CRFuse.ir_swin.stages.2.blocks.15.attn.w_msa.qkv.weight:lr_mult=0.1
2026/03/24 09:36:42 - mmengine - INFO - paramwise_options -- backbone.CRFuse.ir_swin.stages.2.blocks.15.attn.w_msa.qkv.bias:lr=1e-05
2026/03/24 09:36:42 - mmengine - INFO - paramwise_options -- backbone.CRFuse.ir_swin.stages.2.blocks.15.attn.w_msa.qkv.bias:weight_decay=0.0001
2026/03/24 09:36:42 - mmengine - INFO - paramwise_options -- backbone.CRFuse.ir_swin.stages.2.blocks.15.attn.w_msa.qkv.bias:lr_mult=0.1
2026/03/24 09:36:42 - mmengine - INFO - paramwise_options -- backbone.CRFuse.ir_swin.stages.2.blocks.15.attn.w_msa.proj.weight:lr=1e-05
2026/03/24 09:36:42 - mmengine - INFO - paramwise_options -- backbone.CRFuse.ir_swin.stages.2.blocks.15.attn.w_msa.proj.weight:weight_decay=0.0001
2026/03/24 09:36:42 - mmengine - INFO - paramwise_options -- backbone.CRFuse.ir_swin.stages.2.blocks.15.attn.w_msa.proj.weight:lr_mult=0.1
2026/03/24 09:36:42 - mmengine - INFO - paramwise_options -- backbone.CRFuse.ir_swin.stages.2.blocks.15.attn.w_msa.proj.bias:lr=1e-05
2026/03/24 09:36:42 - mmengine - INFO - paramwise_options -- backbone.CRFuse.ir_swin.stages.2.blocks.15.attn.w_msa.proj.bias:weight_decay=0.0001
2026/03/24 09:36:42 - mmengine - INFO - paramwise_options -- backbone.CRFuse.ir_swin.stages.2.blocks.15.attn.w_msa.proj.bias:lr_mult=0.1
2026/03/24 09:36:42 - mmengine - INFO - paramwise_options -- backbone.CRFuse.ir_swin.stages.2.blocks.15.norm2.weight:lr=1e-05
2026/03/24 09:36:42 - mmengine - INFO - paramwise_options -- backbone.CRFuse.ir_swin.stages.2.blocks.15.norm2.weight:weight_decay=0.0001
2026/03/24 09:36:42 - mmengine - INFO - paramwise_options -- backbone.CRFuse.ir_swin.stages.2.blocks.15.norm2.weight:lr_mult=0.1
2026/03/24 09:36:42 - mmengine - INFO - paramwise_options -- backbone.CRFuse.ir_swin.stages.2.blocks.15.norm2.bias:lr=1e-05
2026/03/24 09:36:42 - mmengine - INFO - paramwise_options -- backbone.CRFuse.ir_swin.stages.2.blocks.15.norm2.bias:weight_decay=0.0001
2026/03/24 09:36:42 - mmengine - INFO - paramwise_options -- backbone.CRFuse.ir_swin.stages.2.blocks.15.norm2.bias:lr_mult=0.1
2026/03/24 09:36:42 - mmengine - INFO - paramwise_options -- backbone.CRFuse.ir_swin.stages.2.blocks.15.ffn.layers.0.0.weight:lr=1e-05
2026/03/24 09:36:42 - mmengine - INFO - paramwise_options -- backbone.CRFuse.ir_swin.stages.2.blocks.15.ffn.layers.0.0.weight:weight_decay=0.0001
2026/03/24 09:36:42 - mmengine - INFO - paramwise_options -- backbone.CRFuse.ir_swin.stages.2.blocks.15.ffn.layers.0.0.weight:lr_mult=0.1
2026/03/24 09:36:42 - mmengine - INFO - paramwise_options -- backbone.CRFuse.ir_swin.stages.2.blocks.15.ffn.layers.0.0.bias:lr=1e-05
2026/03/24 09:36:42 - mmengine - INFO - paramwise_options -- backbone.CRFuse.ir_swin.stages.2.blocks.15.ffn.layers.0.0.bias:weight_decay=0.0001
2026/03/24 09:36:42 - mmengine - INFO - paramwise_options -- backbone.CRFuse.ir_swin.stages.2.blocks.15.ffn.layers.0.0.bias:lr_mult=0.1
2026/03/24 09:36:42 - mmengine - INFO - paramwise_options -- backbone.CRFuse.ir_swin.stages.2.blocks.15.ffn.layers.1.weight:lr=1e-05
2026/03/24 09:36:42 - mmengine - INFO - paramwise_options -- backbone.CRFuse.ir_swin.stages.2.blocks.15.ffn.layers.1.weight:weight_decay=0.0001
2026/03/24 09:36:42 - mmengine - INFO - paramwise_options -- backbone.CRFuse.ir_swin.stages.2.blocks.15.ffn.layers.1.weight:lr_mult=0.1
2026/03/24 09:36:42 - mmengine - INFO - paramwise_options -- backbone.CRFuse.ir_swin.stages.2.blocks.15.ffn.layers.1.bias:lr=1e-05
2026/03/24 09:36:42 - mmengine - INFO - paramwise_options -- backbone.CRFuse.ir_swin.stages.2.blocks.15.ffn.layers.1.bias:weight_decay=0.0001
2026/03/24 09:36:42 - mmengine - INFO - paramwise_options -- backbone.CRFuse.ir_swin.stages.2.blocks.15.ffn.layers.1.bias:lr_mult=0.1
2026/03/24 09:36:42 - mmengine - INFO - paramwise_options -- backbone.CRFuse.ir_swin.stages.2.blocks.16.norm1.weight:lr=1e-05
2026/03/24 09:36:42 - mmengine - INFO - paramwise_options -- backbone.CRFuse.ir_swin.stages.2.blocks.16.norm1.weight:weight_decay=0.0001
2026/03/24 09:36:42 - mmengine - INFO - paramwise_options -- backbone.CRFuse.ir_swin.stages.2.blocks.16.norm1.weight:lr_mult=0.1
2026/03/24 09:36:42 - mmengine - INFO - paramwise_options -- backbone.CRFuse.ir_swin.stages.2.blocks.16.norm1.bias:lr=1e-05
2026/03/24 09:36:42 - mmengine - INFO - paramwise_options -- backbone.CRFuse.ir_swin.stages.2.blocks.16.norm1.bias:weight_decay=0.0001
2026/03/24 09:36:42 - mmengine - INFO - paramwise_options -- backbone.CRFuse.ir_swin.stages.2.blocks.16.norm1.bias:lr_mult=0.1
2026/03/24 09:36:42 - mmengine - INFO - paramwise_options -- backbone.CRFuse.ir_swin.stages.2.blocks.16.attn.w_msa.relative_position_bias_table:lr=1e-05
2026/03/24 09:36:42 - mmengine - INFO - paramwise_options -- backbone.CRFuse.ir_swin.stages.2.blocks.16.attn.w_msa.relative_position_bias_table:weight_decay=0.0001
2026/03/24 09:36:42 - mmengine - INFO - paramwise_options -- backbone.CRFuse.ir_swin.stages.2.blocks.16.attn.w_msa.relative_position_bias_table:lr_mult=0.1
2026/03/24 09:36:42 - mmengine - INFO - paramwise_options -- backbone.CRFuse.ir_swin.stages.2.blocks.16.attn.w_msa.qkv.weight:lr=1e-05
2026/03/24 09:36:42 - mmengine - INFO - paramwise_options -- backbone.CRFuse.ir_swin.stages.2.blocks.16.attn.w_msa.qkv.weight:weight_decay=0.0001
2026/03/24 09:36:42 - mmengine - INFO - paramwise_options -- backbone.CRFuse.ir_swin.stages.2.blocks.16.attn.w_msa.qkv.weight:lr_mult=0.1
2026/03/24 09:36:42 - mmengine - INFO - paramwise_options -- backbone.CRFuse.ir_swin.stages.2.blocks.16.attn.w_msa.qkv.bias:lr=1e-05
2026/03/24 09:36:42 - mmengine - INFO - paramwise_options -- backbone.CRFuse.ir_swin.stages.2.blocks.16.attn.w_msa.qkv.bias:weight_decay=0.0001
2026/03/24 09:36:42 - mmengine - INFO - paramwise_options -- backbone.CRFuse.ir_swin.stages.2.blocks.16.attn.w_msa.qkv.bias:lr_mult=0.1
2026/03/24 09:36:42 - mmengine - INFO - paramwise_options -- backbone.CRFuse.ir_swin.stages.2.blocks.16.attn.w_msa.proj.weight:lr=1e-05
2026/03/24 09:36:42 - mmengine - INFO - paramwise_options -- backbone.CRFuse.ir_swin.stages.2.blocks.16.attn.w_msa.proj.weight:weight_decay=0.0001
2026/03/24 09:36:42 - mmengine - INFO - paramwise_options -- backbone.CRFuse.ir_swin.stages.2.blocks.16.attn.w_msa.proj.weight:lr_mult=0.1
2026/03/24 09:36:42 - mmengine - INFO - paramwise_options -- backbone.CRFuse.ir_swin.stages.2.blocks.16.attn.w_msa.proj.bias:lr=1e-05
2026/03/24 09:36:42 - mmengine - INFO - paramwise_options -- backbone.CRFuse.ir_swin.stages.2.blocks.16.attn.w_msa.proj.bias:weight_decay=0.0001
2026/03/24 09:36:42 - mmengine - INFO - paramwise_options -- backbone.CRFuse.ir_swin.stages.2.blocks.16.attn.w_msa.proj.bias:lr_mult=0.1
2026/03/24 09:36:42 - mmengine - INFO - paramwise_options -- backbone.CRFuse.ir_swin.stages.2.blocks.16.norm2.weight:lr=1e-05
2026/03/24 09:36:42 - mmengine - INFO - paramwise_options -- backbone.CRFuse.ir_swin.stages.2.blocks.16.norm2.weight:weight_decay=0.0001
2026/03/24 09:36:42 - mmengine - INFO - paramwise_options -- backbone.CRFuse.ir_swin.stages.2.blocks.16.norm2.weight:lr_mult=0.1
2026/03/24 09:36:42 - mmengine - INFO - paramwise_options -- backbone.CRFuse.ir_swin.stages.2.blocks.16.norm2.bias:lr=1e-05
2026/03/24 09:36:42 - mmengine - INFO - paramwise_options -- backbone.CRFuse.ir_swin.stages.2.blocks.16.norm2.bias:weight_decay=0.0001
2026/03/24 09:36:42 - mmengine - INFO - paramwise_options -- backbone.CRFuse.ir_swin.stages.2.blocks.16.norm2.bias:lr_mult=0.1
2026/03/24 09:36:42 - mmengine - INFO - paramwise_options -- backbone.CRFuse.ir_swin.stages.2.blocks.16.ffn.layers.0.0.weight:lr=1e-05
2026/03/24 09:36:42 - mmengine - INFO - paramwise_options -- backbone.CRFuse.ir_swin.stages.2.blocks.16.ffn.layers.0.0.weight:weight_decay=0.0001
2026/03/24 09:36:42 - mmengine - INFO - paramwise_options -- backbone.CRFuse.ir_swin.stages.2.blocks.16.ffn.layers.0.0.weight:lr_mult=0.1
2026/03/24 09:36:42 - mmengine - INFO - paramwise_options -- backbone.CRFuse.ir_swin.stages.2.blocks.16.ffn.layers.0.0.bias:lr=1e-05
2026/03/24 09:36:42 - mmengine - INFO - paramwise_options -- backbone.CRFuse.ir_swin.stages.2.blocks.16.ffn.layers.0.0.bias:weight_decay=0.0001
2026/03/24 09:36:42 - mmengine - INFO - paramwise_options -- backbone.CRFuse.ir_swin.stages.2.blocks.16.ffn.layers.0.0.bias:lr_mult=0.1
2026/03/24 09:36:42 - mmengine - INFO - paramwise_options -- backbone.CRFuse.ir_swin.stages.2.blocks.16.ffn.layers.1.weight:lr=1e-05
2026/03/24 09:36:42 - mmengine - INFO - paramwise_options -- backbone.CRFuse.ir_swin.stages.2.blocks.16.ffn.layers.1.weight:weight_decay=0.0001
2026/03/24 09:36:42 - mmengine - INFO - paramwise_options -- backbone.CRFuse.ir_swin.stages.2.blocks.16.ffn.layers.1.weight:lr_mult=0.1
2026/03/24 09:36:42 - mmengine - INFO - paramwise_options -- backbone.CRFuse.ir_swin.stages.2.blocks.16.ffn.layers.1.bias:lr=1e-05
2026/03/24 09:36:42 - mmengine - INFO - paramwise_options -- backbone.CRFuse.ir_swin.stages.2.blocks.16.ffn.layers.1.bias:weight_decay=0.0001
2026/03/24 09:36:42 - mmengine - INFO - paramwise_options -- backbone.CRFuse.ir_swin.stages.2.blocks.16.ffn.layers.1.bias:lr_mult=0.1
2026/03/24 09:36:42 - mmengine - INFO - paramwise_options -- backbone.CRFuse.ir_swin.stages.2.blocks.17.norm1.weight:lr=1e-05
2026/03/24 09:36:42 - mmengine - INFO - paramwise_options -- backbone.CRFuse.ir_swin.stages.2.blocks.17.norm1.weight:weight_decay=0.0001
2026/03/24 09:36:42 - mmengine - INFO - paramwise_options -- backbone.CRFuse.ir_swin.stages.2.blocks.17.norm1.weight:lr_mult=0.1
2026/03/24 09:36:42 - mmengine - INFO - paramwise_options -- backbone.CRFuse.ir_swin.stages.2.blocks.17.norm1.bias:lr=1e-05
2026/03/24 09:36:42 - mmengine - INFO - paramwise_options -- backbone.CRFuse.ir_swin.stages.2.blocks.17.norm1.bias:weight_decay=0.0001
2026/03/24 09:36:42 - mmengine - INFO - paramwise_options -- backbone.CRFuse.ir_swin.stages.2.blocks.17.norm1.bias:lr_mult=0.1
2026/03/24 09:36:42 - mmengine - INFO - paramwise_options -- backbone.CRFuse.ir_swin.stages.2.blocks.17.attn.w_msa.relative_position_bias_table:lr=1e-05
2026/03/24 09:36:42 - mmengine - INFO - paramwise_options -- backbone.CRFuse.ir_swin.stages.2.blocks.17.attn.w_msa.relative_position_bias_table:weight_decay=0.0001
2026/03/24 09:36:42 - mmengine - INFO - paramwise_options -- backbone.CRFuse.ir_swin.stages.2.blocks.17.attn.w_msa.relative_position_bias_table:lr_mult=0.1
2026/03/24 09:36:42 - mmengine - INFO - paramwise_options -- backbone.CRFuse.ir_swin.stages.2.blocks.17.attn.w_msa.qkv.weight:lr=1e-05
2026/03/24 09:36:42 - mmengine - INFO - paramwise_options -- backbone.CRFuse.ir_swin.stages.2.blocks.17.attn.w_msa.qkv.weight:weight_decay=0.0001
2026/03/24 09:36:42 - mmengine - INFO - paramwise_options -- backbone.CRFuse.ir_swin.stages.2.blocks.17.attn.w_msa.qkv.weight:lr_mult=0.1
2026/03/24 09:36:42 - mmengine - INFO - paramwise_options -- backbone.CRFuse.ir_swin.stages.2.blocks.17.attn.w_msa.qkv.bias:lr=1e-05
2026/03/24 09:36:42 - mmengine - INFO - paramwise_options -- backbone.CRFuse.ir_swin.stages.2.blocks.17.attn.w_msa.qkv.bias:weight_decay=0.0001
2026/03/24 09:36:42 - mmengine - INFO - paramwise_options -- backbone.CRFuse.ir_swin.stages.2.blocks.17.attn.w_msa.qkv.bias:lr_mult=0.1
2026/03/24 09:36:42 - mmengine - INFO - paramwise_options -- backbone.CRFuse.ir_swin.stages.2.blocks.17.attn.w_msa.proj.weight:lr=1e-05
2026/03/24 09:36:42 - mmengine - INFO - paramwise_options -- backbone.CRFuse.ir_swin.stages.2.blocks.17.attn.w_msa.proj.weight:weight_decay=0.0001
2026/03/24 09:36:42 - mmengine - INFO - paramwise_options -- backbone.CRFuse.ir_swin.stages.2.blocks.17.attn.w_msa.proj.weight:lr_mult=0.1
2026/03/24 09:36:42 - mmengine - INFO - paramwise_options -- backbone.CRFuse.ir_swin.stages.2.blocks.17.attn.w_msa.proj.bias:lr=1e-05
2026/03/24 09:36:42 - mmengine - INFO - paramwise_options -- backbone.CRFuse.ir_swin.stages.2.blocks.17.attn.w_msa.proj.bias:weight_decay=0.0001
2026/03/24 09:36:42 - mmengine - INFO - paramwise_options -- backbone.CRFuse.ir_swin.stages.2.blocks.17.attn.w_msa.proj.bias:lr_mult=0.1
2026/03/24 09:36:42 - mmengine - INFO - paramwise_options -- backbone.CRFuse.ir_swin.stages.2.blocks.17.norm2.weight:lr=1e-05
2026/03/24 09:36:42 - mmengine - INFO - paramwise_options -- backbone.CRFuse.ir_swin.stages.2.blocks.17.norm2.weight:weight_decay=0.0001
2026/03/24 09:36:42 - mmengine - INFO - paramwise_options -- backbone.CRFuse.ir_swin.stages.2.blocks.17.norm2.weight:lr_mult=0.1
2026/03/24 09:36:42 - mmengine - INFO - paramwise_options -- backbone.CRFuse.ir_swin.stages.2.blocks.17.norm2.bias:lr=1e-05
2026/03/24 09:36:42 - mmengine - INFO - paramwise_options -- backbone.CRFuse.ir_swin.stages.2.blocks.17.norm2.bias:weight_decay=0.0001
2026/03/24 09:36:42 - mmengine - INFO - paramwise_options -- backbone.CRFuse.ir_swin.stages.2.blocks.17.norm2.bias:lr_mult=0.1
2026/03/24 09:36:42 - mmengine - INFO - paramwise_options -- backbone.CRFuse.ir_swin.stages.2.blocks.17.ffn.layers.0.0.weight:lr=1e-05
2026/03/24 09:36:42 - mmengine - INFO - paramwise_options -- backbone.CRFuse.ir_swin.stages.2.blocks.17.ffn.layers.0.0.weight:weight_decay=0.0001
2026/03/24 09:36:42 - mmengine - INFO - paramwise_options -- backbone.CRFuse.ir_swin.stages.2.blocks.17.ffn.layers.0.0.weight:lr_mult=0.1
2026/03/24 09:36:42 - mmengine - INFO - paramwise_options -- backbone.CRFuse.ir_swin.stages.2.blocks.17.ffn.layers.0.0.bias:lr=1e-05
2026/03/24 09:36:42 - mmengine - INFO - paramwise_options -- backbone.CRFuse.ir_swin.stages.2.blocks.17.ffn.layers.0.0.bias:weight_decay=0.0001
2026/03/24 09:36:42 - mmengine - INFO - paramwise_options -- backbone.CRFuse.ir_swin.stages.2.blocks.17.ffn.layers.0.0.bias:lr_mult=0.1
2026/03/24 09:36:42 - mmengine - INFO - paramwise_options -- backbone.CRFuse.ir_swin.stages.2.blocks.17.ffn.layers.1.weight:lr=1e-05
2026/03/24 09:36:42 - mmengine - INFO - paramwise_options -- backbone.CRFuse.ir_swin.stages.2.blocks.17.ffn.layers.1.weight:weight_decay=0.0001
2026/03/24 09:36:42 - mmengine - INFO - paramwise_options -- backbone.CRFuse.ir_swin.stages.2.blocks.17.ffn.layers.1.weight:lr_mult=0.1
2026/03/24 09:36:42 - mmengine - INFO - paramwise_options -- backbone.CRFuse.ir_swin.stages.2.blocks.17.ffn.layers.1.bias:lr=1e-05
2026/03/24 09:36:42 - mmengine - INFO - paramwise_options -- backbone.CRFuse.ir_swin.stages.2.blocks.17.ffn.layers.1.bias:weight_decay=0.0001
2026/03/24 09:36:42 - mmengine - INFO - paramwise_options -- backbone.CRFuse.ir_swin.stages.2.blocks.17.ffn.layers.1.bias:lr_mult=0.1
2026/03/24 09:36:42 - mmengine - INFO - paramwise_options -- backbone.CRFuse.ir_swin.stages.2.downsample.norm.weight:lr=1e-05
2026/03/24 09:36:42 - mmengine - INFO - paramwise_options -- backbone.CRFuse.ir_swin.stages.2.downsample.norm.weight:weight_decay=0.0001
2026/03/24 09:36:42 - mmengine - INFO - paramwise_options -- backbone.CRFuse.ir_swin.stages.2.downsample.norm.weight:lr_mult=0.1
2026/03/24 09:36:42 - mmengine - INFO - paramwise_options -- backbone.CRFuse.ir_swin.stages.2.downsample.norm.bias:lr=1e-05
2026/03/24 09:36:42 - mmengine - INFO - paramwise_options -- backbone.CRFuse.ir_swin.stages.2.downsample.norm.bias:weight_decay=0.0001
2026/03/24 09:36:42 - mmengine - INFO - paramwise_options -- backbone.CRFuse.ir_swin.stages.2.downsample.norm.bias:lr_mult=0.1
2026/03/24 09:36:42 - mmengine - INFO - paramwise_options -- backbone.CRFuse.ir_swin.stages.2.downsample.reduction.weight:lr=1e-05
2026/03/24 09:36:42 - mmengine - INFO - paramwise_options -- backbone.CRFuse.ir_swin.stages.2.downsample.reduction.weight:weight_decay=0.0001
2026/03/24 09:36:42 - mmengine - INFO - paramwise_options -- backbone.CRFuse.ir_swin.stages.2.downsample.reduction.weight:lr_mult=0.1
2026/03/24 09:36:42 - mmengine - INFO - paramwise_options -- backbone.CRFuse.ir_swin.stages.3.blocks.0.norm1.weight:lr=1e-05
2026/03/24 09:36:42 - mmengine - INFO - paramwise_options -- backbone.CRFuse.ir_swin.stages.3.blocks.0.norm1.weight:weight_decay=0.0001
2026/03/24 09:36:42 - mmengine - INFO - paramwise_options -- backbone.CRFuse.ir_swin.stages.3.blocks.0.norm1.weight:lr_mult=0.1
2026/03/24 09:36:42 - mmengine - INFO - paramwise_options -- backbone.CRFuse.ir_swin.stages.3.blocks.0.norm1.bias:lr=1e-05
2026/03/24 09:36:42 - mmengine - INFO - paramwise_options -- backbone.CRFuse.ir_swin.stages.3.blocks.0.norm1.bias:weight_decay=0.0001
2026/03/24 09:36:42 - mmengine - INFO - paramwise_options -- backbone.CRFuse.ir_swin.stages.3.blocks.0.norm1.bias:lr_mult=0.1
2026/03/24 09:36:42 - mmengine - INFO - paramwise_options -- backbone.CRFuse.ir_swin.stages.3.blocks.0.attn.w_msa.relative_position_bias_table:lr=1e-05
2026/03/24 09:36:42 - mmengine - INFO - paramwise_options -- backbone.CRFuse.ir_swin.stages.3.blocks.0.attn.w_msa.relative_position_bias_table:weight_decay=0.0001
2026/03/24 09:36:42 - mmengine - INFO - paramwise_options -- backbone.CRFuse.ir_swin.stages.3.blocks.0.attn.w_msa.relative_position_bias_table:lr_mult=0.1
2026/03/24 09:36:42 - mmengine - INFO - paramwise_options -- backbone.CRFuse.ir_swin.stages.3.blocks.0.attn.w_msa.qkv.weight:lr=1e-05
2026/03/24 09:36:42 - mmengine - INFO - paramwise_options -- backbone.CRFuse.ir_swin.stages.3.blocks.0.attn.w_msa.qkv.weight:weight_decay=0.0001
2026/03/24 09:36:42 - mmengine - INFO - paramwise_options -- backbone.CRFuse.ir_swin.stages.3.blocks.0.attn.w_msa.qkv.weight:lr_mult=0.1
2026/03/24 09:36:42 - mmengine - INFO - paramwise_options -- backbone.CRFuse.ir_swin.stages.3.blocks.0.attn.w_msa.qkv.bias:lr=1e-05
2026/03/24 09:36:42 - mmengine - INFO - paramwise_options -- backbone.CRFuse.ir_swin.stages.3.blocks.0.attn.w_msa.qkv.bias:weight_decay=0.0001
2026/03/24 09:36:42 - mmengine - INFO - paramwise_options -- backbone.CRFuse.ir_swin.stages.3.blocks.0.attn.w_msa.qkv.bias:lr_mult=0.1
2026/03/24 09:36:42 - mmengine - INFO - paramwise_options -- backbone.CRFuse.ir_swin.stages.3.blocks.0.attn.w_msa.proj.weight:lr=1e-05
2026/03/24 09:36:42 - mmengine - INFO - paramwise_options -- backbone.CRFuse.ir_swin.stages.3.blocks.0.attn.w_msa.proj.weight:weight_decay=0.0001
2026/03/24 09:36:42 - mmengine - INFO - paramwise_options -- backbone.CRFuse.ir_swin.stages.3.blocks.0.attn.w_msa.proj.weight:lr_mult=0.1
2026/03/24 09:36:42 - mmengine - INFO - paramwise_options -- backbone.CRFuse.ir_swin.stages.3.blocks.0.attn.w_msa.proj.bias:lr=1e-05
2026/03/24 09:36:42 - mmengine - INFO - paramwise_options -- backbone.CRFuse.ir_swin.stages.3.blocks.0.attn.w_msa.proj.bias:weight_decay=0.0001
2026/03/24 09:36:42 - mmengine - INFO - paramwise_options -- backbone.CRFuse.ir_swin.stages.3.blocks.0.attn.w_msa.proj.bias:lr_mult=0.1
2026/03/24 09:36:42 - mmengine - INFO - paramwise_options -- backbone.CRFuse.ir_swin.stages.3.blocks.0.norm2.weight:lr=1e-05
2026/03/24 09:36:42 - mmengine - INFO - paramwise_options -- backbone.CRFuse.ir_swin.stages.3.blocks.0.norm2.weight:weight_decay=0.0001
2026/03/24 09:36:42 - mmengine - INFO - paramwise_options -- backbone.CRFuse.ir_swin.stages.3.blocks.0.norm2.weight:lr_mult=0.1
2026/03/24 09:36:42 - mmengine - INFO - paramwise_options -- backbone.CRFuse.ir_swin.stages.3.blocks.0.norm2.bias:lr=1e-05
2026/03/24 09:36:42 - mmengine - INFO - paramwise_options -- backbone.CRFuse.ir_swin.stages.3.blocks.0.norm2.bias:weight_decay=0.0001
2026/03/24 09:36:42 - mmengine - INFO - paramwise_options -- backbone.CRFuse.ir_swin.stages.3.blocks.0.norm2.bias:lr_mult=0.1
2026/03/24 09:36:42 - mmengine - INFO - paramwise_options -- backbone.CRFuse.ir_swin.stages.3.blocks.0.ffn.layers.0.0.weight:lr=1e-05
2026/03/24 09:36:42 - mmengine - INFO - paramwise_options -- backbone.CRFuse.ir_swin.stages.3.blocks.0.ffn.layers.0.0.weight:weight_decay=0.0001
2026/03/24 09:36:42 - mmengine - INFO - paramwise_options -- backbone.CRFuse.ir_swin.stages.3.blocks.0.ffn.layers.0.0.weight:lr_mult=0.1
2026/03/24 09:36:42 - mmengine - INFO - paramwise_options -- backbone.CRFuse.ir_swin.stages.3.blocks.0.ffn.layers.0.0.bias:lr=1e-05
2026/03/24 09:36:42 - mmengine - INFO - paramwise_options -- backbone.CRFuse.ir_swin.stages.3.blocks.0.ffn.layers.0.0.bias:weight_decay=0.0001
2026/03/24 09:36:42 - mmengine - INFO - paramwise_options -- backbone.CRFuse.ir_swin.stages.3.blocks.0.ffn.layers.0.0.bias:lr_mult=0.1
2026/03/24 09:36:42 - mmengine - INFO - paramwise_options -- backbone.CRFuse.ir_swin.stages.3.blocks.0.ffn.layers.1.weight:lr=1e-05
2026/03/24 09:36:42 - mmengine - INFO - paramwise_options -- backbone.CRFuse.ir_swin.stages.3.blocks.0.ffn.layers.1.weight:weight_decay=0.0001
2026/03/24 09:36:42 - mmengine - INFO - paramwise_options -- backbone.CRFuse.ir_swin.stages.3.blocks.0.ffn.layers.1.weight:lr_mult=0.1
2026/03/24 09:36:42 - mmengine - INFO - paramwise_options -- backbone.CRFuse.ir_swin.stages.3.blocks.0.ffn.layers.1.bias:lr=1e-05
2026/03/24 09:36:42 - mmengine - INFO - paramwise_options -- backbone.CRFuse.ir_swin.stages.3.blocks.0.ffn.layers.1.bias:weight_decay=0.0001
2026/03/24 09:36:42 - mmengine - INFO - paramwise_options -- backbone.CRFuse.ir_swin.stages.3.blocks.0.ffn.layers.1.bias:lr_mult=0.1
2026/03/24 09:36:42 - mmengine - INFO - paramwise_options -- backbone.CRFuse.ir_swin.stages.3.blocks.1.norm1.weight:lr=1e-05
2026/03/24 09:36:42 - mmengine - INFO - paramwise_options -- backbone.CRFuse.ir_swin.stages.3.blocks.1.norm1.weight:weight_decay=0.0001
2026/03/24 09:36:42 - mmengine - INFO - paramwise_options -- backbone.CRFuse.ir_swin.stages.3.blocks.1.norm1.weight:lr_mult=0.1
2026/03/24 09:36:42 - mmengine - INFO - paramwise_options -- backbone.CRFuse.ir_swin.stages.3.blocks.1.norm1.bias:lr=1e-05
2026/03/24 09:36:42 - mmengine - INFO - paramwise_options -- backbone.CRFuse.ir_swin.stages.3.blocks.1.norm1.bias:weight_decay=0.0001
2026/03/24 09:36:42 - mmengine - INFO - paramwise_options -- backbone.CRFuse.ir_swin.stages.3.blocks.1.norm1.bias:lr_mult=0.1
2026/03/24 09:36:42 - mmengine - INFO - paramwise_options -- backbone.CRFuse.ir_swin.stages.3.blocks.1.attn.w_msa.relative_position_bias_table:lr=1e-05
2026/03/24 09:36:42 - mmengine - INFO - paramwise_options -- backbone.CRFuse.ir_swin.stages.3.blocks.1.attn.w_msa.relative_position_bias_table:weight_decay=0.0001
2026/03/24 09:36:42 - mmengine - INFO - paramwise_options -- backbone.CRFuse.ir_swin.stages.3.blocks.1.attn.w_msa.relative_position_bias_table:lr_mult=0.1
2026/03/24 09:36:42 - mmengine - INFO - paramwise_options -- backbone.CRFuse.ir_swin.stages.3.blocks.1.attn.w_msa.qkv.weight:lr=1e-05
2026/03/24 09:36:42 - mmengine - INFO - paramwise_options -- backbone.CRFuse.ir_swin.stages.3.blocks.1.attn.w_msa.qkv.weight:weight_decay=0.0001
2026/03/24 09:36:42 - mmengine - INFO - paramwise_options -- backbone.CRFuse.ir_swin.stages.3.blocks.1.attn.w_msa.qkv.weight:lr_mult=0.1
2026/03/24 09:36:42 - mmengine - INFO - paramwise_options -- backbone.CRFuse.ir_swin.stages.3.blocks.1.attn.w_msa.qkv.bias:lr=1e-05
2026/03/24 09:36:42 - mmengine - INFO - paramwise_options -- backbone.CRFuse.ir_swin.stages.3.blocks.1.attn.w_msa.qkv.bias:weight_decay=0.0001
2026/03/24 09:36:42 - mmengine - INFO - paramwise_options -- backbone.CRFuse.ir_swin.stages.3.blocks.1.attn.w_msa.qkv.bias:lr_mult=0.1
2026/03/24 09:36:42 - mmengine - INFO - paramwise_options -- backbone.CRFuse.ir_swin.stages.3.blocks.1.attn.w_msa.proj.weight:lr=1e-05
2026/03/24 09:36:42 - mmengine - INFO - paramwise_options -- backbone.CRFuse.ir_swin.stages.3.blocks.1.attn.w_msa.proj.weight:weight_decay=0.0001
2026/03/24 09:36:42 - mmengine - INFO - paramwise_options -- backbone.CRFuse.ir_swin.stages.3.blocks.1.attn.w_msa.proj.weight:lr_mult=0.1
2026/03/24 09:36:42 - mmengine - INFO - paramwise_options -- backbone.CRFuse.ir_swin.stages.3.blocks.1.attn.w_msa.proj.bias:lr=1e-05
2026/03/24 09:36:42 - mmengine - INFO - paramwise_options -- backbone.CRFuse.ir_swin.stages.3.blocks.1.attn.w_msa.proj.bias:weight_decay=0.0001
2026/03/24 09:36:42 - mmengine - INFO - paramwise_options -- backbone.CRFuse.ir_swin.stages.3.blocks.1.attn.w_msa.proj.bias:lr_mult=0.1
2026/03/24 09:36:42 - mmengine - INFO - paramwise_options -- backbone.CRFuse.ir_swin.stages.3.blocks.1.norm2.weight:lr=1e-05
2026/03/24 09:36:42 - mmengine - INFO - paramwise_options -- backbone.CRFuse.ir_swin.stages.3.blocks.1.norm2.weight:weight_decay=0.0001
2026/03/24 09:36:42 - mmengine - INFO - paramwise_options -- backbone.CRFuse.ir_swin.stages.3.blocks.1.norm2.weight:lr_mult=0.1
2026/03/24 09:36:42 - mmengine - INFO - paramwise_options -- backbone.CRFuse.ir_swin.stages.3.blocks.1.norm2.bias:lr=1e-05
2026/03/24 09:36:42 - mmengine - INFO - paramwise_options -- backbone.CRFuse.ir_swin.stages.3.blocks.1.norm2.bias:weight_decay=0.0001
2026/03/24 09:36:42 - mmengine - INFO - paramwise_options -- backbone.CRFuse.ir_swin.stages.3.blocks.1.norm2.bias:lr_mult=0.1
2026/03/24 09:36:42 - mmengine - INFO - paramwise_options -- backbone.CRFuse.ir_swin.stages.3.blocks.1.ffn.layers.0.0.weight:lr=1e-05
2026/03/24 09:36:42 - mmengine - INFO - paramwise_options -- backbone.CRFuse.ir_swin.stages.3.blocks.1.ffn.layers.0.0.weight:weight_decay=0.0001
2026/03/24 09:36:42 - mmengine - INFO - paramwise_options -- backbone.CRFuse.ir_swin.stages.3.blocks.1.ffn.layers.0.0.weight:lr_mult=0.1
2026/03/24 09:36:42 - mmengine - INFO - paramwise_options -- backbone.CRFuse.ir_swin.stages.3.blocks.1.ffn.layers.0.0.bias:lr=1e-05
2026/03/24 09:36:42 - mmengine - INFO - paramwise_options -- backbone.CRFuse.ir_swin.stages.3.blocks.1.ffn.layers.0.0.bias:weight_decay=0.0001
2026/03/24 09:36:42 - mmengine - INFO - paramwise_options -- backbone.CRFuse.ir_swin.stages.3.blocks.1.ffn.layers.0.0.bias:lr_mult=0.1
2026/03/24 09:36:42 - mmengine - INFO - paramwise_options -- backbone.CRFuse.ir_swin.stages.3.blocks.1.ffn.layers.1.weight:lr=1e-05
2026/03/24 09:36:42 - mmengine - INFO - paramwise_options -- backbone.CRFuse.ir_swin.stages.3.blocks.1.ffn.layers.1.weight:weight_decay=0.0001
2026/03/24 09:36:42 - mmengine - INFO - paramwise_options -- backbone.CRFuse.ir_swin.stages.3.blocks.1.ffn.layers.1.weight:lr_mult=0.1
2026/03/24 09:36:42 - mmengine - INFO - paramwise_options -- backbone.CRFuse.ir_swin.stages.3.blocks.1.ffn.layers.1.bias:lr=1e-05
2026/03/24 09:36:42 - mmengine - INFO - paramwise_options -- backbone.CRFuse.ir_swin.stages.3.blocks.1.ffn.layers.1.bias:weight_decay=0.0001
2026/03/24 09:36:42 - mmengine - INFO - paramwise_options -- backbone.CRFuse.ir_swin.stages.3.blocks.1.ffn.layers.1.bias:lr_mult=0.1
2026/03/24 09:36:42 - mmengine - INFO - paramwise_options -- backbone.CRFuse.ir_swin.norm0.weight:lr=1e-05
2026/03/24 09:36:42 - mmengine - INFO - paramwise_options -- backbone.CRFuse.ir_swin.norm0.weight:weight_decay=0.0001
2026/03/24 09:36:42 - mmengine - INFO - paramwise_options -- backbone.CRFuse.ir_swin.norm0.weight:lr_mult=0.1
2026/03/24 09:36:42 - mmengine - INFO - paramwise_options -- backbone.CRFuse.ir_swin.norm0.bias:lr=1e-05
2026/03/24 09:36:42 - mmengine - INFO - paramwise_options -- backbone.CRFuse.ir_swin.norm0.bias:weight_decay=0.0001
2026/03/24 09:36:42 - mmengine - INFO - paramwise_options -- backbone.CRFuse.ir_swin.norm0.bias:lr_mult=0.1
2026/03/24 09:36:42 - mmengine - INFO - paramwise_options -- backbone.CRFuse.ir_swin.norm1.weight:lr=1e-05
2026/03/24 09:36:42 - mmengine - INFO - paramwise_options -- backbone.CRFuse.ir_swin.norm1.weight:weight_decay=0.0001
2026/03/24 09:36:42 - mmengine - INFO - paramwise_options -- backbone.CRFuse.ir_swin.norm1.weight:lr_mult=0.1
2026/03/24 09:36:42 - mmengine - INFO - paramwise_options -- backbone.CRFuse.ir_swin.norm1.bias:lr=1e-05
2026/03/24 09:36:42 - mmengine - INFO - paramwise_options -- backbone.CRFuse.ir_swin.norm1.bias:weight_decay=0.0001
2026/03/24 09:36:42 - mmengine - INFO - paramwise_options -- backbone.CRFuse.ir_swin.norm1.bias:lr_mult=0.1
2026/03/24 09:36:42 - mmengine - INFO - paramwise_options -- backbone.CRFuse.ir_swin.norm2.weight:lr=1e-05
2026/03/24 09:36:42 - mmengine - INFO - paramwise_options -- backbone.CRFuse.ir_swin.norm2.weight:weight_decay=0.0001
2026/03/24 09:36:42 - mmengine - INFO - paramwise_options -- backbone.CRFuse.ir_swin.norm2.weight:lr_mult=0.1
2026/03/24 09:36:42 - mmengine - INFO - paramwise_options -- backbone.CRFuse.ir_swin.norm2.bias:lr=1e-05
2026/03/24 09:36:42 - mmengine - INFO - paramwise_options -- backbone.CRFuse.ir_swin.norm2.bias:weight_decay=0.0001
2026/03/24 09:36:42 - mmengine - INFO - paramwise_options -- backbone.CRFuse.ir_swin.norm2.bias:lr_mult=0.1
2026/03/24 09:36:42 - mmengine - INFO - paramwise_options -- backbone.CRFuse.ir_swin.norm3.weight:lr=1e-05
2026/03/24 09:36:42 - mmengine - INFO - paramwise_options -- backbone.CRFuse.ir_swin.norm3.weight:weight_decay=0.0001
2026/03/24 09:36:42 - mmengine - INFO - paramwise_options -- backbone.CRFuse.ir_swin.norm3.weight:lr_mult=0.1
2026/03/24 09:36:42 - mmengine - INFO - paramwise_options -- backbone.CRFuse.ir_swin.norm3.bias:lr=1e-05
2026/03/24 09:36:42 - mmengine - INFO - paramwise_options -- backbone.CRFuse.ir_swin.norm3.bias:weight_decay=0.0001
2026/03/24 09:36:42 - mmengine - INFO - paramwise_options -- backbone.CRFuse.ir_swin.norm3.bias:lr_mult=0.1
2026/03/24 09:36:42 - mmengine - INFO - paramwise_options -- backbone.CRFuse.downsample.0.norm.weight:lr=1e-05
2026/03/24 09:36:42 - mmengine - INFO - paramwise_options -- backbone.CRFuse.downsample.0.norm.weight:weight_decay=0.0001
2026/03/24 09:36:42 - mmengine - INFO - paramwise_options -- backbone.CRFuse.downsample.0.norm.weight:lr_mult=0.1
2026/03/24 09:36:42 - mmengine - INFO - paramwise_options -- backbone.CRFuse.downsample.0.norm.bias:lr=1e-05
2026/03/24 09:36:42 - mmengine - INFO - paramwise_options -- backbone.CRFuse.downsample.0.norm.bias:weight_decay=0.0001
2026/03/24 09:36:42 - mmengine - INFO - paramwise_options -- backbone.CRFuse.downsample.0.norm.bias:lr_mult=0.1
2026/03/24 09:36:42 - mmengine - INFO - paramwise_options -- backbone.CRFuse.downsample.0.reduction.weight:lr=1e-05
2026/03/24 09:36:42 - mmengine - INFO - paramwise_options -- backbone.CRFuse.downsample.0.reduction.weight:weight_decay=0.0001
2026/03/24 09:36:42 - mmengine - INFO - paramwise_options -- backbone.CRFuse.downsample.0.reduction.weight:lr_mult=0.1
2026/03/24 09:36:42 - mmengine - INFO - paramwise_options -- backbone.CRFuse.downsample.1.norm.weight:lr=1e-05
2026/03/24 09:36:42 - mmengine - INFO - paramwise_options -- backbone.CRFuse.downsample.1.norm.weight:weight_decay=0.0001
2026/03/24 09:36:42 - mmengine - INFO - paramwise_options -- backbone.CRFuse.downsample.1.norm.weight:lr_mult=0.1
2026/03/24 09:36:42 - mmengine - INFO - paramwise_options -- backbone.CRFuse.downsample.1.norm.bias:lr=1e-05
2026/03/24 09:36:42 - mmengine - INFO - paramwise_options -- backbone.CRFuse.downsample.1.norm.bias:weight_decay=0.0001
2026/03/24 09:36:42 - mmengine - INFO - paramwise_options -- backbone.CRFuse.downsample.1.norm.bias:lr_mult=0.1
2026/03/24 09:36:42 - mmengine - INFO - paramwise_options -- backbone.CRFuse.downsample.1.reduction.weight:lr=1e-05
2026/03/24 09:36:42 - mmengine - INFO - paramwise_options -- backbone.CRFuse.downsample.1.reduction.weight:weight_decay=0.0001
2026/03/24 09:36:42 - mmengine - INFO - paramwise_options -- backbone.CRFuse.downsample.1.reduction.weight:lr_mult=0.1
2026/03/24 09:36:42 - mmengine - INFO - paramwise_options -- backbone.CRFuse.downsample.2.norm.weight:lr=1e-05
2026/03/24 09:36:42 - mmengine - INFO - paramwise_options -- backbone.CRFuse.downsample.2.norm.weight:weight_decay=0.0001
2026/03/24 09:36:42 - mmengine - INFO - paramwise_options -- backbone.CRFuse.downsample.2.norm.weight:lr_mult=0.1
2026/03/24 09:36:42 - mmengine - INFO - paramwise_options -- backbone.CRFuse.downsample.2.norm.bias:lr=1e-05
2026/03/24 09:36:42 - mmengine - INFO - paramwise_options -- backbone.CRFuse.downsample.2.norm.bias:weight_decay=0.0001
2026/03/24 09:36:42 - mmengine - INFO - paramwise_options -- backbone.CRFuse.downsample.2.norm.bias:lr_mult=0.1
2026/03/24 09:36:42 - mmengine - INFO - paramwise_options -- backbone.CRFuse.downsample.2.reduction.weight:lr=1e-05
2026/03/24 09:36:42 - mmengine - INFO - paramwise_options -- backbone.CRFuse.downsample.2.reduction.weight:weight_decay=0.0001
2026/03/24 09:36:42 - mmengine - INFO - paramwise_options -- backbone.CRFuse.downsample.2.reduction.weight:lr_mult=0.1
2026/03/24 09:36:42 - mmengine - INFO - paramwise_options -- backbone.CRFuse.downsample.3.norm.weight:lr=1e-05
2026/03/24 09:36:42 - mmengine - INFO - paramwise_options -- backbone.CRFuse.downsample.3.norm.weight:weight_decay=0.0001
2026/03/24 09:36:42 - mmengine - INFO - paramwise_options -- backbone.CRFuse.downsample.3.norm.weight:lr_mult=0.1
2026/03/24 09:36:42 - mmengine - INFO - paramwise_options -- backbone.CRFuse.downsample.3.norm.bias:lr=1e-05
2026/03/24 09:36:42 - mmengine - INFO - paramwise_options -- backbone.CRFuse.downsample.3.norm.bias:weight_decay=0.0001
2026/03/24 09:36:42 - mmengine - INFO - paramwise_options -- backbone.CRFuse.downsample.3.norm.bias:lr_mult=0.1
2026/03/24 09:36:42 - mmengine - INFO - paramwise_options -- backbone.CRFuse.downsample.3.reduction.weight:lr=1e-05
2026/03/24 09:36:42 - mmengine - INFO - paramwise_options -- backbone.CRFuse.downsample.3.reduction.weight:weight_decay=0.0001
2026/03/24 09:36:42 - mmengine - INFO - paramwise_options -- backbone.CRFuse.downsample.3.reduction.weight:lr_mult=0.1
2026/03/24 09:36:42 - mmengine - INFO - paramwise_options -- backbone.CRFuse.qkv.0.weight:lr=1e-05
2026/03/24 09:36:42 - mmengine - INFO - paramwise_options -- backbone.CRFuse.qkv.0.weight:weight_decay=0.0001
2026/03/24 09:36:42 - mmengine - INFO - paramwise_options -- backbone.CRFuse.qkv.0.weight:lr_mult=0.1
2026/03/24 09:36:42 - mmengine - INFO - paramwise_options -- backbone.CRFuse.qkv.0.bias:lr=1e-05
2026/03/24 09:36:42 - mmengine - INFO - paramwise_options -- backbone.CRFuse.qkv.0.bias:weight_decay=0.0001
2026/03/24 09:36:42 - mmengine - INFO - paramwise_options -- backbone.CRFuse.qkv.0.bias:lr_mult=0.1
2026/03/24 09:36:42 - mmengine - INFO - paramwise_options -- backbone.CRFuse.qkv.1.weight:lr=1e-05
2026/03/24 09:36:42 - mmengine - INFO - paramwise_options -- backbone.CRFuse.qkv.1.weight:weight_decay=0.0001
2026/03/24 09:36:42 - mmengine - INFO - paramwise_options -- backbone.CRFuse.qkv.1.weight:lr_mult=0.1
2026/03/24 09:36:42 - mmengine - INFO - paramwise_options -- backbone.CRFuse.qkv.1.bias:lr=1e-05
2026/03/24 09:36:42 - mmengine - INFO - paramwise_options -- backbone.CRFuse.qkv.1.bias:weight_decay=0.0001
2026/03/24 09:36:42 - mmengine - INFO - paramwise_options -- backbone.CRFuse.qkv.1.bias:lr_mult=0.1
2026/03/24 09:36:42 - mmengine - INFO - paramwise_options -- backbone.CRFuse.qkv.2.weight:lr=1e-05
2026/03/24 09:36:42 - mmengine - INFO - paramwise_options -- backbone.CRFuse.qkv.2.weight:weight_decay=0.0001
2026/03/24 09:36:42 - mmengine - INFO - paramwise_options -- backbone.CRFuse.qkv.2.weight:lr_mult=0.1
2026/03/24 09:36:42 - mmengine - INFO - paramwise_options -- backbone.CRFuse.qkv.2.bias:lr=1e-05
2026/03/24 09:36:42 - mmengine - INFO - paramwise_options -- backbone.CRFuse.qkv.2.bias:weight_decay=0.0001
2026/03/24 09:36:42 - mmengine - INFO - paramwise_options -- backbone.CRFuse.qkv.2.bias:lr_mult=0.1
2026/03/24 09:36:42 - mmengine - INFO - paramwise_options -- backbone.CRFuse.qkv.3.weight:lr=1e-05
2026/03/24 09:36:42 - mmengine - INFO - paramwise_options -- backbone.CRFuse.qkv.3.weight:weight_decay=0.0001
2026/03/24 09:36:42 - mmengine - INFO - paramwise_options -- backbone.CRFuse.qkv.3.weight:lr_mult=0.1
2026/03/24 09:36:42 - mmengine - INFO - paramwise_options -- backbone.CRFuse.qkv.3.bias:lr=1e-05
2026/03/24 09:36:42 - mmengine - INFO - paramwise_options -- backbone.CRFuse.qkv.3.bias:weight_decay=0.0001
2026/03/24 09:36:42 - mmengine - INFO - paramwise_options -- backbone.CRFuse.qkv.3.bias:lr_mult=0.1
2026/03/24 09:36:42 - mmengine - INFO - paramwise_options -- backbone.CRFuse.proj.0.weight:lr=1e-05
2026/03/24 09:36:42 - mmengine - INFO - paramwise_options -- backbone.CRFuse.proj.0.weight:weight_decay=0.0001
2026/03/24 09:36:42 - mmengine - INFO - paramwise_options -- backbone.CRFuse.proj.0.weight:lr_mult=0.1
2026/03/24 09:36:42 - mmengine - INFO - paramwise_options -- backbone.CRFuse.proj.0.bias:lr=1e-05
2026/03/24 09:36:42 - mmengine - INFO - paramwise_options -- backbone.CRFuse.proj.0.bias:weight_decay=0.0001
2026/03/24 09:36:42 - mmengine - INFO - paramwise_options -- backbone.CRFuse.proj.0.bias:lr_mult=0.1
2026/03/24 09:36:42 - mmengine - INFO - paramwise_options -- backbone.CRFuse.proj.1.weight:lr=1e-05
2026/03/24 09:36:42 - mmengine - INFO - paramwise_options -- backbone.CRFuse.proj.1.weight:weight_decay=0.0001
2026/03/24 09:36:42 - mmengine - INFO - paramwise_options -- backbone.CRFuse.proj.1.weight:lr_mult=0.1
2026/03/24 09:36:42 - mmengine - INFO - paramwise_options -- backbone.CRFuse.proj.1.bias:lr=1e-05
2026/03/24 09:36:42 - mmengine - INFO - paramwise_options -- backbone.CRFuse.proj.1.bias:weight_decay=0.0001
2026/03/24 09:36:42 - mmengine - INFO - paramwise_options -- backbone.CRFuse.proj.1.bias:lr_mult=0.1
2026/03/24 09:36:42 - mmengine - INFO - paramwise_options -- backbone.CRFuse.proj.2.weight:lr=1e-05
2026/03/24 09:36:42 - mmengine - INFO - paramwise_options -- backbone.CRFuse.proj.2.weight:weight_decay=0.0001
2026/03/24 09:36:42 - mmengine - INFO - paramwise_options -- backbone.CRFuse.proj.2.weight:lr_mult=0.1
2026/03/24 09:36:42 - mmengine - INFO - paramwise_options -- backbone.CRFuse.proj.2.bias:lr=1e-05
2026/03/24 09:36:42 - mmengine - INFO - paramwise_options -- backbone.CRFuse.proj.2.bias:weight_decay=0.0001
2026/03/24 09:36:42 - mmengine - INFO - paramwise_options -- backbone.CRFuse.proj.2.bias:lr_mult=0.1
2026/03/24 09:36:42 - mmengine - INFO - paramwise_options -- backbone.CRFuse.proj.3.weight:lr=1e-05
2026/03/24 09:36:42 - mmengine - INFO - paramwise_options -- backbone.CRFuse.proj.3.weight:weight_decay=0.0001
2026/03/24 09:36:42 - mmengine - INFO - paramwise_options -- backbone.CRFuse.proj.3.weight:lr_mult=0.1
2026/03/24 09:36:42 - mmengine - INFO - paramwise_options -- backbone.CRFuse.proj.3.bias:lr=1e-05
2026/03/24 09:36:42 - mmengine - INFO - paramwise_options -- backbone.CRFuse.proj.3.bias:weight_decay=0.0001
2026/03/24 09:36:42 - mmengine - INFO - paramwise_options -- backbone.CRFuse.proj.3.bias:lr_mult=0.1
2026/03/24 09:36:42 - mmengine - INFO - paramwise_options -- backbone.CRFuse.dual_attn.q_main.0.weight:lr=1e-05
2026/03/24 09:36:42 - mmengine - INFO - paramwise_options -- backbone.CRFuse.dual_attn.q_main.0.weight:weight_decay=0.0001
2026/03/24 09:36:42 - mmengine - INFO - paramwise_options -- backbone.CRFuse.dual_attn.q_main.0.weight:lr_mult=0.1
2026/03/24 09:36:42 - mmengine - INFO - paramwise_options -- backbone.CRFuse.dual_attn.q_main.0.bias:lr=1e-05
2026/03/24 09:36:42 - mmengine - INFO - paramwise_options -- backbone.CRFuse.dual_attn.q_main.0.bias:weight_decay=0.0001
2026/03/24 09:36:42 - mmengine - INFO - paramwise_options -- backbone.CRFuse.dual_attn.q_main.0.bias:lr_mult=0.1
2026/03/24 09:36:42 - mmengine - INFO - paramwise_options -- backbone.CRFuse.dual_attn.q_main.1.weight:lr=1e-05
2026/03/24 09:36:42 - mmengine - INFO - paramwise_options -- backbone.CRFuse.dual_attn.q_main.1.weight:weight_decay=0.0001
2026/03/24 09:36:42 - mmengine - INFO - paramwise_options -- backbone.CRFuse.dual_attn.q_main.1.weight:lr_mult=0.1
2026/03/24 09:36:42 - mmengine - INFO - paramwise_options -- backbone.CRFuse.dual_attn.q_main.1.bias:lr=1e-05
2026/03/24 09:36:42 - mmengine - INFO - paramwise_options -- backbone.CRFuse.dual_attn.q_main.1.bias:weight_decay=0.0001
2026/03/24 09:36:42 - mmengine - INFO - paramwise_options -- backbone.CRFuse.dual_attn.q_main.1.bias:lr_mult=0.1
2026/03/24 09:36:42 - mmengine - INFO - paramwise_options -- backbone.CRFuse.dual_attn.q_main.2.weight:lr=1e-05
2026/03/24 09:36:42 - mmengine - INFO - paramwise_options -- backbone.CRFuse.dual_attn.q_main.2.weight:weight_decay=0.0001
2026/03/24 09:36:42 - mmengine - INFO - paramwise_options -- backbone.CRFuse.dual_attn.q_main.2.weight:lr_mult=0.1
2026/03/24 09:36:42 - mmengine - INFO - paramwise_options -- backbone.CRFuse.dual_attn.q_main.2.bias:lr=1e-05
2026/03/24 09:36:42 - mmengine - INFO - paramwise_options -- backbone.CRFuse.dual_attn.q_main.2.bias:weight_decay=0.0001
2026/03/24 09:36:42 - mmengine - INFO - paramwise_options -- backbone.CRFuse.dual_attn.q_main.2.bias:lr_mult=0.1
2026/03/24 09:36:42 - mmengine - INFO - paramwise_options -- backbone.CRFuse.dual_attn.q_main.3.weight:lr=1e-05
2026/03/24 09:36:42 - mmengine - INFO - paramwise_options -- backbone.CRFuse.dual_attn.q_main.3.weight:weight_decay=0.0001
2026/03/24 09:36:42 - mmengine - INFO - paramwise_options -- backbone.CRFuse.dual_attn.q_main.3.weight:lr_mult=0.1
2026/03/24 09:36:42 - mmengine - INFO - paramwise_options -- backbone.CRFuse.dual_attn.q_main.3.bias:lr=1e-05
2026/03/24 09:36:42 - mmengine - INFO - paramwise_options -- backbone.CRFuse.dual_attn.q_main.3.bias:weight_decay=0.0001
2026/03/24 09:36:42 - mmengine - INFO - paramwise_options -- backbone.CRFuse.dual_attn.q_main.3.bias:lr_mult=0.1
2026/03/24 09:36:42 - mmengine - INFO - paramwise_options -- backbone.CRFuse.dual_attn.k_main.0.weight:lr=1e-05
2026/03/24 09:36:42 - mmengine - INFO - paramwise_options -- backbone.CRFuse.dual_attn.k_main.0.weight:weight_decay=0.0001
2026/03/24 09:36:42 - mmengine - INFO - paramwise_options -- backbone.CRFuse.dual_attn.k_main.0.weight:lr_mult=0.1
2026/03/24 09:36:42 - mmengine - INFO - paramwise_options -- backbone.CRFuse.dual_attn.k_main.0.bias:lr=1e-05
2026/03/24 09:36:42 - mmengine - INFO - paramwise_options -- backbone.CRFuse.dual_attn.k_main.0.bias:weight_decay=0.0001
2026/03/24 09:36:42 - mmengine - INFO - paramwise_options -- backbone.CRFuse.dual_attn.k_main.0.bias:lr_mult=0.1
2026/03/24 09:36:42 - mmengine - INFO - paramwise_options -- backbone.CRFuse.dual_attn.k_main.1.weight:lr=1e-05
2026/03/24 09:36:42 - mmengine - INFO - paramwise_options -- backbone.CRFuse.dual_attn.k_main.1.weight:weight_decay=0.0001
2026/03/24 09:36:42 - mmengine - INFO - paramwise_options -- backbone.CRFuse.dual_attn.k_main.1.weight:lr_mult=0.1
2026/03/24 09:36:42 - mmengine - INFO - paramwise_options -- backbone.CRFuse.dual_attn.k_main.1.bias:lr=1e-05
2026/03/24 09:36:42 - mmengine - INFO - paramwise_options -- backbone.CRFuse.dual_attn.k_main.1.bias:weight_decay=0.0001
2026/03/24 09:36:42 - mmengine - INFO - paramwise_options -- backbone.CRFuse.dual_attn.k_main.1.bias:lr_mult=0.1
2026/03/24 09:36:42 - mmengine - INFO - paramwise_options -- backbone.CRFuse.dual_attn.k_main.2.weight:lr=1e-05
2026/03/24 09:36:42 - mmengine - INFO - paramwise_options -- backbone.CRFuse.dual_attn.k_main.2.weight:weight_decay=0.0001
2026/03/24 09:36:42 - mmengine - INFO - paramwise_options -- backbone.CRFuse.dual_attn.k_main.2.weight:lr_mult=0.1
2026/03/24 09:36:42 - mmengine - INFO - paramwise_options -- backbone.CRFuse.dual_attn.k_main.2.bias:lr=1e-05
2026/03/24 09:36:42 - mmengine - INFO - paramwise_options -- backbone.CRFuse.dual_attn.k_main.2.bias:weight_decay=0.0001
2026/03/24 09:36:42 - mmengine - INFO - paramwise_options -- backbone.CRFuse.dual_attn.k_main.2.bias:lr_mult=0.1
2026/03/24 09:36:42 - mmengine - INFO - paramwise_options -- backbone.CRFuse.dual_attn.k_main.3.weight:lr=1e-05
2026/03/24 09:36:42 - mmengine - INFO - paramwise_options -- backbone.CRFuse.dual_attn.k_main.3.weight:weight_decay=0.0001
2026/03/24 09:36:42 - mmengine - INFO - paramwise_options -- backbone.CRFuse.dual_attn.k_main.3.weight:lr_mult=0.1
2026/03/24 09:36:42 - mmengine - INFO - paramwise_options -- backbone.CRFuse.dual_attn.k_main.3.bias:lr=1e-05
2026/03/24 09:36:42 - mmengine - INFO - paramwise_options -- backbone.CRFuse.dual_attn.k_main.3.bias:weight_decay=0.0001
2026/03/24 09:36:42 - mmengine - INFO - paramwise_options -- backbone.CRFuse.dual_attn.k_main.3.bias:lr_mult=0.1
2026/03/24 09:36:42 - mmengine - INFO - paramwise_options -- backbone.CRFuse.dual_attn.v_main.0.weight:lr=1e-05
2026/03/24 09:36:42 - mmengine - INFO - paramwise_options -- backbone.CRFuse.dual_attn.v_main.0.weight:weight_decay=0.0001
2026/03/24 09:36:42 - mmengine - INFO - paramwise_options -- backbone.CRFuse.dual_attn.v_main.0.weight:lr_mult=0.1
2026/03/24 09:36:42 - mmengine - INFO - paramwise_options -- backbone.CRFuse.dual_attn.v_main.0.bias:lr=1e-05
2026/03/24 09:36:42 - mmengine - INFO - paramwise_options -- backbone.CRFuse.dual_attn.v_main.0.bias:weight_decay=0.0001
2026/03/24 09:36:42 - mmengine - INFO - paramwise_options -- backbone.CRFuse.dual_attn.v_main.0.bias:lr_mult=0.1
2026/03/24 09:36:42 - mmengine - INFO - paramwise_options -- backbone.CRFuse.dual_attn.v_main.1.weight:lr=1e-05
2026/03/24 09:36:42 - mmengine - INFO - paramwise_options -- backbone.CRFuse.dual_attn.v_main.1.weight:weight_decay=0.0001
2026/03/24 09:36:42 - mmengine - INFO - paramwise_options -- backbone.CRFuse.dual_attn.v_main.1.weight:lr_mult=0.1
2026/03/24 09:36:42 - mmengine - INFO - paramwise_options -- backbone.CRFuse.dual_attn.v_main.1.bias:lr=1e-05
2026/03/24 09:36:42 - mmengine - INFO - paramwise_options -- backbone.CRFuse.dual_attn.v_main.1.bias:weight_decay=0.0001
2026/03/24 09:36:42 - mmengine - INFO - paramwise_options -- backbone.CRFuse.dual_attn.v_main.1.bias:lr_mult=0.1
2026/03/24 09:36:42 - mmengine - INFO - paramwise_options -- backbone.CRFuse.dual_attn.v_main.2.weight:lr=1e-05
2026/03/24 09:36:42 - mmengine - INFO - paramwise_options -- backbone.CRFuse.dual_attn.v_main.2.weight:weight_decay=0.0001
2026/03/24 09:36:42 - mmengine - INFO - paramwise_options -- backbone.CRFuse.dual_attn.v_main.2.weight:lr_mult=0.1
2026/03/24 09:36:42 - mmengine - INFO - paramwise_options -- backbone.CRFuse.dual_attn.v_main.2.bias:lr=1e-05
2026/03/24 09:36:42 - mmengine - INFO - paramwise_options -- backbone.CRFuse.dual_attn.v_main.2.bias:weight_decay=0.0001
2026/03/24 09:36:42 - mmengine - INFO - paramwise_options -- backbone.CRFuse.dual_attn.v_main.2.bias:lr_mult=0.1
2026/03/24 09:36:42 - mmengine - INFO - paramwise_options -- backbone.CRFuse.dual_attn.v_main.3.weight:lr=1e-05
2026/03/24 09:36:42 - mmengine - INFO - paramwise_options -- backbone.CRFuse.dual_attn.v_main.3.weight:weight_decay=0.0001
2026/03/24 09:36:42 - mmengine - INFO - paramwise_options -- backbone.CRFuse.dual_attn.v_main.3.weight:lr_mult=0.1
2026/03/24 09:36:42 - mmengine - INFO - paramwise_options -- backbone.CRFuse.dual_attn.v_main.3.bias:lr=1e-05
2026/03/24 09:36:42 - mmengine - INFO - paramwise_options -- backbone.CRFuse.dual_attn.v_main.3.bias:weight_decay=0.0001
2026/03/24 09:36:42 - mmengine - INFO - paramwise_options -- backbone.CRFuse.dual_attn.v_main.3.bias:lr_mult=0.1
2026/03/24 09:36:42 - mmengine - INFO - paramwise_options -- backbone.CRFuse.dual_attn.k_aux.0.weight:lr=1e-05
2026/03/24 09:36:42 - mmengine - INFO - paramwise_options -- backbone.CRFuse.dual_attn.k_aux.0.weight:weight_decay=0.0001
2026/03/24 09:36:42 - mmengine - INFO - paramwise_options -- backbone.CRFuse.dual_attn.k_aux.0.weight:lr_mult=0.1
2026/03/24 09:36:42 - mmengine - INFO - paramwise_options -- backbone.CRFuse.dual_attn.k_aux.0.bias:lr=1e-05
2026/03/24 09:36:42 - mmengine - INFO - paramwise_options -- backbone.CRFuse.dual_attn.k_aux.0.bias:weight_decay=0.0001
2026/03/24 09:36:42 - mmengine - INFO - paramwise_options -- backbone.CRFuse.dual_attn.k_aux.0.bias:lr_mult=0.1
2026/03/24 09:36:42 - mmengine - INFO - paramwise_options -- backbone.CRFuse.dual_attn.k_aux.1.weight:lr=1e-05
2026/03/24 09:36:42 - mmengine - INFO - paramwise_options -- backbone.CRFuse.dual_attn.k_aux.1.weight:weight_decay=0.0001
2026/03/24 09:36:42 - mmengine - INFO - paramwise_options -- backbone.CRFuse.dual_attn.k_aux.1.weight:lr_mult=0.1
2026/03/24 09:36:42 - mmengine - INFO - paramwise_options -- backbone.CRFuse.dual_attn.k_aux.1.bias:lr=1e-05
2026/03/24 09:36:42 - mmengine - INFO - paramwise_options -- backbone.CRFuse.dual_attn.k_aux.1.bias:weight_decay=0.0001
2026/03/24 09:36:42 - mmengine - INFO - paramwise_options -- backbone.CRFuse.dual_attn.k_aux.1.bias:lr_mult=0.1
2026/03/24 09:36:42 - mmengine - INFO - paramwise_options -- backbone.CRFuse.dual_attn.k_aux.2.weight:lr=1e-05
2026/03/24 09:36:42 - mmengine - INFO - paramwise_options -- backbone.CRFuse.dual_attn.k_aux.2.weight:weight_decay=0.0001
2026/03/24 09:36:42 - mmengine - INFO - paramwise_options -- backbone.CRFuse.dual_attn.k_aux.2.weight:lr_mult=0.1
2026/03/24 09:36:42 - mmengine - INFO - paramwise_options -- backbone.CRFuse.dual_attn.k_aux.2.bias:lr=1e-05
2026/03/24 09:36:42 - mmengine - INFO - paramwise_options -- backbone.CRFuse.dual_attn.k_aux.2.bias:weight_decay=0.0001
2026/03/24 09:36:42 - mmengine - INFO - paramwise_options -- backbone.CRFuse.dual_attn.k_aux.2.bias:lr_mult=0.1
2026/03/24 09:36:42 - mmengine - INFO - paramwise_options -- backbone.CRFuse.dual_attn.k_aux.3.weight:lr=1e-05
2026/03/24 09:36:42 - mmengine - INFO - paramwise_options -- backbone.CRFuse.dual_attn.k_aux.3.weight:weight_decay=0.0001
2026/03/24 09:36:42 - mmengine - INFO - paramwise_options -- backbone.CRFuse.dual_attn.k_aux.3.weight:lr_mult=0.1
2026/03/24 09:36:42 - mmengine - INFO - paramwise_options -- backbone.CRFuse.dual_attn.k_aux.3.bias:lr=1e-05
2026/03/24 09:36:42 - mmengine - INFO - paramwise_options -- backbone.CRFuse.dual_attn.k_aux.3.bias:weight_decay=0.0001
2026/03/24 09:36:42 - mmengine - INFO - paramwise_options -- backbone.CRFuse.dual_attn.k_aux.3.bias:lr_mult=0.1
2026/03/24 09:36:42 - mmengine - INFO - paramwise_options -- backbone.CRFuse.dual_attn.v_aux.0.weight:lr=1e-05
2026/03/24 09:36:42 - mmengine - INFO - paramwise_options -- backbone.CRFuse.dual_attn.v_aux.0.weight:weight_decay=0.0001
2026/03/24 09:36:42 - mmengine - INFO - paramwise_options -- backbone.CRFuse.dual_attn.v_aux.0.weight:lr_mult=0.1
2026/03/24 09:36:42 - mmengine - INFO - paramwise_options -- backbone.CRFuse.dual_attn.v_aux.0.bias:lr=1e-05
2026/03/24 09:36:42 - mmengine - INFO - paramwise_options -- backbone.CRFuse.dual_attn.v_aux.0.bias:weight_decay=0.0001
2026/03/24 09:36:42 - mmengine - INFO - paramwise_options -- backbone.CRFuse.dual_attn.v_aux.0.bias:lr_mult=0.1
2026/03/24 09:36:42 - mmengine - INFO - paramwise_options -- backbone.CRFuse.dual_attn.v_aux.1.weight:lr=1e-05
2026/03/24 09:36:42 - mmengine - INFO - paramwise_options -- backbone.CRFuse.dual_attn.v_aux.1.weight:weight_decay=0.0001
2026/03/24 09:36:42 - mmengine - INFO - paramwise_options -- backbone.CRFuse.dual_attn.v_aux.1.weight:lr_mult=0.1
2026/03/24 09:36:42 - mmengine - INFO - paramwise_options -- backbone.CRFuse.dual_attn.v_aux.1.bias:lr=1e-05
2026/03/24 09:36:42 - mmengine - INFO - paramwise_options -- backbone.CRFuse.dual_attn.v_aux.1.bias:weight_decay=0.0001
2026/03/24 09:36:42 - mmengine - INFO - paramwise_options -- backbone.CRFuse.dual_attn.v_aux.1.bias:lr_mult=0.1
2026/03/24 09:36:42 - mmengine - INFO - paramwise_options -- backbone.CRFuse.dual_attn.v_aux.2.weight:lr=1e-05
2026/03/24 09:36:42 - mmengine - INFO - paramwise_options -- backbone.CRFuse.dual_attn.v_aux.2.weight:weight_decay=0.0001
2026/03/24 09:36:42 - mmengine - INFO - paramwise_options -- backbone.CRFuse.dual_attn.v_aux.2.weight:lr_mult=0.1
2026/03/24 09:36:42 - mmengine - INFO - paramwise_options -- backbone.CRFuse.dual_attn.v_aux.2.bias:lr=1e-05
2026/03/24 09:36:42 - mmengine - INFO - paramwise_options -- backbone.CRFuse.dual_attn.v_aux.2.bias:weight_decay=0.0001
2026/03/24 09:36:42 - mmengine - INFO - paramwise_options -- backbone.CRFuse.dual_attn.v_aux.2.bias:lr_mult=0.1
2026/03/24 09:36:42 - mmengine - INFO - paramwise_options -- backbone.CRFuse.dual_attn.v_aux.3.weight:lr=1e-05
2026/03/24 09:36:42 - mmengine - INFO - paramwise_options -- backbone.CRFuse.dual_attn.v_aux.3.weight:weight_decay=0.0001
2026/03/24 09:36:42 - mmengine - INFO - paramwise_options -- backbone.CRFuse.dual_attn.v_aux.3.weight:lr_mult=0.1
2026/03/24 09:36:42 - mmengine - INFO - paramwise_options -- backbone.CRFuse.dual_attn.v_aux.3.bias:lr=1e-05
2026/03/24 09:36:42 - mmengine - INFO - paramwise_options -- backbone.CRFuse.dual_attn.v_aux.3.bias:weight_decay=0.0001
2026/03/24 09:36:42 - mmengine - INFO - paramwise_options -- backbone.CRFuse.dual_attn.v_aux.3.bias:lr_mult=0.1
2026/03/24 09:36:42 - mmengine - INFO - paramwise_options -- backbone.CRFuse.dual_attn.out_proj.0.weight:lr=1e-05
2026/03/24 09:36:42 - mmengine - INFO - paramwise_options -- backbone.CRFuse.dual_attn.out_proj.0.weight:weight_decay=0.0001
2026/03/24 09:36:42 - mmengine - INFO - paramwise_options -- backbone.CRFuse.dual_attn.out_proj.0.weight:lr_mult=0.1
2026/03/24 09:36:42 - mmengine - INFO - paramwise_options -- backbone.CRFuse.dual_attn.out_proj.0.bias:lr=1e-05
2026/03/24 09:36:42 - mmengine - INFO - paramwise_options -- backbone.CRFuse.dual_attn.out_proj.0.bias:weight_decay=0.0001
2026/03/24 09:36:42 - mmengine - INFO - paramwise_options -- backbone.CRFuse.dual_attn.out_proj.0.bias:lr_mult=0.1
2026/03/24 09:36:42 - mmengine - INFO - paramwise_options -- backbone.CRFuse.dual_attn.out_proj.1.weight:lr=1e-05
2026/03/24 09:36:42 - mmengine - INFO - paramwise_options -- backbone.CRFuse.dual_attn.out_proj.1.weight:weight_decay=0.0001
2026/03/24 09:36:42 - mmengine - INFO - paramwise_options -- backbone.CRFuse.dual_attn.out_proj.1.weight:lr_mult=0.1
2026/03/24 09:36:42 - mmengine - INFO - paramwise_options -- backbone.CRFuse.dual_attn.out_proj.1.bias:lr=1e-05
2026/03/24 09:36:42 - mmengine - INFO - paramwise_options -- backbone.CRFuse.dual_attn.out_proj.1.bias:weight_decay=0.0001
2026/03/24 09:36:42 - mmengine - INFO - paramwise_options -- backbone.CRFuse.dual_attn.out_proj.1.bias:lr_mult=0.1
2026/03/24 09:36:42 - mmengine - INFO - paramwise_options -- backbone.CRFuse.dual_attn.out_proj.2.weight:lr=1e-05
2026/03/24 09:36:42 - mmengine - INFO - paramwise_options -- backbone.CRFuse.dual_attn.out_proj.2.weight:weight_decay=0.0001
2026/03/24 09:36:42 - mmengine - INFO - paramwise_options -- backbone.CRFuse.dual_attn.out_proj.2.weight:lr_mult=0.1
2026/03/24 09:36:42 - mmengine - INFO - paramwise_options -- backbone.CRFuse.dual_attn.out_proj.2.bias:lr=1e-05
2026/03/24 09:36:42 - mmengine - INFO - paramwise_options -- backbone.CRFuse.dual_attn.out_proj.2.bias:weight_decay=0.0001
2026/03/24 09:36:42 - mmengine - INFO - paramwise_options -- backbone.CRFuse.dual_attn.out_proj.2.bias:lr_mult=0.1
2026/03/24 09:36:42 - mmengine - INFO - paramwise_options -- backbone.CRFuse.dual_attn.out_proj.3.weight:lr=1e-05
2026/03/24 09:36:42 - mmengine - INFO - paramwise_options -- backbone.CRFuse.dual_attn.out_proj.3.weight:weight_decay=0.0001
2026/03/24 09:36:42 - mmengine - INFO - paramwise_options -- backbone.CRFuse.dual_attn.out_proj.3.weight:lr_mult=0.1
2026/03/24 09:36:42 - mmengine - INFO - paramwise_options -- backbone.CRFuse.dual_attn.out_proj.3.bias:lr=1e-05
2026/03/24 09:36:42 - mmengine - INFO - paramwise_options -- backbone.CRFuse.dual_attn.out_proj.3.bias:weight_decay=0.0001
2026/03/24 09:36:42 - mmengine - INFO - paramwise_options -- backbone.CRFuse.dual_attn.out_proj.3.bias:lr_mult=0.1
2026/03/24 09:36:42 - mmengine - INFO - paramwise_options -- backbone.CRFuse.dual_attn.norm.0.weight:lr=1e-05
2026/03/24 09:36:42 - mmengine - INFO - paramwise_options -- backbone.CRFuse.dual_attn.norm.0.weight:weight_decay=0.0001
2026/03/24 09:36:42 - mmengine - INFO - paramwise_options -- backbone.CRFuse.dual_attn.norm.0.weight:lr_mult=0.1
2026/03/24 09:36:42 - mmengine - INFO - paramwise_options -- backbone.CRFuse.dual_attn.norm.0.bias:lr=1e-05
2026/03/24 09:36:42 - mmengine - INFO - paramwise_options -- backbone.CRFuse.dual_attn.norm.0.bias:weight_decay=0.0001
2026/03/24 09:36:42 - mmengine - INFO - paramwise_options -- backbone.CRFuse.dual_attn.norm.0.bias:lr_mult=0.1
2026/03/24 09:36:42 - mmengine - INFO - paramwise_options -- backbone.CRFuse.dual_attn.norm.1.weight:lr=1e-05
2026/03/24 09:36:42 - mmengine - INFO - paramwise_options -- backbone.CRFuse.dual_attn.norm.1.weight:weight_decay=0.0001
2026/03/24 09:36:42 - mmengine - INFO - paramwise_options -- backbone.CRFuse.dual_attn.norm.1.weight:lr_mult=0.1
2026/03/24 09:36:42 - mmengine - INFO - paramwise_options -- backbone.CRFuse.dual_attn.norm.1.bias:lr=1e-05
2026/03/24 09:36:42 - mmengine - INFO - paramwise_options -- backbone.CRFuse.dual_attn.norm.1.bias:weight_decay=0.0001
2026/03/24 09:36:42 - mmengine - INFO - paramwise_options -- backbone.CRFuse.dual_attn.norm.1.bias:lr_mult=0.1
2026/03/24 09:36:42 - mmengine - INFO - paramwise_options -- backbone.CRFuse.dual_attn.norm.2.weight:lr=1e-05
2026/03/24 09:36:42 - mmengine - INFO - paramwise_options -- backbone.CRFuse.dual_attn.norm.2.weight:weight_decay=0.0001
2026/03/24 09:36:42 - mmengine - INFO - paramwise_options -- backbone.CRFuse.dual_attn.norm.2.weight:lr_mult=0.1
2026/03/24 09:36:42 - mmengine - INFO - paramwise_options -- backbone.CRFuse.dual_attn.norm.2.bias:lr=1e-05
2026/03/24 09:36:42 - mmengine - INFO - paramwise_options -- backbone.CRFuse.dual_attn.norm.2.bias:weight_decay=0.0001
2026/03/24 09:36:42 - mmengine - INFO - paramwise_options -- backbone.CRFuse.dual_attn.norm.2.bias:lr_mult=0.1
2026/03/24 09:36:42 - mmengine - INFO - paramwise_options -- backbone.CRFuse.dual_attn.norm.3.weight:lr=1e-05
2026/03/24 09:36:42 - mmengine - INFO - paramwise_options -- backbone.CRFuse.dual_attn.norm.3.weight:weight_decay=0.0001
2026/03/24 09:36:42 - mmengine - INFO - paramwise_options -- backbone.CRFuse.dual_attn.norm.3.weight:lr_mult=0.1
2026/03/24 09:36:42 - mmengine - INFO - paramwise_options -- backbone.CRFuse.dual_attn.norm.3.bias:lr=1e-05
2026/03/24 09:36:42 - mmengine - INFO - paramwise_options -- backbone.CRFuse.dual_attn.norm.3.bias:weight_decay=0.0001
2026/03/24 09:36:42 - mmengine - INFO - paramwise_options -- backbone.CRFuse.dual_attn.norm.3.bias:lr_mult=0.1
2026/03/24 09:36:42 - mmengine - INFO - LR is set based on batch size of 4 and the current batch size is 4. Scaling the original LR by 1.0.
Name of parameter - Initialization information

level_embed - torch.Size([4, 256]): 
The value is the same before and after calling `init_weights` of DINO  

backbone.CRFuse.rgb_swin.patch_embed.projection.weight - torch.Size([96, 3, 4, 4]): 
The value is the same before and after calling `init_weights` of DINO  

backbone.CRFuse.rgb_swin.patch_embed.projection.bias - torch.Size([96]): 
The value is the same before and after calling `init_weights` of DINO  

backbone.CRFuse.rgb_swin.patch_embed.norm.weight - torch.Size([96]): 
The value is the same before and after calling `init_weights` of DINO  

backbone.CRFuse.rgb_swin.patch_embed.norm.bias - torch.Size([96]): 
The value is the same before and after calling `init_weights` of DINO  

backbone.CRFuse.rgb_swin.stages.0.blocks.0.norm1.weight - torch.Size([96]): 
The value is the same before and after calling `init_weights` of DINO  

backbone.CRFuse.rgb_swin.stages.0.blocks.0.norm1.bias - torch.Size([96]): 
The value is the same before and after calling `init_weights` of DINO  

backbone.CRFuse.rgb_swin.stages.0.blocks.0.attn.w_msa.relative_position_bias_table - torch.Size([169, 3]): 
The value is the same before and after calling `init_weights` of DINO  

backbone.CRFuse.rgb_swin.stages.0.blocks.0.attn.w_msa.qkv.weight - torch.Size([288, 96]): 
The value is the same before and after calling `init_weights` of DINO  

backbone.CRFuse.rgb_swin.stages.0.blocks.0.attn.w_msa.qkv.bias - torch.Size([288]): 
The value is the same before and after calling `init_weights` of DINO  

backbone.CRFuse.rgb_swin.stages.0.blocks.0.attn.w_msa.proj.weight - torch.Size([96, 96]): 
The value is the same before and after calling `init_weights` of DINO  

backbone.CRFuse.rgb_swin.stages.0.blocks.0.attn.w_msa.proj.bias - torch.Size([96]): 
The value is the same before and after calling `init_weights` of DINO  

backbone.CRFuse.rgb_swin.stages.0.blocks.0.norm2.weight - torch.Size([96]): 
The value is the same before and after calling `init_weights` of DINO  

backbone.CRFuse.rgb_swin.stages.0.blocks.0.norm2.bias - torch.Size([96]): 
The value is the same before and after calling `init_weights` of DINO  

backbone.CRFuse.rgb_swin.stages.0.blocks.0.ffn.layers.0.0.weight - torch.Size([384, 96]): 
The value is the same before and after calling `init_weights` of DINO  

backbone.CRFuse.rgb_swin.stages.0.blocks.0.ffn.layers.0.0.bias - torch.Size([384]): 
The value is the same before and after calling `init_weights` of DINO  

backbone.CRFuse.rgb_swin.stages.0.blocks.0.ffn.layers.1.weight - torch.Size([96, 384]): 
The value is the same before and after calling `init_weights` of DINO  

backbone.CRFuse.rgb_swin.stages.0.blocks.0.ffn.layers.1.bias - torch.Size([96]): 
The value is the same before and after calling `init_weights` of DINO  

backbone.CRFuse.rgb_swin.stages.0.blocks.1.norm1.weight - torch.Size([96]): 
The value is the same before and after calling `init_weights` of DINO  

backbone.CRFuse.rgb_swin.stages.0.blocks.1.norm1.bias - torch.Size([96]): 
The value is the same before and after calling `init_weights` of DINO  

backbone.CRFuse.rgb_swin.stages.0.blocks.1.attn.w_msa.relative_position_bias_table - torch.Size([169, 3]): 
The value is the same before and after calling `init_weights` of DINO  

backbone.CRFuse.rgb_swin.stages.0.blocks.1.attn.w_msa.qkv.weight - torch.Size([288, 96]): 
The value is the same before and after calling `init_weights` of DINO  

backbone.CRFuse.rgb_swin.stages.0.blocks.1.attn.w_msa.qkv.bias - torch.Size([288]): 
The value is the same before and after calling `init_weights` of DINO  

backbone.CRFuse.rgb_swin.stages.0.blocks.1.attn.w_msa.proj.weight - torch.Size([96, 96]): 
The value is the same before and after calling `init_weights` of DINO  

backbone.CRFuse.rgb_swin.stages.0.blocks.1.attn.w_msa.proj.bias - torch.Size([96]): 
The value is the same before and after calling `init_weights` of DINO  

backbone.CRFuse.rgb_swin.stages.0.blocks.1.norm2.weight - torch.Size([96]): 
The value is the same before and after calling `init_weights` of DINO  

backbone.CRFuse.rgb_swin.stages.0.blocks.1.norm2.bias - torch.Size([96]): 
The value is the same before and after calling `init_weights` of DINO  

backbone.CRFuse.rgb_swin.stages.0.blocks.1.ffn.layers.0.0.weight - torch.Size([384, 96]): 
The value is the same before and after calling `init_weights` of DINO  

backbone.CRFuse.rgb_swin.stages.0.blocks.1.ffn.layers.0.0.bias - torch.Size([384]): 
The value is the same before and after calling `init_weights` of DINO  

backbone.CRFuse.rgb_swin.stages.0.blocks.1.ffn.layers.1.weight - torch.Size([96, 384]): 
The value is the same before and after calling `init_weights` of DINO  

backbone.CRFuse.rgb_swin.stages.0.blocks.1.ffn.layers.1.bias - torch.Size([96]): 
The value is the same before and after calling `init_weights` of DINO  

backbone.CRFuse.rgb_swin.stages.0.downsample.norm.weight - torch.Size([384]): 
The value is the same before and after calling `init_weights` of DINO  

backbone.CRFuse.rgb_swin.stages.0.downsample.norm.bias - torch.Size([384]): 
The value is the same before and after calling `init_weights` of DINO  

backbone.CRFuse.rgb_swin.stages.0.downsample.reduction.weight - torch.Size([192, 384]): 
The value is the same before and after calling `init_weights` of DINO  

backbone.CRFuse.rgb_swin.stages.1.blocks.0.norm1.weight - torch.Size([192]): 
The value is the same before and after calling `init_weights` of DINO  

backbone.CRFuse.rgb_swin.stages.1.blocks.0.norm1.bias - torch.Size([192]): 
The value is the same before and after calling `init_weights` of DINO  

backbone.CRFuse.rgb_swin.stages.1.blocks.0.attn.w_msa.relative_position_bias_table - torch.Size([169, 6]): 
The value is the same before and after calling `init_weights` of DINO  

backbone.CRFuse.rgb_swin.stages.1.blocks.0.attn.w_msa.qkv.weight - torch.Size([576, 192]): 
The value is the same before and after calling `init_weights` of DINO  

backbone.CRFuse.rgb_swin.stages.1.blocks.0.attn.w_msa.qkv.bias - torch.Size([576]): 
The value is the same before and after calling `init_weights` of DINO  

backbone.CRFuse.rgb_swin.stages.1.blocks.0.attn.w_msa.proj.weight - torch.Size([192, 192]): 
The value is the same before and after calling `init_weights` of DINO  

backbone.CRFuse.rgb_swin.stages.1.blocks.0.attn.w_msa.proj.bias - torch.Size([192]): 
The value is the same before and after calling `init_weights` of DINO  

backbone.CRFuse.rgb_swin.stages.1.blocks.0.norm2.weight - torch.Size([192]): 
The value is the same before and after calling `init_weights` of DINO  

backbone.CRFuse.rgb_swin.stages.1.blocks.0.norm2.bias - torch.Size([192]): 
The value is the same before and after calling `init_weights` of DINO  

backbone.CRFuse.rgb_swin.stages.1.blocks.0.ffn.layers.0.0.weight - torch.Size([768, 192]): 
The value is the same before and after calling `init_weights` of DINO  

backbone.CRFuse.rgb_swin.stages.1.blocks.0.ffn.layers.0.0.bias - torch.Size([768]): 
The value is the same before and after calling `init_weights` of DINO  

backbone.CRFuse.rgb_swin.stages.1.blocks.0.ffn.layers.1.weight - torch.Size([192, 768]): 
The value is the same before and after calling `init_weights` of DINO  

backbone.CRFuse.rgb_swin.stages.1.blocks.0.ffn.layers.1.bias - torch.Size([192]): 
The value is the same before and after calling `init_weights` of DINO  

backbone.CRFuse.rgb_swin.stages.1.blocks.1.norm1.weight - torch.Size([192]): 
The value is the same before and after calling `init_weights` of DINO  

backbone.CRFuse.rgb_swin.stages.1.blocks.1.norm1.bias - torch.Size([192]): 
The value is the same before and after calling `init_weights` of DINO  

backbone.CRFuse.rgb_swin.stages.1.blocks.1.attn.w_msa.relative_position_bias_table - torch.Size([169, 6]): 
The value is the same before and after calling `init_weights` of DINO  

backbone.CRFuse.rgb_swin.stages.1.blocks.1.attn.w_msa.qkv.weight - torch.Size([576, 192]): 
The value is the same before and after calling `init_weights` of DINO  

backbone.CRFuse.rgb_swin.stages.1.blocks.1.attn.w_msa.qkv.bias - torch.Size([576]): 
The value is the same before and after calling `init_weights` of DINO  

backbone.CRFuse.rgb_swin.stages.1.blocks.1.attn.w_msa.proj.weight - torch.Size([192, 192]): 
The value is the same before and after calling `init_weights` of DINO  

backbone.CRFuse.rgb_swin.stages.1.blocks.1.attn.w_msa.proj.bias - torch.Size([192]): 
The value is the same before and after calling `init_weights` of DINO  

backbone.CRFuse.rgb_swin.stages.1.blocks.1.norm2.weight - torch.Size([192]): 
The value is the same before and after calling `init_weights` of DINO  

backbone.CRFuse.rgb_swin.stages.1.blocks.1.norm2.bias - torch.Size([192]): 
The value is the same before and after calling `init_weights` of DINO  

backbone.CRFuse.rgb_swin.stages.1.blocks.1.ffn.layers.0.0.weight - torch.Size([768, 192]): 
The value is the same before and after calling `init_weights` of DINO  

backbone.CRFuse.rgb_swin.stages.1.blocks.1.ffn.layers.0.0.bias - torch.Size([768]): 
The value is the same before and after calling `init_weights` of DINO  

backbone.CRFuse.rgb_swin.stages.1.blocks.1.ffn.layers.1.weight - torch.Size([192, 768]): 
The value is the same before and after calling `init_weights` of DINO  

backbone.CRFuse.rgb_swin.stages.1.blocks.1.ffn.layers.1.bias - torch.Size([192]): 
The value is the same before and after calling `init_weights` of DINO  

backbone.CRFuse.rgb_swin.stages.1.downsample.norm.weight - torch.Size([768]): 
The value is the same before and after calling `init_weights` of DINO  

backbone.CRFuse.rgb_swin.stages.1.downsample.norm.bias - torch.Size([768]): 
The value is the same before and after calling `init_weights` of DINO  

backbone.CRFuse.rgb_swin.stages.1.downsample.reduction.weight - torch.Size([384, 768]): 
The value is the same before and after calling `init_weights` of DINO  

backbone.CRFuse.rgb_swin.stages.2.blocks.0.norm1.weight - torch.Size([384]): 
The value is the same before and after calling `init_weights` of DINO  

backbone.CRFuse.rgb_swin.stages.2.blocks.0.norm1.bias - torch.Size([384]): 
The value is the same before and after calling `init_weights` of DINO  

backbone.CRFuse.rgb_swin.stages.2.blocks.0.attn.w_msa.relative_position_bias_table - torch.Size([169, 12]): 
The value is the same before and after calling `init_weights` of DINO  

backbone.CRFuse.rgb_swin.stages.2.blocks.0.attn.w_msa.qkv.weight - torch.Size([1152, 384]): 
The value is the same before and after calling `init_weights` of DINO  

backbone.CRFuse.rgb_swin.stages.2.blocks.0.attn.w_msa.qkv.bias - torch.Size([1152]): 
The value is the same before and after calling `init_weights` of DINO  

backbone.CRFuse.rgb_swin.stages.2.blocks.0.attn.w_msa.proj.weight - torch.Size([384, 384]): 
The value is the same before and after calling `init_weights` of DINO  

backbone.CRFuse.rgb_swin.stages.2.blocks.0.attn.w_msa.proj.bias - torch.Size([384]): 
The value is the same before and after calling `init_weights` of DINO  

backbone.CRFuse.rgb_swin.stages.2.blocks.0.norm2.weight - torch.Size([384]): 
The value is the same before and after calling `init_weights` of DINO  

backbone.CRFuse.rgb_swin.stages.2.blocks.0.norm2.bias - torch.Size([384]): 
The value is the same before and after calling `init_weights` of DINO  

backbone.CRFuse.rgb_swin.stages.2.blocks.0.ffn.layers.0.0.weight - torch.Size([1536, 384]): 
The value is the same before and after calling `init_weights` of DINO  

backbone.CRFuse.rgb_swin.stages.2.blocks.0.ffn.layers.0.0.bias - torch.Size([1536]): 
The value is the same before and after calling `init_weights` of DINO  

backbone.CRFuse.rgb_swin.stages.2.blocks.0.ffn.layers.1.weight - torch.Size([384, 1536]): 
The value is the same before and after calling `init_weights` of DINO  

backbone.CRFuse.rgb_swin.stages.2.blocks.0.ffn.layers.1.bias - torch.Size([384]): 
The value is the same before and after calling `init_weights` of DINO  

backbone.CRFuse.rgb_swin.stages.2.blocks.1.norm1.weight - torch.Size([384]): 
The value is the same before and after calling `init_weights` of DINO  

backbone.CRFuse.rgb_swin.stages.2.blocks.1.norm1.bias - torch.Size([384]): 
The value is the same before and after calling `init_weights` of DINO  

backbone.CRFuse.rgb_swin.stages.2.blocks.1.attn.w_msa.relative_position_bias_table - torch.Size([169, 12]): 
The value is the same before and after calling `init_weights` of DINO  

backbone.CRFuse.rgb_swin.stages.2.blocks.1.attn.w_msa.qkv.weight - torch.Size([1152, 384]): 
The value is the same before and after calling `init_weights` of DINO  

backbone.CRFuse.rgb_swin.stages.2.blocks.1.attn.w_msa.qkv.bias - torch.Size([1152]): 
The value is the same before and after calling `init_weights` of DINO  

backbone.CRFuse.rgb_swin.stages.2.blocks.1.attn.w_msa.proj.weight - torch.Size([384, 384]): 
The value is the same before and after calling `init_weights` of DINO  

backbone.CRFuse.rgb_swin.stages.2.blocks.1.attn.w_msa.proj.bias - torch.Size([384]): 
The value is the same before and after calling `init_weights` of DINO  

backbone.CRFuse.rgb_swin.stages.2.blocks.1.norm2.weight - torch.Size([384]): 
The value is the same before and after calling `init_weights` of DINO  

backbone.CRFuse.rgb_swin.stages.2.blocks.1.norm2.bias - torch.Size([384]): 
The value is the same before and after calling `init_weights` of DINO  

backbone.CRFuse.rgb_swin.stages.2.blocks.1.ffn.layers.0.0.weight - torch.Size([1536, 384]): 
The value is the same before and after calling `init_weights` of DINO  

backbone.CRFuse.rgb_swin.stages.2.blocks.1.ffn.layers.0.0.bias - torch.Size([1536]): 
The value is the same before and after calling `init_weights` of DINO  

backbone.CRFuse.rgb_swin.stages.2.blocks.1.ffn.layers.1.weight - torch.Size([384, 1536]): 
The value is the same before and after calling `init_weights` of DINO  

backbone.CRFuse.rgb_swin.stages.2.blocks.1.ffn.layers.1.bias - torch.Size([384]): 
The value is the same before and after calling `init_weights` of DINO  

backbone.CRFuse.rgb_swin.stages.2.blocks.2.norm1.weight - torch.Size([384]): 
The value is the same before and after calling `init_weights` of DINO  

backbone.CRFuse.rgb_swin.stages.2.blocks.2.norm1.bias - torch.Size([384]): 
The value is the same before and after calling `init_weights` of DINO  

backbone.CRFuse.rgb_swin.stages.2.blocks.2.attn.w_msa.relative_position_bias_table - torch.Size([169, 12]): 
The value is the same before and after calling `init_weights` of DINO  

backbone.CRFuse.rgb_swin.stages.2.blocks.2.attn.w_msa.qkv.weight - torch.Size([1152, 384]): 
The value is the same before and after calling `init_weights` of DINO  

backbone.CRFuse.rgb_swin.stages.2.blocks.2.attn.w_msa.qkv.bias - torch.Size([1152]): 
The value is the same before and after calling `init_weights` of DINO  

backbone.CRFuse.rgb_swin.stages.2.blocks.2.attn.w_msa.proj.weight - torch.Size([384, 384]): 
The value is the same before and after calling `init_weights` of DINO  

backbone.CRFuse.rgb_swin.stages.2.blocks.2.attn.w_msa.proj.bias - torch.Size([384]): 
The value is the same before and after calling `init_weights` of DINO  

backbone.CRFuse.rgb_swin.stages.2.blocks.2.norm2.weight - torch.Size([384]): 
The value is the same before and after calling `init_weights` of DINO  

backbone.CRFuse.rgb_swin.stages.2.blocks.2.norm2.bias - torch.Size([384]): 
The value is the same before and after calling `init_weights` of DINO  

backbone.CRFuse.rgb_swin.stages.2.blocks.2.ffn.layers.0.0.weight - torch.Size([1536, 384]): 
The value is the same before and after calling `init_weights` of DINO  

backbone.CRFuse.rgb_swin.stages.2.blocks.2.ffn.layers.0.0.bias - torch.Size([1536]): 
The value is the same before and after calling `init_weights` of DINO  

backbone.CRFuse.rgb_swin.stages.2.blocks.2.ffn.layers.1.weight - torch.Size([384, 1536]): 
The value is the same before and after calling `init_weights` of DINO  

backbone.CRFuse.rgb_swin.stages.2.blocks.2.ffn.layers.1.bias - torch.Size([384]): 
The value is the same before and after calling `init_weights` of DINO  

backbone.CRFuse.rgb_swin.stages.2.blocks.3.norm1.weight - torch.Size([384]): 
The value is the same before and after calling `init_weights` of DINO  

backbone.CRFuse.rgb_swin.stages.2.blocks.3.norm1.bias - torch.Size([384]): 
The value is the same before and after calling `init_weights` of DINO  

backbone.CRFuse.rgb_swin.stages.2.blocks.3.attn.w_msa.relative_position_bias_table - torch.Size([169, 12]): 
The value is the same before and after calling `init_weights` of DINO  

backbone.CRFuse.rgb_swin.stages.2.blocks.3.attn.w_msa.qkv.weight - torch.Size([1152, 384]): 
The value is the same before and after calling `init_weights` of DINO  

backbone.CRFuse.rgb_swin.stages.2.blocks.3.attn.w_msa.qkv.bias - torch.Size([1152]): 
The value is the same before and after calling `init_weights` of DINO  

backbone.CRFuse.rgb_swin.stages.2.blocks.3.attn.w_msa.proj.weight - torch.Size([384, 384]): 
The value is the same before and after calling `init_weights` of DINO  

backbone.CRFuse.rgb_swin.stages.2.blocks.3.attn.w_msa.proj.bias - torch.Size([384]): 
The value is the same before and after calling `init_weights` of DINO  

backbone.CRFuse.rgb_swin.stages.2.blocks.3.norm2.weight - torch.Size([384]): 
The value is the same before and after calling `init_weights` of DINO  

backbone.CRFuse.rgb_swin.stages.2.blocks.3.norm2.bias - torch.Size([384]): 
The value is the same before and after calling `init_weights` of DINO  

backbone.CRFuse.rgb_swin.stages.2.blocks.3.ffn.layers.0.0.weight - torch.Size([1536, 384]): 
The value is the same before and after calling `init_weights` of DINO  

backbone.CRFuse.rgb_swin.stages.2.blocks.3.ffn.layers.0.0.bias - torch.Size([1536]): 
The value is the same before and after calling `init_weights` of DINO  

backbone.CRFuse.rgb_swin.stages.2.blocks.3.ffn.layers.1.weight - torch.Size([384, 1536]): 
The value is the same before and after calling `init_weights` of DINO  

backbone.CRFuse.rgb_swin.stages.2.blocks.3.ffn.layers.1.bias - torch.Size([384]): 
The value is the same before and after calling `init_weights` of DINO  

backbone.CRFuse.rgb_swin.stages.2.blocks.4.norm1.weight - torch.Size([384]): 
The value is the same before and after calling `init_weights` of DINO  

backbone.CRFuse.rgb_swin.stages.2.blocks.4.norm1.bias - torch.Size([384]): 
The value is the same before and after calling `init_weights` of DINO  

backbone.CRFuse.rgb_swin.stages.2.blocks.4.attn.w_msa.relative_position_bias_table - torch.Size([169, 12]): 
The value is the same before and after calling `init_weights` of DINO  

backbone.CRFuse.rgb_swin.stages.2.blocks.4.attn.w_msa.qkv.weight - torch.Size([1152, 384]): 
The value is the same before and after calling `init_weights` of DINO  

backbone.CRFuse.rgb_swin.stages.2.blocks.4.attn.w_msa.qkv.bias - torch.Size([1152]): 
The value is the same before and after calling `init_weights` of DINO  

backbone.CRFuse.rgb_swin.stages.2.blocks.4.attn.w_msa.proj.weight - torch.Size([384, 384]): 
The value is the same before and after calling `init_weights` of DINO  

backbone.CRFuse.rgb_swin.stages.2.blocks.4.attn.w_msa.proj.bias - torch.Size([384]): 
The value is the same before and after calling `init_weights` of DINO  

backbone.CRFuse.rgb_swin.stages.2.blocks.4.norm2.weight - torch.Size([384]): 
The value is the same before and after calling `init_weights` of DINO  

backbone.CRFuse.rgb_swin.stages.2.blocks.4.norm2.bias - torch.Size([384]): 
The value is the same before and after calling `init_weights` of DINO  

backbone.CRFuse.rgb_swin.stages.2.blocks.4.ffn.layers.0.0.weight - torch.Size([1536, 384]): 
The value is the same before and after calling `init_weights` of DINO  

backbone.CRFuse.rgb_swin.stages.2.blocks.4.ffn.layers.0.0.bias - torch.Size([1536]): 
The value is the same before and after calling `init_weights` of DINO  

backbone.CRFuse.rgb_swin.stages.2.blocks.4.ffn.layers.1.weight - torch.Size([384, 1536]): 
The value is the same before and after calling `init_weights` of DINO  

backbone.CRFuse.rgb_swin.stages.2.blocks.4.ffn.layers.1.bias - torch.Size([384]): 
The value is the same before and after calling `init_weights` of DINO  

backbone.CRFuse.rgb_swin.stages.2.blocks.5.norm1.weight - torch.Size([384]): 
The value is the same before and after calling `init_weights` of DINO  

backbone.CRFuse.rgb_swin.stages.2.blocks.5.norm1.bias - torch.Size([384]): 
The value is the same before and after calling `init_weights` of DINO  

backbone.CRFuse.rgb_swin.stages.2.blocks.5.attn.w_msa.relative_position_bias_table - torch.Size([169, 12]): 
The value is the same before and after calling `init_weights` of DINO  

backbone.CRFuse.rgb_swin.stages.2.blocks.5.attn.w_msa.qkv.weight - torch.Size([1152, 384]): 
The value is the same before and after calling `init_weights` of DINO  

backbone.CRFuse.rgb_swin.stages.2.blocks.5.attn.w_msa.qkv.bias - torch.Size([1152]): 
The value is the same before and after calling `init_weights` of DINO  

backbone.CRFuse.rgb_swin.stages.2.blocks.5.attn.w_msa.proj.weight - torch.Size([384, 384]): 
The value is the same before and after calling `init_weights` of DINO  

backbone.CRFuse.rgb_swin.stages.2.blocks.5.attn.w_msa.proj.bias - torch.Size([384]): 
The value is the same before and after calling `init_weights` of DINO  

backbone.CRFuse.rgb_swin.stages.2.blocks.5.norm2.weight - torch.Size([384]): 
The value is the same before and after calling `init_weights` of DINO  

backbone.CRFuse.rgb_swin.stages.2.blocks.5.norm2.bias - torch.Size([384]): 
The value is the same before and after calling `init_weights` of DINO  

backbone.CRFuse.rgb_swin.stages.2.blocks.5.ffn.layers.0.0.weight - torch.Size([1536, 384]): 
The value is the same before and after calling `init_weights` of DINO  

backbone.CRFuse.rgb_swin.stages.2.blocks.5.ffn.layers.0.0.bias - torch.Size([1536]): 
The value is the same before and after calling `init_weights` of DINO  

backbone.CRFuse.rgb_swin.stages.2.blocks.5.ffn.layers.1.weight - torch.Size([384, 1536]): 
The value is the same before and after calling `init_weights` of DINO  

backbone.CRFuse.rgb_swin.stages.2.blocks.5.ffn.layers.1.bias - torch.Size([384]): 
The value is the same before and after calling `init_weights` of DINO  

backbone.CRFuse.rgb_swin.stages.2.blocks.6.norm1.weight - torch.Size([384]): 
The value is the same before and after calling `init_weights` of DINO  

backbone.CRFuse.rgb_swin.stages.2.blocks.6.norm1.bias - torch.Size([384]): 
The value is the same before and after calling `init_weights` of DINO  

backbone.CRFuse.rgb_swin.stages.2.blocks.6.attn.w_msa.relative_position_bias_table - torch.Size([169, 12]): 
The value is the same before and after calling `init_weights` of DINO  

backbone.CRFuse.rgb_swin.stages.2.blocks.6.attn.w_msa.qkv.weight - torch.Size([1152, 384]): 
The value is the same before and after calling `init_weights` of DINO  

backbone.CRFuse.rgb_swin.stages.2.blocks.6.attn.w_msa.qkv.bias - torch.Size([1152]): 
The value is the same before and after calling `init_weights` of DINO  

backbone.CRFuse.rgb_swin.stages.2.blocks.6.attn.w_msa.proj.weight - torch.Size([384, 384]): 
The value is the same before and after calling `init_weights` of DINO  

backbone.CRFuse.rgb_swin.stages.2.blocks.6.attn.w_msa.proj.bias - torch.Size([384]): 
The value is the same before and after calling `init_weights` of DINO  

backbone.CRFuse.rgb_swin.stages.2.blocks.6.norm2.weight - torch.Size([384]): 
The value is the same before and after calling `init_weights` of DINO  

backbone.CRFuse.rgb_swin.stages.2.blocks.6.norm2.bias - torch.Size([384]): 
The value is the same before and after calling `init_weights` of DINO  

backbone.CRFuse.rgb_swin.stages.2.blocks.6.ffn.layers.0.0.weight - torch.Size([1536, 384]): 
The value is the same before and after calling `init_weights` of DINO  

backbone.CRFuse.rgb_swin.stages.2.blocks.6.ffn.layers.0.0.bias - torch.Size([1536]): 
The value is the same before and after calling `init_weights` of DINO  

backbone.CRFuse.rgb_swin.stages.2.blocks.6.ffn.layers.1.weight - torch.Size([384, 1536]): 
The value is the same before and after calling `init_weights` of DINO  

backbone.CRFuse.rgb_swin.stages.2.blocks.6.ffn.layers.1.bias - torch.Size([384]): 
The value is the same before and after calling `init_weights` of DINO  

backbone.CRFuse.rgb_swin.stages.2.blocks.7.norm1.weight - torch.Size([384]): 
The value is the same before and after calling `init_weights` of DINO  

backbone.CRFuse.rgb_swin.stages.2.blocks.7.norm1.bias - torch.Size([384]): 
The value is the same before and after calling `init_weights` of DINO  

backbone.CRFuse.rgb_swin.stages.2.blocks.7.attn.w_msa.relative_position_bias_table - torch.Size([169, 12]): 
The value is the same before and after calling `init_weights` of DINO  

backbone.CRFuse.rgb_swin.stages.2.blocks.7.attn.w_msa.qkv.weight - torch.Size([1152, 384]): 
The value is the same before and after calling `init_weights` of DINO  

backbone.CRFuse.rgb_swin.stages.2.blocks.7.attn.w_msa.qkv.bias - torch.Size([1152]): 
The value is the same before and after calling `init_weights` of DINO  

backbone.CRFuse.rgb_swin.stages.2.blocks.7.attn.w_msa.proj.weight - torch.Size([384, 384]): 
The value is the same before and after calling `init_weights` of DINO  

backbone.CRFuse.rgb_swin.stages.2.blocks.7.attn.w_msa.proj.bias - torch.Size([384]): 
The value is the same before and after calling `init_weights` of DINO  

backbone.CRFuse.rgb_swin.stages.2.blocks.7.norm2.weight - torch.Size([384]): 
The value is the same before and after calling `init_weights` of DINO  

backbone.CRFuse.rgb_swin.stages.2.blocks.7.norm2.bias - torch.Size([384]): 
The value is the same before and after calling `init_weights` of DINO  

backbone.CRFuse.rgb_swin.stages.2.blocks.7.ffn.layers.0.0.weight - torch.Size([1536, 384]): 
The value is the same before and after calling `init_weights` of DINO  

backbone.CRFuse.rgb_swin.stages.2.blocks.7.ffn.layers.0.0.bias - torch.Size([1536]): 
The value is the same before and after calling `init_weights` of DINO  

backbone.CRFuse.rgb_swin.stages.2.blocks.7.ffn.layers.1.weight - torch.Size([384, 1536]): 
The value is the same before and after calling `init_weights` of DINO  

backbone.CRFuse.rgb_swin.stages.2.blocks.7.ffn.layers.1.bias - torch.Size([384]): 
The value is the same before and after calling `init_weights` of DINO  

backbone.CRFuse.rgb_swin.stages.2.blocks.8.norm1.weight - torch.Size([384]): 
The value is the same before and after calling `init_weights` of DINO  

backbone.CRFuse.rgb_swin.stages.2.blocks.8.norm1.bias - torch.Size([384]): 
The value is the same before and after calling `init_weights` of DINO  

backbone.CRFuse.rgb_swin.stages.2.blocks.8.attn.w_msa.relative_position_bias_table - torch.Size([169, 12]): 
The value is the same before and after calling `init_weights` of DINO  

backbone.CRFuse.rgb_swin.stages.2.blocks.8.attn.w_msa.qkv.weight - torch.Size([1152, 384]): 
The value is the same before and after calling `init_weights` of DINO  

backbone.CRFuse.rgb_swin.stages.2.blocks.8.attn.w_msa.qkv.bias - torch.Size([1152]): 
The value is the same before and after calling `init_weights` of DINO  

backbone.CRFuse.rgb_swin.stages.2.blocks.8.attn.w_msa.proj.weight - torch.Size([384, 384]): 
The value is the same before and after calling `init_weights` of DINO  

backbone.CRFuse.rgb_swin.stages.2.blocks.8.attn.w_msa.proj.bias - torch.Size([384]): 
The value is the same before and after calling `init_weights` of DINO  

backbone.CRFuse.rgb_swin.stages.2.blocks.8.norm2.weight - torch.Size([384]): 
The value is the same before and after calling `init_weights` of DINO  

backbone.CRFuse.rgb_swin.stages.2.blocks.8.norm2.bias - torch.Size([384]): 
The value is the same before and after calling `init_weights` of DINO  

backbone.CRFuse.rgb_swin.stages.2.blocks.8.ffn.layers.0.0.weight - torch.Size([1536, 384]): 
The value is the same before and after calling `init_weights` of DINO  

backbone.CRFuse.rgb_swin.stages.2.blocks.8.ffn.layers.0.0.bias - torch.Size([1536]): 
The value is the same before and after calling `init_weights` of DINO  

backbone.CRFuse.rgb_swin.stages.2.blocks.8.ffn.layers.1.weight - torch.Size([384, 1536]): 
The value is the same before and after calling `init_weights` of DINO  

backbone.CRFuse.rgb_swin.stages.2.blocks.8.ffn.layers.1.bias - torch.Size([384]): 
The value is the same before and after calling `init_weights` of DINO  

backbone.CRFuse.rgb_swin.stages.2.blocks.9.norm1.weight - torch.Size([384]): 
The value is the same before and after calling `init_weights` of DINO  

backbone.CRFuse.rgb_swin.stages.2.blocks.9.norm1.bias - torch.Size([384]): 
The value is the same before and after calling `init_weights` of DINO  

backbone.CRFuse.rgb_swin.stages.2.blocks.9.attn.w_msa.relative_position_bias_table - torch.Size([169, 12]): 
The value is the same before and after calling `init_weights` of DINO  

backbone.CRFuse.rgb_swin.stages.2.blocks.9.attn.w_msa.qkv.weight - torch.Size([1152, 384]): 
The value is the same before and after calling `init_weights` of DINO  

backbone.CRFuse.rgb_swin.stages.2.blocks.9.attn.w_msa.qkv.bias - torch.Size([1152]): 
The value is the same before and after calling `init_weights` of DINO  

backbone.CRFuse.rgb_swin.stages.2.blocks.9.attn.w_msa.proj.weight - torch.Size([384, 384]): 
The value is the same before and after calling `init_weights` of DINO  

backbone.CRFuse.rgb_swin.stages.2.blocks.9.attn.w_msa.proj.bias - torch.Size([384]): 
The value is the same before and after calling `init_weights` of DINO  

backbone.CRFuse.rgb_swin.stages.2.blocks.9.norm2.weight - torch.Size([384]): 
The value is the same before and after calling `init_weights` of DINO  

backbone.CRFuse.rgb_swin.stages.2.blocks.9.norm2.bias - torch.Size([384]): 
The value is the same before and after calling `init_weights` of DINO  

backbone.CRFuse.rgb_swin.stages.2.blocks.9.ffn.layers.0.0.weight - torch.Size([1536, 384]): 
The value is the same before and after calling `init_weights` of DINO  

backbone.CRFuse.rgb_swin.stages.2.blocks.9.ffn.layers.0.0.bias - torch.Size([1536]): 
The value is the same before and after calling `init_weights` of DINO  

backbone.CRFuse.rgb_swin.stages.2.blocks.9.ffn.layers.1.weight - torch.Size([384, 1536]): 
The value is the same before and after calling `init_weights` of DINO  

backbone.CRFuse.rgb_swin.stages.2.blocks.9.ffn.layers.1.bias - torch.Size([384]): 
The value is the same before and after calling `init_weights` of DINO  

backbone.CRFuse.rgb_swin.stages.2.blocks.10.norm1.weight - torch.Size([384]): 
The value is the same before and after calling `init_weights` of DINO  

backbone.CRFuse.rgb_swin.stages.2.blocks.10.norm1.bias - torch.Size([384]): 
The value is the same before and after calling `init_weights` of DINO  

backbone.CRFuse.rgb_swin.stages.2.blocks.10.attn.w_msa.relative_position_bias_table - torch.Size([169, 12]): 
The value is the same before and after calling `init_weights` of DINO  

backbone.CRFuse.rgb_swin.stages.2.blocks.10.attn.w_msa.qkv.weight - torch.Size([1152, 384]): 
The value is the same before and after calling `init_weights` of DINO  

backbone.CRFuse.rgb_swin.stages.2.blocks.10.attn.w_msa.qkv.bias - torch.Size([1152]): 
The value is the same before and after calling `init_weights` of DINO  

backbone.CRFuse.rgb_swin.stages.2.blocks.10.attn.w_msa.proj.weight - torch.Size([384, 384]): 
The value is the same before and after calling `init_weights` of DINO  

backbone.CRFuse.rgb_swin.stages.2.blocks.10.attn.w_msa.proj.bias - torch.Size([384]): 
The value is the same before and after calling `init_weights` of DINO  

backbone.CRFuse.rgb_swin.stages.2.blocks.10.norm2.weight - torch.Size([384]): 
The value is the same before and after calling `init_weights` of DINO  

backbone.CRFuse.rgb_swin.stages.2.blocks.10.norm2.bias - torch.Size([384]): 
The value is the same before and after calling `init_weights` of DINO  

backbone.CRFuse.rgb_swin.stages.2.blocks.10.ffn.layers.0.0.weight - torch.Size([1536, 384]): 
The value is the same before and after calling `init_weights` of DINO  

backbone.CRFuse.rgb_swin.stages.2.blocks.10.ffn.layers.0.0.bias - torch.Size([1536]): 
The value is the same before and after calling `init_weights` of DINO  

backbone.CRFuse.rgb_swin.stages.2.blocks.10.ffn.layers.1.weight - torch.Size([384, 1536]): 
The value is the same before and after calling `init_weights` of DINO  

backbone.CRFuse.rgb_swin.stages.2.blocks.10.ffn.layers.1.bias - torch.Size([384]): 
The value is the same before and after calling `init_weights` of DINO  

backbone.CRFuse.rgb_swin.stages.2.blocks.11.norm1.weight - torch.Size([384]): 
The value is the same before and after calling `init_weights` of DINO  

backbone.CRFuse.rgb_swin.stages.2.blocks.11.norm1.bias - torch.Size([384]): 
The value is the same before and after calling `init_weights` of DINO  

backbone.CRFuse.rgb_swin.stages.2.blocks.11.attn.w_msa.relative_position_bias_table - torch.Size([169, 12]): 
The value is the same before and after calling `init_weights` of DINO  

backbone.CRFuse.rgb_swin.stages.2.blocks.11.attn.w_msa.qkv.weight - torch.Size([1152, 384]): 
The value is the same before and after calling `init_weights` of DINO  

backbone.CRFuse.rgb_swin.stages.2.blocks.11.attn.w_msa.qkv.bias - torch.Size([1152]): 
The value is the same before and after calling `init_weights` of DINO  

backbone.CRFuse.rgb_swin.stages.2.blocks.11.attn.w_msa.proj.weight - torch.Size([384, 384]): 
The value is the same before and after calling `init_weights` of DINO  

backbone.CRFuse.rgb_swin.stages.2.blocks.11.attn.w_msa.proj.bias - torch.Size([384]): 
The value is the same before and after calling `init_weights` of DINO  

backbone.CRFuse.rgb_swin.stages.2.blocks.11.norm2.weight - torch.Size([384]): 
The value is the same before and after calling `init_weights` of DINO  

backbone.CRFuse.rgb_swin.stages.2.blocks.11.norm2.bias - torch.Size([384]): 
The value is the same before and after calling `init_weights` of DINO  

backbone.CRFuse.rgb_swin.stages.2.blocks.11.ffn.layers.0.0.weight - torch.Size([1536, 384]): 
The value is the same before and after calling `init_weights` of DINO  

backbone.CRFuse.rgb_swin.stages.2.blocks.11.ffn.layers.0.0.bias - torch.Size([1536]): 
The value is the same before and after calling `init_weights` of DINO  

backbone.CRFuse.rgb_swin.stages.2.blocks.11.ffn.layers.1.weight - torch.Size([384, 1536]): 
The value is the same before and after calling `init_weights` of DINO  

backbone.CRFuse.rgb_swin.stages.2.blocks.11.ffn.layers.1.bias - torch.Size([384]): 
The value is the same before and after calling `init_weights` of DINO  

backbone.CRFuse.rgb_swin.stages.2.blocks.12.norm1.weight - torch.Size([384]): 
The value is the same before and after calling `init_weights` of DINO  

backbone.CRFuse.rgb_swin.stages.2.blocks.12.norm1.bias - torch.Size([384]): 
The value is the same before and after calling `init_weights` of DINO  

backbone.CRFuse.rgb_swin.stages.2.blocks.12.attn.w_msa.relative_position_bias_table - torch.Size([169, 12]): 
The value is the same before and after calling `init_weights` of DINO  

backbone.CRFuse.rgb_swin.stages.2.blocks.12.attn.w_msa.qkv.weight - torch.Size([1152, 384]): 
The value is the same before and after calling `init_weights` of DINO  

backbone.CRFuse.rgb_swin.stages.2.blocks.12.attn.w_msa.qkv.bias - torch.Size([1152]): 
The value is the same before and after calling `init_weights` of DINO  

backbone.CRFuse.rgb_swin.stages.2.blocks.12.attn.w_msa.proj.weight - torch.Size([384, 384]): 
The value is the same before and after calling `init_weights` of DINO  

backbone.CRFuse.rgb_swin.stages.2.blocks.12.attn.w_msa.proj.bias - torch.Size([384]): 
The value is the same before and after calling `init_weights` of DINO  

backbone.CRFuse.rgb_swin.stages.2.blocks.12.norm2.weight - torch.Size([384]): 
The value is the same before and after calling `init_weights` of DINO  

backbone.CRFuse.rgb_swin.stages.2.blocks.12.norm2.bias - torch.Size([384]): 
The value is the same before and after calling `init_weights` of DINO  

backbone.CRFuse.rgb_swin.stages.2.blocks.12.ffn.layers.0.0.weight - torch.Size([1536, 384]): 
The value is the same before and after calling `init_weights` of DINO  

backbone.CRFuse.rgb_swin.stages.2.blocks.12.ffn.layers.0.0.bias - torch.Size([1536]): 
The value is the same before and after calling `init_weights` of DINO  

backbone.CRFuse.rgb_swin.stages.2.blocks.12.ffn.layers.1.weight - torch.Size([384, 1536]): 
The value is the same before and after calling `init_weights` of DINO  

backbone.CRFuse.rgb_swin.stages.2.blocks.12.ffn.layers.1.bias - torch.Size([384]): 
The value is the same before and after calling `init_weights` of DINO  

backbone.CRFuse.rgb_swin.stages.2.blocks.13.norm1.weight - torch.Size([384]): 
The value is the same before and after calling `init_weights` of DINO  

backbone.CRFuse.rgb_swin.stages.2.blocks.13.norm1.bias - torch.Size([384]): 
The value is the same before and after calling `init_weights` of DINO  

backbone.CRFuse.rgb_swin.stages.2.blocks.13.attn.w_msa.relative_position_bias_table - torch.Size([169, 12]): 
The value is the same before and after calling `init_weights` of DINO  

backbone.CRFuse.rgb_swin.stages.2.blocks.13.attn.w_msa.qkv.weight - torch.Size([1152, 384]): 
The value is the same before and after calling `init_weights` of DINO  

backbone.CRFuse.rgb_swin.stages.2.blocks.13.attn.w_msa.qkv.bias - torch.Size([1152]): 
The value is the same before and after calling `init_weights` of DINO  

backbone.CRFuse.rgb_swin.stages.2.blocks.13.attn.w_msa.proj.weight - torch.Size([384, 384]): 
The value is the same before and after calling `init_weights` of DINO  

backbone.CRFuse.rgb_swin.stages.2.blocks.13.attn.w_msa.proj.bias - torch.Size([384]): 
The value is the same before and after calling `init_weights` of DINO  

backbone.CRFuse.rgb_swin.stages.2.blocks.13.norm2.weight - torch.Size([384]): 
The value is the same before and after calling `init_weights` of DINO  

backbone.CRFuse.rgb_swin.stages.2.blocks.13.norm2.bias - torch.Size([384]): 
The value is the same before and after calling `init_weights` of DINO  

backbone.CRFuse.rgb_swin.stages.2.blocks.13.ffn.layers.0.0.weight - torch.Size([1536, 384]): 
The value is the same before and after calling `init_weights` of DINO  

backbone.CRFuse.rgb_swin.stages.2.blocks.13.ffn.layers.0.0.bias - torch.Size([1536]): 
The value is the same before and after calling `init_weights` of DINO  

backbone.CRFuse.rgb_swin.stages.2.blocks.13.ffn.layers.1.weight - torch.Size([384, 1536]): 
The value is the same before and after calling `init_weights` of DINO  

backbone.CRFuse.rgb_swin.stages.2.blocks.13.ffn.layers.1.bias - torch.Size([384]): 
The value is the same before and after calling `init_weights` of DINO  

backbone.CRFuse.rgb_swin.stages.2.blocks.14.norm1.weight - torch.Size([384]): 
The value is the same before and after calling `init_weights` of DINO  

backbone.CRFuse.rgb_swin.stages.2.blocks.14.norm1.bias - torch.Size([384]): 
The value is the same before and after calling `init_weights` of DINO  

backbone.CRFuse.rgb_swin.stages.2.blocks.14.attn.w_msa.relative_position_bias_table - torch.Size([169, 12]): 
The value is the same before and after calling `init_weights` of DINO  

backbone.CRFuse.rgb_swin.stages.2.blocks.14.attn.w_msa.qkv.weight - torch.Size([1152, 384]): 
The value is the same before and after calling `init_weights` of DINO  

backbone.CRFuse.rgb_swin.stages.2.blocks.14.attn.w_msa.qkv.bias - torch.Size([1152]): 
The value is the same before and after calling `init_weights` of DINO  

backbone.CRFuse.rgb_swin.stages.2.blocks.14.attn.w_msa.proj.weight - torch.Size([384, 384]): 
The value is the same before and after calling `init_weights` of DINO  

backbone.CRFuse.rgb_swin.stages.2.blocks.14.attn.w_msa.proj.bias - torch.Size([384]): 
The value is the same before and after calling `init_weights` of DINO  

backbone.CRFuse.rgb_swin.stages.2.blocks.14.norm2.weight - torch.Size([384]): 
The value is the same before and after calling `init_weights` of DINO  

backbone.CRFuse.rgb_swin.stages.2.blocks.14.norm2.bias - torch.Size([384]): 
The value is the same before and after calling `init_weights` of DINO  

backbone.CRFuse.rgb_swin.stages.2.blocks.14.ffn.layers.0.0.weight - torch.Size([1536, 384]): 
The value is the same before and after calling `init_weights` of DINO  

backbone.CRFuse.rgb_swin.stages.2.blocks.14.ffn.layers.0.0.bias - torch.Size([1536]): 
The value is the same before and after calling `init_weights` of DINO  

backbone.CRFuse.rgb_swin.stages.2.blocks.14.ffn.layers.1.weight - torch.Size([384, 1536]): 
The value is the same before and after calling `init_weights` of DINO  

backbone.CRFuse.rgb_swin.stages.2.blocks.14.ffn.layers.1.bias - torch.Size([384]): 
The value is the same before and after calling `init_weights` of DINO  

backbone.CRFuse.rgb_swin.stages.2.blocks.15.norm1.weight - torch.Size([384]): 
The value is the same before and after calling `init_weights` of DINO  

backbone.CRFuse.rgb_swin.stages.2.blocks.15.norm1.bias - torch.Size([384]): 
The value is the same before and after calling `init_weights` of DINO  

backbone.CRFuse.rgb_swin.stages.2.blocks.15.attn.w_msa.relative_position_bias_table - torch.Size([169, 12]): 
The value is the same before and after calling `init_weights` of DINO  

backbone.CRFuse.rgb_swin.stages.2.blocks.15.attn.w_msa.qkv.weight - torch.Size([1152, 384]): 
The value is the same before and after calling `init_weights` of DINO  

backbone.CRFuse.rgb_swin.stages.2.blocks.15.attn.w_msa.qkv.bias - torch.Size([1152]): 
The value is the same before and after calling `init_weights` of DINO  

backbone.CRFuse.rgb_swin.stages.2.blocks.15.attn.w_msa.proj.weight - torch.Size([384, 384]): 
The value is the same before and after calling `init_weights` of DINO  

backbone.CRFuse.rgb_swin.stages.2.blocks.15.attn.w_msa.proj.bias - torch.Size([384]): 
The value is the same before and after calling `init_weights` of DINO  

backbone.CRFuse.rgb_swin.stages.2.blocks.15.norm2.weight - torch.Size([384]): 
The value is the same before and after calling `init_weights` of DINO  

backbone.CRFuse.rgb_swin.stages.2.blocks.15.norm2.bias - torch.Size([384]): 
The value is the same before and after calling `init_weights` of DINO  

backbone.CRFuse.rgb_swin.stages.2.blocks.15.ffn.layers.0.0.weight - torch.Size([1536, 384]): 
The value is the same before and after calling `init_weights` of DINO  

backbone.CRFuse.rgb_swin.stages.2.blocks.15.ffn.layers.0.0.bias - torch.Size([1536]): 
The value is the same before and after calling `init_weights` of DINO  

backbone.CRFuse.rgb_swin.stages.2.blocks.15.ffn.layers.1.weight - torch.Size([384, 1536]): 
The value is the same before and after calling `init_weights` of DINO  

backbone.CRFuse.rgb_swin.stages.2.blocks.15.ffn.layers.1.bias - torch.Size([384]): 
The value is the same before and after calling `init_weights` of DINO  

backbone.CRFuse.rgb_swin.stages.2.blocks.16.norm1.weight - torch.Size([384]): 
The value is the same before and after calling `init_weights` of DINO  

backbone.CRFuse.rgb_swin.stages.2.blocks.16.norm1.bias - torch.Size([384]): 
The value is the same before and after calling `init_weights` of DINO  

backbone.CRFuse.rgb_swin.stages.2.blocks.16.attn.w_msa.relative_position_bias_table - torch.Size([169, 12]): 
The value is the same before and after calling `init_weights` of DINO  

backbone.CRFuse.rgb_swin.stages.2.blocks.16.attn.w_msa.qkv.weight - torch.Size([1152, 384]): 
The value is the same before and after calling `init_weights` of DINO  

backbone.CRFuse.rgb_swin.stages.2.blocks.16.attn.w_msa.qkv.bias - torch.Size([1152]): 
The value is the same before and after calling `init_weights` of DINO  

backbone.CRFuse.rgb_swin.stages.2.blocks.16.attn.w_msa.proj.weight - torch.Size([384, 384]): 
The value is the same before and after calling `init_weights` of DINO  

backbone.CRFuse.rgb_swin.stages.2.blocks.16.attn.w_msa.proj.bias - torch.Size([384]): 
The value is the same before and after calling `init_weights` of DINO  

backbone.CRFuse.rgb_swin.stages.2.blocks.16.norm2.weight - torch.Size([384]): 
The value is the same before and after calling `init_weights` of DINO  

backbone.CRFuse.rgb_swin.stages.2.blocks.16.norm2.bias - torch.Size([384]): 
The value is the same before and after calling `init_weights` of DINO  

backbone.CRFuse.rgb_swin.stages.2.blocks.16.ffn.layers.0.0.weight - torch.Size([1536, 384]): 
The value is the same before and after calling `init_weights` of DINO  

backbone.CRFuse.rgb_swin.stages.2.blocks.16.ffn.layers.0.0.bias - torch.Size([1536]): 
The value is the same before and after calling `init_weights` of DINO  

backbone.CRFuse.rgb_swin.stages.2.blocks.16.ffn.layers.1.weight - torch.Size([384, 1536]): 
The value is the same before and after calling `init_weights` of DINO  

backbone.CRFuse.rgb_swin.stages.2.blocks.16.ffn.layers.1.bias - torch.Size([384]): 
The value is the same before and after calling `init_weights` of DINO  

backbone.CRFuse.rgb_swin.stages.2.blocks.17.norm1.weight - torch.Size([384]): 
The value is the same before and after calling `init_weights` of DINO  

backbone.CRFuse.rgb_swin.stages.2.blocks.17.norm1.bias - torch.Size([384]): 
The value is the same before and after calling `init_weights` of DINO  

backbone.CRFuse.rgb_swin.stages.2.blocks.17.attn.w_msa.relative_position_bias_table - torch.Size([169, 12]): 
The value is the same before and after calling `init_weights` of DINO  

backbone.CRFuse.rgb_swin.stages.2.blocks.17.attn.w_msa.qkv.weight - torch.Size([1152, 384]): 
The value is the same before and after calling `init_weights` of DINO  

backbone.CRFuse.rgb_swin.stages.2.blocks.17.attn.w_msa.qkv.bias - torch.Size([1152]): 
The value is the same before and after calling `init_weights` of DINO  

backbone.CRFuse.rgb_swin.stages.2.blocks.17.attn.w_msa.proj.weight - torch.Size([384, 384]): 
The value is the same before and after calling `init_weights` of DINO  

backbone.CRFuse.rgb_swin.stages.2.blocks.17.attn.w_msa.proj.bias - torch.Size([384]): 
The value is the same before and after calling `init_weights` of DINO  

backbone.CRFuse.rgb_swin.stages.2.blocks.17.norm2.weight - torch.Size([384]): 
The value is the same before and after calling `init_weights` of DINO  

backbone.CRFuse.rgb_swin.stages.2.blocks.17.norm2.bias - torch.Size([384]): 
The value is the same before and after calling `init_weights` of DINO  

backbone.CRFuse.rgb_swin.stages.2.blocks.17.ffn.layers.0.0.weight - torch.Size([1536, 384]): 
The value is the same before and after calling `init_weights` of DINO  

backbone.CRFuse.rgb_swin.stages.2.blocks.17.ffn.layers.0.0.bias - torch.Size([1536]): 
The value is the same before and after calling `init_weights` of DINO  

backbone.CRFuse.rgb_swin.stages.2.blocks.17.ffn.layers.1.weight - torch.Size([384, 1536]): 
The value is the same before and after calling `init_weights` of DINO  

backbone.CRFuse.rgb_swin.stages.2.blocks.17.ffn.layers.1.bias - torch.Size([384]): 
The value is the same before and after calling `init_weights` of DINO  

backbone.CRFuse.rgb_swin.stages.2.downsample.norm.weight - torch.Size([1536]): 
The value is the same before and after calling `init_weights` of DINO  

backbone.CRFuse.rgb_swin.stages.2.downsample.norm.bias - torch.Size([1536]): 
The value is the same before and after calling `init_weights` of DINO  

backbone.CRFuse.rgb_swin.stages.2.downsample.reduction.weight - torch.Size([768, 1536]): 
The value is the same before and after calling `init_weights` of DINO  

backbone.CRFuse.rgb_swin.stages.3.blocks.0.norm1.weight - torch.Size([768]): 
The value is the same before and after calling `init_weights` of DINO  

backbone.CRFuse.rgb_swin.stages.3.blocks.0.norm1.bias - torch.Size([768]): 
The value is the same before and after calling `init_weights` of DINO  

backbone.CRFuse.rgb_swin.stages.3.blocks.0.attn.w_msa.relative_position_bias_table - torch.Size([169, 24]): 
The value is the same before and after calling `init_weights` of DINO  

backbone.CRFuse.rgb_swin.stages.3.blocks.0.attn.w_msa.qkv.weight - torch.Size([2304, 768]): 
The value is the same before and after calling `init_weights` of DINO  

backbone.CRFuse.rgb_swin.stages.3.blocks.0.attn.w_msa.qkv.bias - torch.Size([2304]): 
The value is the same before and after calling `init_weights` of DINO  

backbone.CRFuse.rgb_swin.stages.3.blocks.0.attn.w_msa.proj.weight - torch.Size([768, 768]): 
The value is the same before and after calling `init_weights` of DINO  

backbone.CRFuse.rgb_swin.stages.3.blocks.0.attn.w_msa.proj.bias - torch.Size([768]): 
The value is the same before and after calling `init_weights` of DINO  

backbone.CRFuse.rgb_swin.stages.3.blocks.0.norm2.weight - torch.Size([768]): 
The value is the same before and after calling `init_weights` of DINO  

backbone.CRFuse.rgb_swin.stages.3.blocks.0.norm2.bias - torch.Size([768]): 
The value is the same before and after calling `init_weights` of DINO  

backbone.CRFuse.rgb_swin.stages.3.blocks.0.ffn.layers.0.0.weight - torch.Size([3072, 768]): 
The value is the same before and after calling `init_weights` of DINO  

backbone.CRFuse.rgb_swin.stages.3.blocks.0.ffn.layers.0.0.bias - torch.Size([3072]): 
The value is the same before and after calling `init_weights` of DINO  

backbone.CRFuse.rgb_swin.stages.3.blocks.0.ffn.layers.1.weight - torch.Size([768, 3072]): 
The value is the same before and after calling `init_weights` of DINO  

backbone.CRFuse.rgb_swin.stages.3.blocks.0.ffn.layers.1.bias - torch.Size([768]): 
The value is the same before and after calling `init_weights` of DINO  

backbone.CRFuse.rgb_swin.stages.3.blocks.1.norm1.weight - torch.Size([768]): 
The value is the same before and after calling `init_weights` of DINO  

backbone.CRFuse.rgb_swin.stages.3.blocks.1.norm1.bias - torch.Size([768]): 
The value is the same before and after calling `init_weights` of DINO  

backbone.CRFuse.rgb_swin.stages.3.blocks.1.attn.w_msa.relative_position_bias_table - torch.Size([169, 24]): 
The value is the same before and after calling `init_weights` of DINO  

backbone.CRFuse.rgb_swin.stages.3.blocks.1.attn.w_msa.qkv.weight - torch.Size([2304, 768]): 
The value is the same before and after calling `init_weights` of DINO  

backbone.CRFuse.rgb_swin.stages.3.blocks.1.attn.w_msa.qkv.bias - torch.Size([2304]): 
The value is the same before and after calling `init_weights` of DINO  

backbone.CRFuse.rgb_swin.stages.3.blocks.1.attn.w_msa.proj.weight - torch.Size([768, 768]): 
The value is the same before and after calling `init_weights` of DINO  

backbone.CRFuse.rgb_swin.stages.3.blocks.1.attn.w_msa.proj.bias - torch.Size([768]): 
The value is the same before and after calling `init_weights` of DINO  

backbone.CRFuse.rgb_swin.stages.3.blocks.1.norm2.weight - torch.Size([768]): 
The value is the same before and after calling `init_weights` of DINO  

backbone.CRFuse.rgb_swin.stages.3.blocks.1.norm2.bias - torch.Size([768]): 
The value is the same before and after calling `init_weights` of DINO  

backbone.CRFuse.rgb_swin.stages.3.blocks.1.ffn.layers.0.0.weight - torch.Size([3072, 768]): 
The value is the same before and after calling `init_weights` of DINO  

backbone.CRFuse.rgb_swin.stages.3.blocks.1.ffn.layers.0.0.bias - torch.Size([3072]): 
The value is the same before and after calling `init_weights` of DINO  

backbone.CRFuse.rgb_swin.stages.3.blocks.1.ffn.layers.1.weight - torch.Size([768, 3072]): 
The value is the same before and after calling `init_weights` of DINO  

backbone.CRFuse.rgb_swin.stages.3.blocks.1.ffn.layers.1.bias - torch.Size([768]): 
The value is the same before and after calling `init_weights` of DINO  

backbone.CRFuse.rgb_swin.norm0.weight - torch.Size([96]): 
The value is the same before and after calling `init_weights` of DINO  

backbone.CRFuse.rgb_swin.norm0.bias - torch.Size([96]): 
The value is the same before and after calling `init_weights` of DINO  

backbone.CRFuse.rgb_swin.norm1.weight - torch.Size([192]): 
The value is the same before and after calling `init_weights` of DINO  

backbone.CRFuse.rgb_swin.norm1.bias - torch.Size([192]): 
The value is the same before and after calling `init_weights` of DINO  

backbone.CRFuse.rgb_swin.norm2.weight - torch.Size([384]): 
The value is the same before and after calling `init_weights` of DINO  

backbone.CRFuse.rgb_swin.norm2.bias - torch.Size([384]): 
The value is the same before and after calling `init_weights` of DINO  

backbone.CRFuse.rgb_swin.norm3.weight - torch.Size([768]): 
The value is the same before and after calling `init_weights` of DINO  

backbone.CRFuse.rgb_swin.norm3.bias - torch.Size([768]): 
The value is the same before and after calling `init_weights` of DINO  

backbone.CRFuse.ir_swin.patch_embed.projection.weight - torch.Size([96, 3, 4, 4]): 
The value is the same before and after calling `init_weights` of DINO  

backbone.CRFuse.ir_swin.patch_embed.projection.bias - torch.Size([96]): 
The value is the same before and after calling `init_weights` of DINO  

backbone.CRFuse.ir_swin.patch_embed.norm.weight - torch.Size([96]): 
The value is the same before and after calling `init_weights` of DINO  

backbone.CRFuse.ir_swin.patch_embed.norm.bias - torch.Size([96]): 
The value is the same before and after calling `init_weights` of DINO  

backbone.CRFuse.ir_swin.stages.0.blocks.0.norm1.weight - torch.Size([96]): 
The value is the same before and after calling `init_weights` of DINO  

backbone.CRFuse.ir_swin.stages.0.blocks.0.norm1.bias - torch.Size([96]): 
The value is the same before and after calling `init_weights` of DINO  

backbone.CRFuse.ir_swin.stages.0.blocks.0.attn.w_msa.relative_position_bias_table - torch.Size([169, 3]): 
The value is the same before and after calling `init_weights` of DINO  

backbone.CRFuse.ir_swin.stages.0.blocks.0.attn.w_msa.qkv.weight - torch.Size([288, 96]): 
The value is the same before and after calling `init_weights` of DINO  

backbone.CRFuse.ir_swin.stages.0.blocks.0.attn.w_msa.qkv.bias - torch.Size([288]): 
The value is the same before and after calling `init_weights` of DINO  

backbone.CRFuse.ir_swin.stages.0.blocks.0.attn.w_msa.proj.weight - torch.Size([96, 96]): 
The value is the same before and after calling `init_weights` of DINO  

backbone.CRFuse.ir_swin.stages.0.blocks.0.attn.w_msa.proj.bias - torch.Size([96]): 
The value is the same before and after calling `init_weights` of DINO  

backbone.CRFuse.ir_swin.stages.0.blocks.0.norm2.weight - torch.Size([96]): 
The value is the same before and after calling `init_weights` of DINO  

backbone.CRFuse.ir_swin.stages.0.blocks.0.norm2.bias - torch.Size([96]): 
The value is the same before and after calling `init_weights` of DINO  

backbone.CRFuse.ir_swin.stages.0.blocks.0.ffn.layers.0.0.weight - torch.Size([384, 96]): 
The value is the same before and after calling `init_weights` of DINO  

backbone.CRFuse.ir_swin.stages.0.blocks.0.ffn.layers.0.0.bias - torch.Size([384]): 
The value is the same before and after calling `init_weights` of DINO  

backbone.CRFuse.ir_swin.stages.0.blocks.0.ffn.layers.1.weight - torch.Size([96, 384]): 
The value is the same before and after calling `init_weights` of DINO  

backbone.CRFuse.ir_swin.stages.0.blocks.0.ffn.layers.1.bias - torch.Size([96]): 
The value is the same before and after calling `init_weights` of DINO  

backbone.CRFuse.ir_swin.stages.0.blocks.1.norm1.weight - torch.Size([96]): 
The value is the same before and after calling `init_weights` of DINO  

backbone.CRFuse.ir_swin.stages.0.blocks.1.norm1.bias - torch.Size([96]): 
The value is the same before and after calling `init_weights` of DINO  

backbone.CRFuse.ir_swin.stages.0.blocks.1.attn.w_msa.relative_position_bias_table - torch.Size([169, 3]): 
The value is the same before and after calling `init_weights` of DINO  

backbone.CRFuse.ir_swin.stages.0.blocks.1.attn.w_msa.qkv.weight - torch.Size([288, 96]): 
The value is the same before and after calling `init_weights` of DINO  

backbone.CRFuse.ir_swin.stages.0.blocks.1.attn.w_msa.qkv.bias - torch.Size([288]): 
The value is the same before and after calling `init_weights` of DINO  

backbone.CRFuse.ir_swin.stages.0.blocks.1.attn.w_msa.proj.weight - torch.Size([96, 96]): 
The value is the same before and after calling `init_weights` of DINO  

backbone.CRFuse.ir_swin.stages.0.blocks.1.attn.w_msa.proj.bias - torch.Size([96]): 
The value is the same before and after calling `init_weights` of DINO  

backbone.CRFuse.ir_swin.stages.0.blocks.1.norm2.weight - torch.Size([96]): 
The value is the same before and after calling `init_weights` of DINO  

backbone.CRFuse.ir_swin.stages.0.blocks.1.norm2.bias - torch.Size([96]): 
The value is the same before and after calling `init_weights` of DINO  

backbone.CRFuse.ir_swin.stages.0.blocks.1.ffn.layers.0.0.weight - torch.Size([384, 96]): 
The value is the same before and after calling `init_weights` of DINO  

backbone.CRFuse.ir_swin.stages.0.blocks.1.ffn.layers.0.0.bias - torch.Size([384]): 
The value is the same before and after calling `init_weights` of DINO  

backbone.CRFuse.ir_swin.stages.0.blocks.1.ffn.layers.1.weight - torch.Size([96, 384]): 
The value is the same before and after calling `init_weights` of DINO  

backbone.CRFuse.ir_swin.stages.0.blocks.1.ffn.layers.1.bias - torch.Size([96]): 
The value is the same before and after calling `init_weights` of DINO  

backbone.CRFuse.ir_swin.stages.0.downsample.norm.weight - torch.Size([384]): 
The value is the same before and after calling `init_weights` of DINO  

backbone.CRFuse.ir_swin.stages.0.downsample.norm.bias - torch.Size([384]): 
The value is the same before and after calling `init_weights` of DINO  

backbone.CRFuse.ir_swin.stages.0.downsample.reduction.weight - torch.Size([192, 384]): 
The value is the same before and after calling `init_weights` of DINO  

backbone.CRFuse.ir_swin.stages.1.blocks.0.norm1.weight - torch.Size([192]): 
The value is the same before and after calling `init_weights` of DINO  

backbone.CRFuse.ir_swin.stages.1.blocks.0.norm1.bias - torch.Size([192]): 
The value is the same before and after calling `init_weights` of DINO  

backbone.CRFuse.ir_swin.stages.1.blocks.0.attn.w_msa.relative_position_bias_table - torch.Size([169, 6]): 
The value is the same before and after calling `init_weights` of DINO  

backbone.CRFuse.ir_swin.stages.1.blocks.0.attn.w_msa.qkv.weight - torch.Size([576, 192]): 
The value is the same before and after calling `init_weights` of DINO  

backbone.CRFuse.ir_swin.stages.1.blocks.0.attn.w_msa.qkv.bias - torch.Size([576]): 
The value is the same before and after calling `init_weights` of DINO  

backbone.CRFuse.ir_swin.stages.1.blocks.0.attn.w_msa.proj.weight - torch.Size([192, 192]): 
The value is the same before and after calling `init_weights` of DINO  

backbone.CRFuse.ir_swin.stages.1.blocks.0.attn.w_msa.proj.bias - torch.Size([192]): 
The value is the same before and after calling `init_weights` of DINO  

backbone.CRFuse.ir_swin.stages.1.blocks.0.norm2.weight - torch.Size([192]): 
The value is the same before and after calling `init_weights` of DINO  

backbone.CRFuse.ir_swin.stages.1.blocks.0.norm2.bias - torch.Size([192]): 
The value is the same before and after calling `init_weights` of DINO  

backbone.CRFuse.ir_swin.stages.1.blocks.0.ffn.layers.0.0.weight - torch.Size([768, 192]): 
The value is the same before and after calling `init_weights` of DINO  

backbone.CRFuse.ir_swin.stages.1.blocks.0.ffn.layers.0.0.bias - torch.Size([768]): 
The value is the same before and after calling `init_weights` of DINO  

backbone.CRFuse.ir_swin.stages.1.blocks.0.ffn.layers.1.weight - torch.Size([192, 768]): 
The value is the same before and after calling `init_weights` of DINO  

backbone.CRFuse.ir_swin.stages.1.blocks.0.ffn.layers.1.bias - torch.Size([192]): 
The value is the same before and after calling `init_weights` of DINO  

backbone.CRFuse.ir_swin.stages.1.blocks.1.norm1.weight - torch.Size([192]): 
The value is the same before and after calling `init_weights` of DINO  

backbone.CRFuse.ir_swin.stages.1.blocks.1.norm1.bias - torch.Size([192]): 
The value is the same before and after calling `init_weights` of DINO  

backbone.CRFuse.ir_swin.stages.1.blocks.1.attn.w_msa.relative_position_bias_table - torch.Size([169, 6]): 
The value is the same before and after calling `init_weights` of DINO  

backbone.CRFuse.ir_swin.stages.1.blocks.1.attn.w_msa.qkv.weight - torch.Size([576, 192]): 
The value is the same before and after calling `init_weights` of DINO  

backbone.CRFuse.ir_swin.stages.1.blocks.1.attn.w_msa.qkv.bias - torch.Size([576]): 
The value is the same before and after calling `init_weights` of DINO  

backbone.CRFuse.ir_swin.stages.1.blocks.1.attn.w_msa.proj.weight - torch.Size([192, 192]): 
The value is the same before and after calling `init_weights` of DINO  

backbone.CRFuse.ir_swin.stages.1.blocks.1.attn.w_msa.proj.bias - torch.Size([192]): 
The value is the same before and after calling `init_weights` of DINO  

backbone.CRFuse.ir_swin.stages.1.blocks.1.norm2.weight - torch.Size([192]): 
The value is the same before and after calling `init_weights` of DINO  

backbone.CRFuse.ir_swin.stages.1.blocks.1.norm2.bias - torch.Size([192]): 
The value is the same before and after calling `init_weights` of DINO  

backbone.CRFuse.ir_swin.stages.1.blocks.1.ffn.layers.0.0.weight - torch.Size([768, 192]): 
The value is the same before and after calling `init_weights` of DINO  

backbone.CRFuse.ir_swin.stages.1.blocks.1.ffn.layers.0.0.bias - torch.Size([768]): 
The value is the same before and after calling `init_weights` of DINO  

backbone.CRFuse.ir_swin.stages.1.blocks.1.ffn.layers.1.weight - torch.Size([192, 768]): 
The value is the same before and after calling `init_weights` of DINO  

backbone.CRFuse.ir_swin.stages.1.blocks.1.ffn.layers.1.bias - torch.Size([192]): 
The value is the same before and after calling `init_weights` of DINO  

backbone.CRFuse.ir_swin.stages.1.downsample.norm.weight - torch.Size([768]): 
The value is the same before and after calling `init_weights` of DINO  

backbone.CRFuse.ir_swin.stages.1.downsample.norm.bias - torch.Size([768]): 
The value is the same before and after calling `init_weights` of DINO  

backbone.CRFuse.ir_swin.stages.1.downsample.reduction.weight - torch.Size([384, 768]): 
The value is the same before and after calling `init_weights` of DINO  

backbone.CRFuse.ir_swin.stages.2.blocks.0.norm1.weight - torch.Size([384]): 
The value is the same before and after calling `init_weights` of DINO  

backbone.CRFuse.ir_swin.stages.2.blocks.0.norm1.bias - torch.Size([384]): 
The value is the same before and after calling `init_weights` of DINO  

backbone.CRFuse.ir_swin.stages.2.blocks.0.attn.w_msa.relative_position_bias_table - torch.Size([169, 12]): 
The value is the same before and after calling `init_weights` of DINO  

backbone.CRFuse.ir_swin.stages.2.blocks.0.attn.w_msa.qkv.weight - torch.Size([1152, 384]): 
The value is the same before and after calling `init_weights` of DINO  

backbone.CRFuse.ir_swin.stages.2.blocks.0.attn.w_msa.qkv.bias - torch.Size([1152]): 
The value is the same before and after calling `init_weights` of DINO  

backbone.CRFuse.ir_swin.stages.2.blocks.0.attn.w_msa.proj.weight - torch.Size([384, 384]): 
The value is the same before and after calling `init_weights` of DINO  

backbone.CRFuse.ir_swin.stages.2.blocks.0.attn.w_msa.proj.bias - torch.Size([384]): 
The value is the same before and after calling `init_weights` of DINO  

backbone.CRFuse.ir_swin.stages.2.blocks.0.norm2.weight - torch.Size([384]): 
The value is the same before and after calling `init_weights` of DINO  

backbone.CRFuse.ir_swin.stages.2.blocks.0.norm2.bias - torch.Size([384]): 
The value is the same before and after calling `init_weights` of DINO  

backbone.CRFuse.ir_swin.stages.2.blocks.0.ffn.layers.0.0.weight - torch.Size([1536, 384]): 
The value is the same before and after calling `init_weights` of DINO  

backbone.CRFuse.ir_swin.stages.2.blocks.0.ffn.layers.0.0.bias - torch.Size([1536]): 
The value is the same before and after calling `init_weights` of DINO  

backbone.CRFuse.ir_swin.stages.2.blocks.0.ffn.layers.1.weight - torch.Size([384, 1536]): 
The value is the same before and after calling `init_weights` of DINO  

backbone.CRFuse.ir_swin.stages.2.blocks.0.ffn.layers.1.bias - torch.Size([384]): 
The value is the same before and after calling `init_weights` of DINO  

backbone.CRFuse.ir_swin.stages.2.blocks.1.norm1.weight - torch.Size([384]): 
The value is the same before and after calling `init_weights` of DINO  

backbone.CRFuse.ir_swin.stages.2.blocks.1.norm1.bias - torch.Size([384]): 
The value is the same before and after calling `init_weights` of DINO  

backbone.CRFuse.ir_swin.stages.2.blocks.1.attn.w_msa.relative_position_bias_table - torch.Size([169, 12]): 
The value is the same before and after calling `init_weights` of DINO  

backbone.CRFuse.ir_swin.stages.2.blocks.1.attn.w_msa.qkv.weight - torch.Size([1152, 384]): 
The value is the same before and after calling `init_weights` of DINO  

backbone.CRFuse.ir_swin.stages.2.blocks.1.attn.w_msa.qkv.bias - torch.Size([1152]): 
The value is the same before and after calling `init_weights` of DINO  

backbone.CRFuse.ir_swin.stages.2.blocks.1.attn.w_msa.proj.weight - torch.Size([384, 384]): 
The value is the same before and after calling `init_weights` of DINO  

backbone.CRFuse.ir_swin.stages.2.blocks.1.attn.w_msa.proj.bias - torch.Size([384]): 
The value is the same before and after calling `init_weights` of DINO  

backbone.CRFuse.ir_swin.stages.2.blocks.1.norm2.weight - torch.Size([384]): 
The value is the same before and after calling `init_weights` of DINO  

backbone.CRFuse.ir_swin.stages.2.blocks.1.norm2.bias - torch.Size([384]): 
The value is the same before and after calling `init_weights` of DINO  

backbone.CRFuse.ir_swin.stages.2.blocks.1.ffn.layers.0.0.weight - torch.Size([1536, 384]): 
The value is the same before and after calling `init_weights` of DINO  

backbone.CRFuse.ir_swin.stages.2.blocks.1.ffn.layers.0.0.bias - torch.Size([1536]): 
The value is the same before and after calling `init_weights` of DINO  

backbone.CRFuse.ir_swin.stages.2.blocks.1.ffn.layers.1.weight - torch.Size([384, 1536]): 
The value is the same before and after calling `init_weights` of DINO  

backbone.CRFuse.ir_swin.stages.2.blocks.1.ffn.layers.1.bias - torch.Size([384]): 
The value is the same before and after calling `init_weights` of DINO  

backbone.CRFuse.ir_swin.stages.2.blocks.2.norm1.weight - torch.Size([384]): 
The value is the same before and after calling `init_weights` of DINO  

backbone.CRFuse.ir_swin.stages.2.blocks.2.norm1.bias - torch.Size([384]): 
The value is the same before and after calling `init_weights` of DINO  

backbone.CRFuse.ir_swin.stages.2.blocks.2.attn.w_msa.relative_position_bias_table - torch.Size([169, 12]): 
The value is the same before and after calling `init_weights` of DINO  

backbone.CRFuse.ir_swin.stages.2.blocks.2.attn.w_msa.qkv.weight - torch.Size([1152, 384]): 
The value is the same before and after calling `init_weights` of DINO  

backbone.CRFuse.ir_swin.stages.2.blocks.2.attn.w_msa.qkv.bias - torch.Size([1152]): 
The value is the same before and after calling `init_weights` of DINO  

backbone.CRFuse.ir_swin.stages.2.blocks.2.attn.w_msa.proj.weight - torch.Size([384, 384]): 
The value is the same before and after calling `init_weights` of DINO  

backbone.CRFuse.ir_swin.stages.2.blocks.2.attn.w_msa.proj.bias - torch.Size([384]): 
The value is the same before and after calling `init_weights` of DINO  

backbone.CRFuse.ir_swin.stages.2.blocks.2.norm2.weight - torch.Size([384]): 
The value is the same before and after calling `init_weights` of DINO  

backbone.CRFuse.ir_swin.stages.2.blocks.2.norm2.bias - torch.Size([384]): 
The value is the same before and after calling `init_weights` of DINO  

backbone.CRFuse.ir_swin.stages.2.blocks.2.ffn.layers.0.0.weight - torch.Size([1536, 384]): 
The value is the same before and after calling `init_weights` of DINO  

backbone.CRFuse.ir_swin.stages.2.blocks.2.ffn.layers.0.0.bias - torch.Size([1536]): 
The value is the same before and after calling `init_weights` of DINO  

backbone.CRFuse.ir_swin.stages.2.blocks.2.ffn.layers.1.weight - torch.Size([384, 1536]): 
The value is the same before and after calling `init_weights` of DINO  

backbone.CRFuse.ir_swin.stages.2.blocks.2.ffn.layers.1.bias - torch.Size([384]): 
The value is the same before and after calling `init_weights` of DINO  

backbone.CRFuse.ir_swin.stages.2.blocks.3.norm1.weight - torch.Size([384]): 
The value is the same before and after calling `init_weights` of DINO  

backbone.CRFuse.ir_swin.stages.2.blocks.3.norm1.bias - torch.Size([384]): 
The value is the same before and after calling `init_weights` of DINO  

backbone.CRFuse.ir_swin.stages.2.blocks.3.attn.w_msa.relative_position_bias_table - torch.Size([169, 12]): 
The value is the same before and after calling `init_weights` of DINO  

backbone.CRFuse.ir_swin.stages.2.blocks.3.attn.w_msa.qkv.weight - torch.Size([1152, 384]): 
The value is the same before and after calling `init_weights` of DINO  

backbone.CRFuse.ir_swin.stages.2.blocks.3.attn.w_msa.qkv.bias - torch.Size([1152]): 
The value is the same before and after calling `init_weights` of DINO  

backbone.CRFuse.ir_swin.stages.2.blocks.3.attn.w_msa.proj.weight - torch.Size([384, 384]): 
The value is the same before and after calling `init_weights` of DINO  

backbone.CRFuse.ir_swin.stages.2.blocks.3.attn.w_msa.proj.bias - torch.Size([384]): 
The value is the same before and after calling `init_weights` of DINO  

backbone.CRFuse.ir_swin.stages.2.blocks.3.norm2.weight - torch.Size([384]): 
The value is the same before and after calling `init_weights` of DINO  

backbone.CRFuse.ir_swin.stages.2.blocks.3.norm2.bias - torch.Size([384]): 
The value is the same before and after calling `init_weights` of DINO  

backbone.CRFuse.ir_swin.stages.2.blocks.3.ffn.layers.0.0.weight - torch.Size([1536, 384]): 
The value is the same before and after calling `init_weights` of DINO  

backbone.CRFuse.ir_swin.stages.2.blocks.3.ffn.layers.0.0.bias - torch.Size([1536]): 
The value is the same before and after calling `init_weights` of DINO  

backbone.CRFuse.ir_swin.stages.2.blocks.3.ffn.layers.1.weight - torch.Size([384, 1536]): 
The value is the same before and after calling `init_weights` of DINO  

backbone.CRFuse.ir_swin.stages.2.blocks.3.ffn.layers.1.bias - torch.Size([384]): 
The value is the same before and after calling `init_weights` of DINO  

backbone.CRFuse.ir_swin.stages.2.blocks.4.norm1.weight - torch.Size([384]): 
The value is the same before and after calling `init_weights` of DINO  

backbone.CRFuse.ir_swin.stages.2.blocks.4.norm1.bias - torch.Size([384]): 
The value is the same before and after calling `init_weights` of DINO  

backbone.CRFuse.ir_swin.stages.2.blocks.4.attn.w_msa.relative_position_bias_table - torch.Size([169, 12]): 
The value is the same before and after calling `init_weights` of DINO  

backbone.CRFuse.ir_swin.stages.2.blocks.4.attn.w_msa.qkv.weight - torch.Size([1152, 384]): 
The value is the same before and after calling `init_weights` of DINO  

backbone.CRFuse.ir_swin.stages.2.blocks.4.attn.w_msa.qkv.bias - torch.Size([1152]): 
The value is the same before and after calling `init_weights` of DINO  

backbone.CRFuse.ir_swin.stages.2.blocks.4.attn.w_msa.proj.weight - torch.Size([384, 384]): 
The value is the same before and after calling `init_weights` of DINO  

backbone.CRFuse.ir_swin.stages.2.blocks.4.attn.w_msa.proj.bias - torch.Size([384]): 
The value is the same before and after calling `init_weights` of DINO  

backbone.CRFuse.ir_swin.stages.2.blocks.4.norm2.weight - torch.Size([384]): 
The value is the same before and after calling `init_weights` of DINO  

backbone.CRFuse.ir_swin.stages.2.blocks.4.norm2.bias - torch.Size([384]): 
The value is the same before and after calling `init_weights` of DINO  

backbone.CRFuse.ir_swin.stages.2.blocks.4.ffn.layers.0.0.weight - torch.Size([1536, 384]): 
The value is the same before and after calling `init_weights` of DINO  

backbone.CRFuse.ir_swin.stages.2.blocks.4.ffn.layers.0.0.bias - torch.Size([1536]): 
The value is the same before and after calling `init_weights` of DINO  

backbone.CRFuse.ir_swin.stages.2.blocks.4.ffn.layers.1.weight - torch.Size([384, 1536]): 
The value is the same before and after calling `init_weights` of DINO  

backbone.CRFuse.ir_swin.stages.2.blocks.4.ffn.layers.1.bias - torch.Size([384]): 
The value is the same before and after calling `init_weights` of DINO  

backbone.CRFuse.ir_swin.stages.2.blocks.5.norm1.weight - torch.Size([384]): 
The value is the same before and after calling `init_weights` of DINO  

backbone.CRFuse.ir_swin.stages.2.blocks.5.norm1.bias - torch.Size([384]): 
The value is the same before and after calling `init_weights` of DINO  

backbone.CRFuse.ir_swin.stages.2.blocks.5.attn.w_msa.relative_position_bias_table - torch.Size([169, 12]): 
The value is the same before and after calling `init_weights` of DINO  

backbone.CRFuse.ir_swin.stages.2.blocks.5.attn.w_msa.qkv.weight - torch.Size([1152, 384]): 
The value is the same before and after calling `init_weights` of DINO  

backbone.CRFuse.ir_swin.stages.2.blocks.5.attn.w_msa.qkv.bias - torch.Size([1152]): 
The value is the same before and after calling `init_weights` of DINO  

backbone.CRFuse.ir_swin.stages.2.blocks.5.attn.w_msa.proj.weight - torch.Size([384, 384]): 
The value is the same before and after calling `init_weights` of DINO  

backbone.CRFuse.ir_swin.stages.2.blocks.5.attn.w_msa.proj.bias - torch.Size([384]): 
The value is the same before and after calling `init_weights` of DINO  

backbone.CRFuse.ir_swin.stages.2.blocks.5.norm2.weight - torch.Size([384]): 
The value is the same before and after calling `init_weights` of DINO  

backbone.CRFuse.ir_swin.stages.2.blocks.5.norm2.bias - torch.Size([384]): 
The value is the same before and after calling `init_weights` of DINO  

backbone.CRFuse.ir_swin.stages.2.blocks.5.ffn.layers.0.0.weight - torch.Size([1536, 384]): 
The value is the same before and after calling `init_weights` of DINO  

backbone.CRFuse.ir_swin.stages.2.blocks.5.ffn.layers.0.0.bias - torch.Size([1536]): 
The value is the same before and after calling `init_weights` of DINO  

backbone.CRFuse.ir_swin.stages.2.blocks.5.ffn.layers.1.weight - torch.Size([384, 1536]): 
The value is the same before and after calling `init_weights` of DINO  

backbone.CRFuse.ir_swin.stages.2.blocks.5.ffn.layers.1.bias - torch.Size([384]): 
The value is the same before and after calling `init_weights` of DINO  

backbone.CRFuse.ir_swin.stages.2.blocks.6.norm1.weight - torch.Size([384]): 
The value is the same before and after calling `init_weights` of DINO  

backbone.CRFuse.ir_swin.stages.2.blocks.6.norm1.bias - torch.Size([384]): 
The value is the same before and after calling `init_weights` of DINO  

backbone.CRFuse.ir_swin.stages.2.blocks.6.attn.w_msa.relative_position_bias_table - torch.Size([169, 12]): 
The value is the same before and after calling `init_weights` of DINO  

backbone.CRFuse.ir_swin.stages.2.blocks.6.attn.w_msa.qkv.weight - torch.Size([1152, 384]): 
The value is the same before and after calling `init_weights` of DINO  

backbone.CRFuse.ir_swin.stages.2.blocks.6.attn.w_msa.qkv.bias - torch.Size([1152]): 
The value is the same before and after calling `init_weights` of DINO  

backbone.CRFuse.ir_swin.stages.2.blocks.6.attn.w_msa.proj.weight - torch.Size([384, 384]): 
The value is the same before and after calling `init_weights` of DINO  

backbone.CRFuse.ir_swin.stages.2.blocks.6.attn.w_msa.proj.bias - torch.Size([384]): 
The value is the same before and after calling `init_weights` of DINO  

backbone.CRFuse.ir_swin.stages.2.blocks.6.norm2.weight - torch.Size([384]): 
The value is the same before and after calling `init_weights` of DINO  

backbone.CRFuse.ir_swin.stages.2.blocks.6.norm2.bias - torch.Size([384]): 
The value is the same before and after calling `init_weights` of DINO  

backbone.CRFuse.ir_swin.stages.2.blocks.6.ffn.layers.0.0.weight - torch.Size([1536, 384]): 
The value is the same before and after calling `init_weights` of DINO  

backbone.CRFuse.ir_swin.stages.2.blocks.6.ffn.layers.0.0.bias - torch.Size([1536]): 
The value is the same before and after calling `init_weights` of DINO  

backbone.CRFuse.ir_swin.stages.2.blocks.6.ffn.layers.1.weight - torch.Size([384, 1536]): 
The value is the same before and after calling `init_weights` of DINO  

backbone.CRFuse.ir_swin.stages.2.blocks.6.ffn.layers.1.bias - torch.Size([384]): 
The value is the same before and after calling `init_weights` of DINO  

backbone.CRFuse.ir_swin.stages.2.blocks.7.norm1.weight - torch.Size([384]): 
The value is the same before and after calling `init_weights` of DINO  

backbone.CRFuse.ir_swin.stages.2.blocks.7.norm1.bias - torch.Size([384]): 
The value is the same before and after calling `init_weights` of DINO  

backbone.CRFuse.ir_swin.stages.2.blocks.7.attn.w_msa.relative_position_bias_table - torch.Size([169, 12]): 
The value is the same before and after calling `init_weights` of DINO  

backbone.CRFuse.ir_swin.stages.2.blocks.7.attn.w_msa.qkv.weight - torch.Size([1152, 384]): 
The value is the same before and after calling `init_weights` of DINO  

backbone.CRFuse.ir_swin.stages.2.blocks.7.attn.w_msa.qkv.bias - torch.Size([1152]): 
The value is the same before and after calling `init_weights` of DINO  

backbone.CRFuse.ir_swin.stages.2.blocks.7.attn.w_msa.proj.weight - torch.Size([384, 384]): 
The value is the same before and after calling `init_weights` of DINO  

backbone.CRFuse.ir_swin.stages.2.blocks.7.attn.w_msa.proj.bias - torch.Size([384]): 
The value is the same before and after calling `init_weights` of DINO  

backbone.CRFuse.ir_swin.stages.2.blocks.7.norm2.weight - torch.Size([384]): 
The value is the same before and after calling `init_weights` of DINO  

backbone.CRFuse.ir_swin.stages.2.blocks.7.norm2.bias - torch.Size([384]): 
The value is the same before and after calling `init_weights` of DINO  

backbone.CRFuse.ir_swin.stages.2.blocks.7.ffn.layers.0.0.weight - torch.Size([1536, 384]): 
The value is the same before and after calling `init_weights` of DINO  

backbone.CRFuse.ir_swin.stages.2.blocks.7.ffn.layers.0.0.bias - torch.Size([1536]): 
The value is the same before and after calling `init_weights` of DINO  

backbone.CRFuse.ir_swin.stages.2.blocks.7.ffn.layers.1.weight - torch.Size([384, 1536]): 
The value is the same before and after calling `init_weights` of DINO  

backbone.CRFuse.ir_swin.stages.2.blocks.7.ffn.layers.1.bias - torch.Size([384]): 
The value is the same before and after calling `init_weights` of DINO  

backbone.CRFuse.ir_swin.stages.2.blocks.8.norm1.weight - torch.Size([384]): 
The value is the same before and after calling `init_weights` of DINO  

backbone.CRFuse.ir_swin.stages.2.blocks.8.norm1.bias - torch.Size([384]): 
The value is the same before and after calling `init_weights` of DINO  

backbone.CRFuse.ir_swin.stages.2.blocks.8.attn.w_msa.relative_position_bias_table - torch.Size([169, 12]): 
The value is the same before and after calling `init_weights` of DINO  

backbone.CRFuse.ir_swin.stages.2.blocks.8.attn.w_msa.qkv.weight - torch.Size([1152, 384]): 
The value is the same before and after calling `init_weights` of DINO  

backbone.CRFuse.ir_swin.stages.2.blocks.8.attn.w_msa.qkv.bias - torch.Size([1152]): 
The value is the same before and after calling `init_weights` of DINO  

backbone.CRFuse.ir_swin.stages.2.blocks.8.attn.w_msa.proj.weight - torch.Size([384, 384]): 
The value is the same before and after calling `init_weights` of DINO  

backbone.CRFuse.ir_swin.stages.2.blocks.8.attn.w_msa.proj.bias - torch.Size([384]): 
The value is the same before and after calling `init_weights` of DINO  

backbone.CRFuse.ir_swin.stages.2.blocks.8.norm2.weight - torch.Size([384]): 
The value is the same before and after calling `init_weights` of DINO  

backbone.CRFuse.ir_swin.stages.2.blocks.8.norm2.bias - torch.Size([384]): 
The value is the same before and after calling `init_weights` of DINO  

backbone.CRFuse.ir_swin.stages.2.blocks.8.ffn.layers.0.0.weight - torch.Size([1536, 384]): 
The value is the same before and after calling `init_weights` of DINO  

backbone.CRFuse.ir_swin.stages.2.blocks.8.ffn.layers.0.0.bias - torch.Size([1536]): 
The value is the same before and after calling `init_weights` of DINO  

backbone.CRFuse.ir_swin.stages.2.blocks.8.ffn.layers.1.weight - torch.Size([384, 1536]): 
The value is the same before and after calling `init_weights` of DINO  

backbone.CRFuse.ir_swin.stages.2.blocks.8.ffn.layers.1.bias - torch.Size([384]): 
The value is the same before and after calling `init_weights` of DINO  

backbone.CRFuse.ir_swin.stages.2.blocks.9.norm1.weight - torch.Size([384]): 
The value is the same before and after calling `init_weights` of DINO  

backbone.CRFuse.ir_swin.stages.2.blocks.9.norm1.bias - torch.Size([384]): 
The value is the same before and after calling `init_weights` of DINO  

backbone.CRFuse.ir_swin.stages.2.blocks.9.attn.w_msa.relative_position_bias_table - torch.Size([169, 12]): 
The value is the same before and after calling `init_weights` of DINO  

backbone.CRFuse.ir_swin.stages.2.blocks.9.attn.w_msa.qkv.weight - torch.Size([1152, 384]): 
The value is the same before and after calling `init_weights` of DINO  

backbone.CRFuse.ir_swin.stages.2.blocks.9.attn.w_msa.qkv.bias - torch.Size([1152]): 
The value is the same before and after calling `init_weights` of DINO  

backbone.CRFuse.ir_swin.stages.2.blocks.9.attn.w_msa.proj.weight - torch.Size([384, 384]): 
The value is the same before and after calling `init_weights` of DINO  

backbone.CRFuse.ir_swin.stages.2.blocks.9.attn.w_msa.proj.bias - torch.Size([384]): 
The value is the same before and after calling `init_weights` of DINO  

backbone.CRFuse.ir_swin.stages.2.blocks.9.norm2.weight - torch.Size([384]): 
The value is the same before and after calling `init_weights` of DINO  

backbone.CRFuse.ir_swin.stages.2.blocks.9.norm2.bias - torch.Size([384]): 
The value is the same before and after calling `init_weights` of DINO  

backbone.CRFuse.ir_swin.stages.2.blocks.9.ffn.layers.0.0.weight - torch.Size([1536, 384]): 
The value is the same before and after calling `init_weights` of DINO  

backbone.CRFuse.ir_swin.stages.2.blocks.9.ffn.layers.0.0.bias - torch.Size([1536]): 
The value is the same before and after calling `init_weights` of DINO  

backbone.CRFuse.ir_swin.stages.2.blocks.9.ffn.layers.1.weight - torch.Size([384, 1536]): 
The value is the same before and after calling `init_weights` of DINO  

backbone.CRFuse.ir_swin.stages.2.blocks.9.ffn.layers.1.bias - torch.Size([384]): 
The value is the same before and after calling `init_weights` of DINO  

backbone.CRFuse.ir_swin.stages.2.blocks.10.norm1.weight - torch.Size([384]): 
The value is the same before and after calling `init_weights` of DINO  

backbone.CRFuse.ir_swin.stages.2.blocks.10.norm1.bias - torch.Size([384]): 
The value is the same before and after calling `init_weights` of DINO  

backbone.CRFuse.ir_swin.stages.2.blocks.10.attn.w_msa.relative_position_bias_table - torch.Size([169, 12]): 
The value is the same before and after calling `init_weights` of DINO  

backbone.CRFuse.ir_swin.stages.2.blocks.10.attn.w_msa.qkv.weight - torch.Size([1152, 384]): 
The value is the same before and after calling `init_weights` of DINO  

backbone.CRFuse.ir_swin.stages.2.blocks.10.attn.w_msa.qkv.bias - torch.Size([1152]): 
The value is the same before and after calling `init_weights` of DINO  

backbone.CRFuse.ir_swin.stages.2.blocks.10.attn.w_msa.proj.weight - torch.Size([384, 384]): 
The value is the same before and after calling `init_weights` of DINO  

backbone.CRFuse.ir_swin.stages.2.blocks.10.attn.w_msa.proj.bias - torch.Size([384]): 
The value is the same before and after calling `init_weights` of DINO  

backbone.CRFuse.ir_swin.stages.2.blocks.10.norm2.weight - torch.Size([384]): 
The value is the same before and after calling `init_weights` of DINO  

backbone.CRFuse.ir_swin.stages.2.blocks.10.norm2.bias - torch.Size([384]): 
The value is the same before and after calling `init_weights` of DINO  

backbone.CRFuse.ir_swin.stages.2.blocks.10.ffn.layers.0.0.weight - torch.Size([1536, 384]): 
The value is the same before and after calling `init_weights` of DINO  

backbone.CRFuse.ir_swin.stages.2.blocks.10.ffn.layers.0.0.bias - torch.Size([1536]): 
The value is the same before and after calling `init_weights` of DINO  

backbone.CRFuse.ir_swin.stages.2.blocks.10.ffn.layers.1.weight - torch.Size([384, 1536]): 
The value is the same before and after calling `init_weights` of DINO  

backbone.CRFuse.ir_swin.stages.2.blocks.10.ffn.layers.1.bias - torch.Size([384]): 
The value is the same before and after calling `init_weights` of DINO  

backbone.CRFuse.ir_swin.stages.2.blocks.11.norm1.weight - torch.Size([384]): 
The value is the same before and after calling `init_weights` of DINO  

backbone.CRFuse.ir_swin.stages.2.blocks.11.norm1.bias - torch.Size([384]): 
The value is the same before and after calling `init_weights` of DINO  

backbone.CRFuse.ir_swin.stages.2.blocks.11.attn.w_msa.relative_position_bias_table - torch.Size([169, 12]): 
The value is the same before and after calling `init_weights` of DINO  

backbone.CRFuse.ir_swin.stages.2.blocks.11.attn.w_msa.qkv.weight - torch.Size([1152, 384]): 
The value is the same before and after calling `init_weights` of DINO  

backbone.CRFuse.ir_swin.stages.2.blocks.11.attn.w_msa.qkv.bias - torch.Size([1152]): 
The value is the same before and after calling `init_weights` of DINO  

backbone.CRFuse.ir_swin.stages.2.blocks.11.attn.w_msa.proj.weight - torch.Size([384, 384]): 
The value is the same before and after calling `init_weights` of DINO  

backbone.CRFuse.ir_swin.stages.2.blocks.11.attn.w_msa.proj.bias - torch.Size([384]): 
The value is the same before and after calling `init_weights` of DINO  

backbone.CRFuse.ir_swin.stages.2.blocks.11.norm2.weight - torch.Size([384]): 
The value is the same before and after calling `init_weights` of DINO  

backbone.CRFuse.ir_swin.stages.2.blocks.11.norm2.bias - torch.Size([384]): 
The value is the same before and after calling `init_weights` of DINO  

backbone.CRFuse.ir_swin.stages.2.blocks.11.ffn.layers.0.0.weight - torch.Size([1536, 384]): 
The value is the same before and after calling `init_weights` of DINO  

backbone.CRFuse.ir_swin.stages.2.blocks.11.ffn.layers.0.0.bias - torch.Size([1536]): 
The value is the same before and after calling `init_weights` of DINO  

backbone.CRFuse.ir_swin.stages.2.blocks.11.ffn.layers.1.weight - torch.Size([384, 1536]): 
The value is the same before and after calling `init_weights` of DINO  

backbone.CRFuse.ir_swin.stages.2.blocks.11.ffn.layers.1.bias - torch.Size([384]): 
The value is the same before and after calling `init_weights` of DINO  

backbone.CRFuse.ir_swin.stages.2.blocks.12.norm1.weight - torch.Size([384]): 
The value is the same before and after calling `init_weights` of DINO  

backbone.CRFuse.ir_swin.stages.2.blocks.12.norm1.bias - torch.Size([384]): 
The value is the same before and after calling `init_weights` of DINO  

backbone.CRFuse.ir_swin.stages.2.blocks.12.attn.w_msa.relative_position_bias_table - torch.Size([169, 12]): 
The value is the same before and after calling `init_weights` of DINO  

backbone.CRFuse.ir_swin.stages.2.blocks.12.attn.w_msa.qkv.weight - torch.Size([1152, 384]): 
The value is the same before and after calling `init_weights` of DINO  

backbone.CRFuse.ir_swin.stages.2.blocks.12.attn.w_msa.qkv.bias - torch.Size([1152]): 
The value is the same before and after calling `init_weights` of DINO  

backbone.CRFuse.ir_swin.stages.2.blocks.12.attn.w_msa.proj.weight - torch.Size([384, 384]): 
The value is the same before and after calling `init_weights` of DINO  

backbone.CRFuse.ir_swin.stages.2.blocks.12.attn.w_msa.proj.bias - torch.Size([384]): 
The value is the same before and after calling `init_weights` of DINO  

backbone.CRFuse.ir_swin.stages.2.blocks.12.norm2.weight - torch.Size([384]): 
The value is the same before and after calling `init_weights` of DINO  

backbone.CRFuse.ir_swin.stages.2.blocks.12.norm2.bias - torch.Size([384]): 
The value is the same before and after calling `init_weights` of DINO  

backbone.CRFuse.ir_swin.stages.2.blocks.12.ffn.layers.0.0.weight - torch.Size([1536, 384]): 
The value is the same before and after calling `init_weights` of DINO  

backbone.CRFuse.ir_swin.stages.2.blocks.12.ffn.layers.0.0.bias - torch.Size([1536]): 
The value is the same before and after calling `init_weights` of DINO  

backbone.CRFuse.ir_swin.stages.2.blocks.12.ffn.layers.1.weight - torch.Size([384, 1536]): 
The value is the same before and after calling `init_weights` of DINO  

backbone.CRFuse.ir_swin.stages.2.blocks.12.ffn.layers.1.bias - torch.Size([384]): 
The value is the same before and after calling `init_weights` of DINO  

backbone.CRFuse.ir_swin.stages.2.blocks.13.norm1.weight - torch.Size([384]): 
The value is the same before and after calling `init_weights` of DINO  

backbone.CRFuse.ir_swin.stages.2.blocks.13.norm1.bias - torch.Size([384]): 
The value is the same before and after calling `init_weights` of DINO  

backbone.CRFuse.ir_swin.stages.2.blocks.13.attn.w_msa.relative_position_bias_table - torch.Size([169, 12]): 
The value is the same before and after calling `init_weights` of DINO  

backbone.CRFuse.ir_swin.stages.2.blocks.13.attn.w_msa.qkv.weight - torch.Size([1152, 384]): 
The value is the same before and after calling `init_weights` of DINO  

backbone.CRFuse.ir_swin.stages.2.blocks.13.attn.w_msa.qkv.bias - torch.Size([1152]): 
The value is the same before and after calling `init_weights` of DINO  

backbone.CRFuse.ir_swin.stages.2.blocks.13.attn.w_msa.proj.weight - torch.Size([384, 384]): 
The value is the same before and after calling `init_weights` of DINO  

backbone.CRFuse.ir_swin.stages.2.blocks.13.attn.w_msa.proj.bias - torch.Size([384]): 
The value is the same before and after calling `init_weights` of DINO  

backbone.CRFuse.ir_swin.stages.2.blocks.13.norm2.weight - torch.Size([384]): 
The value is the same before and after calling `init_weights` of DINO  

backbone.CRFuse.ir_swin.stages.2.blocks.13.norm2.bias - torch.Size([384]): 
The value is the same before and after calling `init_weights` of DINO  

backbone.CRFuse.ir_swin.stages.2.blocks.13.ffn.layers.0.0.weight - torch.Size([1536, 384]): 
The value is the same before and after calling `init_weights` of DINO  

backbone.CRFuse.ir_swin.stages.2.blocks.13.ffn.layers.0.0.bias - torch.Size([1536]): 
The value is the same before and after calling `init_weights` of DINO  

backbone.CRFuse.ir_swin.stages.2.blocks.13.ffn.layers.1.weight - torch.Size([384, 1536]): 
The value is the same before and after calling `init_weights` of DINO  

backbone.CRFuse.ir_swin.stages.2.blocks.13.ffn.layers.1.bias - torch.Size([384]): 
The value is the same before and after calling `init_weights` of DINO  

backbone.CRFuse.ir_swin.stages.2.blocks.14.norm1.weight - torch.Size([384]): 
The value is the same before and after calling `init_weights` of DINO  

backbone.CRFuse.ir_swin.stages.2.blocks.14.norm1.bias - torch.Size([384]): 
The value is the same before and after calling `init_weights` of DINO  

backbone.CRFuse.ir_swin.stages.2.blocks.14.attn.w_msa.relative_position_bias_table - torch.Size([169, 12]): 
The value is the same before and after calling `init_weights` of DINO  

backbone.CRFuse.ir_swin.stages.2.blocks.14.attn.w_msa.qkv.weight - torch.Size([1152, 384]): 
The value is the same before and after calling `init_weights` of DINO  

backbone.CRFuse.ir_swin.stages.2.blocks.14.attn.w_msa.qkv.bias - torch.Size([1152]): 
The value is the same before and after calling `init_weights` of DINO  

backbone.CRFuse.ir_swin.stages.2.blocks.14.attn.w_msa.proj.weight - torch.Size([384, 384]): 
The value is the same before and after calling `init_weights` of DINO  

backbone.CRFuse.ir_swin.stages.2.blocks.14.attn.w_msa.proj.bias - torch.Size([384]): 
The value is the same before and after calling `init_weights` of DINO  

backbone.CRFuse.ir_swin.stages.2.blocks.14.norm2.weight - torch.Size([384]): 
The value is the same before and after calling `init_weights` of DINO  

backbone.CRFuse.ir_swin.stages.2.blocks.14.norm2.bias - torch.Size([384]): 
The value is the same before and after calling `init_weights` of DINO  

backbone.CRFuse.ir_swin.stages.2.blocks.14.ffn.layers.0.0.weight - torch.Size([1536, 384]): 
The value is the same before and after calling `init_weights` of DINO  

backbone.CRFuse.ir_swin.stages.2.blocks.14.ffn.layers.0.0.bias - torch.Size([1536]): 
The value is the same before and after calling `init_weights` of DINO  

backbone.CRFuse.ir_swin.stages.2.blocks.14.ffn.layers.1.weight - torch.Size([384, 1536]): 
The value is the same before and after calling `init_weights` of DINO  

backbone.CRFuse.ir_swin.stages.2.blocks.14.ffn.layers.1.bias - torch.Size([384]): 
The value is the same before and after calling `init_weights` of DINO  

backbone.CRFuse.ir_swin.stages.2.blocks.15.norm1.weight - torch.Size([384]): 
The value is the same before and after calling `init_weights` of DINO  

backbone.CRFuse.ir_swin.stages.2.blocks.15.norm1.bias - torch.Size([384]): 
The value is the same before and after calling `init_weights` of DINO  

backbone.CRFuse.ir_swin.stages.2.blocks.15.attn.w_msa.relative_position_bias_table - torch.Size([169, 12]): 
The value is the same before and after calling `init_weights` of DINO  

backbone.CRFuse.ir_swin.stages.2.blocks.15.attn.w_msa.qkv.weight - torch.Size([1152, 384]): 
The value is the same before and after calling `init_weights` of DINO  

backbone.CRFuse.ir_swin.stages.2.blocks.15.attn.w_msa.qkv.bias - torch.Size([1152]): 
The value is the same before and after calling `init_weights` of DINO  

backbone.CRFuse.ir_swin.stages.2.blocks.15.attn.w_msa.proj.weight - torch.Size([384, 384]): 
The value is the same before and after calling `init_weights` of DINO  

backbone.CRFuse.ir_swin.stages.2.blocks.15.attn.w_msa.proj.bias - torch.Size([384]): 
The value is the same before and after calling `init_weights` of DINO  

backbone.CRFuse.ir_swin.stages.2.blocks.15.norm2.weight - torch.Size([384]): 
The value is the same before and after calling `init_weights` of DINO  

backbone.CRFuse.ir_swin.stages.2.blocks.15.norm2.bias - torch.Size([384]): 
The value is the same before and after calling `init_weights` of DINO  

backbone.CRFuse.ir_swin.stages.2.blocks.15.ffn.layers.0.0.weight - torch.Size([1536, 384]): 
The value is the same before and after calling `init_weights` of DINO  

backbone.CRFuse.ir_swin.stages.2.blocks.15.ffn.layers.0.0.bias - torch.Size([1536]): 
The value is the same before and after calling `init_weights` of DINO  

backbone.CRFuse.ir_swin.stages.2.blocks.15.ffn.layers.1.weight - torch.Size([384, 1536]): 
The value is the same before and after calling `init_weights` of DINO  

backbone.CRFuse.ir_swin.stages.2.blocks.15.ffn.layers.1.bias - torch.Size([384]): 
The value is the same before and after calling `init_weights` of DINO  

backbone.CRFuse.ir_swin.stages.2.blocks.16.norm1.weight - torch.Size([384]): 
The value is the same before and after calling `init_weights` of DINO  

backbone.CRFuse.ir_swin.stages.2.blocks.16.norm1.bias - torch.Size([384]): 
The value is the same before and after calling `init_weights` of DINO  

backbone.CRFuse.ir_swin.stages.2.blocks.16.attn.w_msa.relative_position_bias_table - torch.Size([169, 12]): 
The value is the same before and after calling `init_weights` of DINO  

backbone.CRFuse.ir_swin.stages.2.blocks.16.attn.w_msa.qkv.weight - torch.Size([1152, 384]): 
The value is the same before and after calling `init_weights` of DINO  

backbone.CRFuse.ir_swin.stages.2.blocks.16.attn.w_msa.qkv.bias - torch.Size([1152]): 
The value is the same before and after calling `init_weights` of DINO  

backbone.CRFuse.ir_swin.stages.2.blocks.16.attn.w_msa.proj.weight - torch.Size([384, 384]): 
The value is the same before and after calling `init_weights` of DINO  

backbone.CRFuse.ir_swin.stages.2.blocks.16.attn.w_msa.proj.bias - torch.Size([384]): 
The value is the same before and after calling `init_weights` of DINO  

backbone.CRFuse.ir_swin.stages.2.blocks.16.norm2.weight - torch.Size([384]): 
The value is the same before and after calling `init_weights` of DINO  

backbone.CRFuse.ir_swin.stages.2.blocks.16.norm2.bias - torch.Size([384]): 
The value is the same before and after calling `init_weights` of DINO  

backbone.CRFuse.ir_swin.stages.2.blocks.16.ffn.layers.0.0.weight - torch.Size([1536, 384]): 
The value is the same before and after calling `init_weights` of DINO  

backbone.CRFuse.ir_swin.stages.2.blocks.16.ffn.layers.0.0.bias - torch.Size([1536]): 
The value is the same before and after calling `init_weights` of DINO  

backbone.CRFuse.ir_swin.stages.2.blocks.16.ffn.layers.1.weight - torch.Size([384, 1536]): 
The value is the same before and after calling `init_weights` of DINO  

backbone.CRFuse.ir_swin.stages.2.blocks.16.ffn.layers.1.bias - torch.Size([384]): 
The value is the same before and after calling `init_weights` of DINO  

backbone.CRFuse.ir_swin.stages.2.blocks.17.norm1.weight - torch.Size([384]): 
The value is the same before and after calling `init_weights` of DINO  

backbone.CRFuse.ir_swin.stages.2.blocks.17.norm1.bias - torch.Size([384]): 
The value is the same before and after calling `init_weights` of DINO  

backbone.CRFuse.ir_swin.stages.2.blocks.17.attn.w_msa.relative_position_bias_table - torch.Size([169, 12]): 
The value is the same before and after calling `init_weights` of DINO  

backbone.CRFuse.ir_swin.stages.2.blocks.17.attn.w_msa.qkv.weight - torch.Size([1152, 384]): 
The value is the same before and after calling `init_weights` of DINO  

backbone.CRFuse.ir_swin.stages.2.blocks.17.attn.w_msa.qkv.bias - torch.Size([1152]): 
The value is the same before and after calling `init_weights` of DINO  

backbone.CRFuse.ir_swin.stages.2.blocks.17.attn.w_msa.proj.weight - torch.Size([384, 384]): 
The value is the same before and after calling `init_weights` of DINO  

backbone.CRFuse.ir_swin.stages.2.blocks.17.attn.w_msa.proj.bias - torch.Size([384]): 
The value is the same before and after calling `init_weights` of DINO  

backbone.CRFuse.ir_swin.stages.2.blocks.17.norm2.weight - torch.Size([384]): 
The value is the same before and after calling `init_weights` of DINO  

backbone.CRFuse.ir_swin.stages.2.blocks.17.norm2.bias - torch.Size([384]): 
The value is the same before and after calling `init_weights` of DINO  

backbone.CRFuse.ir_swin.stages.2.blocks.17.ffn.layers.0.0.weight - torch.Size([1536, 384]): 
The value is the same before and after calling `init_weights` of DINO  

backbone.CRFuse.ir_swin.stages.2.blocks.17.ffn.layers.0.0.bias - torch.Size([1536]): 
The value is the same before and after calling `init_weights` of DINO  

backbone.CRFuse.ir_swin.stages.2.blocks.17.ffn.layers.1.weight - torch.Size([384, 1536]): 
The value is the same before and after calling `init_weights` of DINO  

backbone.CRFuse.ir_swin.stages.2.blocks.17.ffn.layers.1.bias - torch.Size([384]): 
The value is the same before and after calling `init_weights` of DINO  

backbone.CRFuse.ir_swin.stages.2.downsample.norm.weight - torch.Size([1536]): 
The value is the same before and after calling `init_weights` of DINO  

backbone.CRFuse.ir_swin.stages.2.downsample.norm.bias - torch.Size([1536]): 
The value is the same before and after calling `init_weights` of DINO  

backbone.CRFuse.ir_swin.stages.2.downsample.reduction.weight - torch.Size([768, 1536]): 
The value is the same before and after calling `init_weights` of DINO  

backbone.CRFuse.ir_swin.stages.3.blocks.0.norm1.weight - torch.Size([768]): 
The value is the same before and after calling `init_weights` of DINO  

backbone.CRFuse.ir_swin.stages.3.blocks.0.norm1.bias - torch.Size([768]): 
The value is the same before and after calling `init_weights` of DINO  

backbone.CRFuse.ir_swin.stages.3.blocks.0.attn.w_msa.relative_position_bias_table - torch.Size([169, 24]): 
The value is the same before and after calling `init_weights` of DINO  

backbone.CRFuse.ir_swin.stages.3.blocks.0.attn.w_msa.qkv.weight - torch.Size([2304, 768]): 
The value is the same before and after calling `init_weights` of DINO  

backbone.CRFuse.ir_swin.stages.3.blocks.0.attn.w_msa.qkv.bias - torch.Size([2304]): 
The value is the same before and after calling `init_weights` of DINO  

backbone.CRFuse.ir_swin.stages.3.blocks.0.attn.w_msa.proj.weight - torch.Size([768, 768]): 
The value is the same before and after calling `init_weights` of DINO  

backbone.CRFuse.ir_swin.stages.3.blocks.0.attn.w_msa.proj.bias - torch.Size([768]): 
The value is the same before and after calling `init_weights` of DINO  

backbone.CRFuse.ir_swin.stages.3.blocks.0.norm2.weight - torch.Size([768]): 
The value is the same before and after calling `init_weights` of DINO  

backbone.CRFuse.ir_swin.stages.3.blocks.0.norm2.bias - torch.Size([768]): 
The value is the same before and after calling `init_weights` of DINO  

backbone.CRFuse.ir_swin.stages.3.blocks.0.ffn.layers.0.0.weight - torch.Size([3072, 768]): 
The value is the same before and after calling `init_weights` of DINO  

backbone.CRFuse.ir_swin.stages.3.blocks.0.ffn.layers.0.0.bias - torch.Size([3072]): 
The value is the same before and after calling `init_weights` of DINO  

backbone.CRFuse.ir_swin.stages.3.blocks.0.ffn.layers.1.weight - torch.Size([768, 3072]): 
The value is the same before and after calling `init_weights` of DINO  

backbone.CRFuse.ir_swin.stages.3.blocks.0.ffn.layers.1.bias - torch.Size([768]): 
The value is the same before and after calling `init_weights` of DINO  

backbone.CRFuse.ir_swin.stages.3.blocks.1.norm1.weight - torch.Size([768]): 
The value is the same before and after calling `init_weights` of DINO  

backbone.CRFuse.ir_swin.stages.3.blocks.1.norm1.bias - torch.Size([768]): 
The value is the same before and after calling `init_weights` of DINO  

backbone.CRFuse.ir_swin.stages.3.blocks.1.attn.w_msa.relative_position_bias_table - torch.Size([169, 24]): 
The value is the same before and after calling `init_weights` of DINO  

backbone.CRFuse.ir_swin.stages.3.blocks.1.attn.w_msa.qkv.weight - torch.Size([2304, 768]): 
The value is the same before and after calling `init_weights` of DINO  

backbone.CRFuse.ir_swin.stages.3.blocks.1.attn.w_msa.qkv.bias - torch.Size([2304]): 
The value is the same before and after calling `init_weights` of DINO  

backbone.CRFuse.ir_swin.stages.3.blocks.1.attn.w_msa.proj.weight - torch.Size([768, 768]): 
The value is the same before and after calling `init_weights` of DINO  

backbone.CRFuse.ir_swin.stages.3.blocks.1.attn.w_msa.proj.bias - torch.Size([768]): 
The value is the same before and after calling `init_weights` of DINO  

backbone.CRFuse.ir_swin.stages.3.blocks.1.norm2.weight - torch.Size([768]): 
The value is the same before and after calling `init_weights` of DINO  

backbone.CRFuse.ir_swin.stages.3.blocks.1.norm2.bias - torch.Size([768]): 
The value is the same before and after calling `init_weights` of DINO  

backbone.CRFuse.ir_swin.stages.3.blocks.1.ffn.layers.0.0.weight - torch.Size([3072, 768]): 
The value is the same before and after calling `init_weights` of DINO  

backbone.CRFuse.ir_swin.stages.3.blocks.1.ffn.layers.0.0.bias - torch.Size([3072]): 
The value is the same before and after calling `init_weights` of DINO  

backbone.CRFuse.ir_swin.stages.3.blocks.1.ffn.layers.1.weight - torch.Size([768, 3072]): 
The value is the same before and after calling `init_weights` of DINO  

backbone.CRFuse.ir_swin.stages.3.blocks.1.ffn.layers.1.bias - torch.Size([768]): 
The value is the same before and after calling `init_weights` of DINO  

backbone.CRFuse.ir_swin.norm0.weight - torch.Size([96]): 
The value is the same before and after calling `init_weights` of DINO  

backbone.CRFuse.ir_swin.norm0.bias - torch.Size([96]): 
The value is the same before and after calling `init_weights` of DINO  

backbone.CRFuse.ir_swin.norm1.weight - torch.Size([192]): 
The value is the same before and after calling `init_weights` of DINO  

backbone.CRFuse.ir_swin.norm1.bias - torch.Size([192]): 
The value is the same before and after calling `init_weights` of DINO  

backbone.CRFuse.ir_swin.norm2.weight - torch.Size([384]): 
The value is the same before and after calling `init_weights` of DINO  

backbone.CRFuse.ir_swin.norm2.bias - torch.Size([384]): 
The value is the same before and after calling `init_weights` of DINO  

backbone.CRFuse.ir_swin.norm3.weight - torch.Size([768]): 
The value is the same before and after calling `init_weights` of DINO  

backbone.CRFuse.ir_swin.norm3.bias - torch.Size([768]): 
The value is the same before and after calling `init_weights` of DINO  

backbone.CRFuse.downsample.0.norm.weight - torch.Size([384]): 
The value is the same before and after calling `init_weights` of DINO  

backbone.CRFuse.downsample.0.norm.bias - torch.Size([384]): 
The value is the same before and after calling `init_weights` of DINO  

backbone.CRFuse.downsample.0.reduction.weight - torch.Size([192, 384]): 
The value is the same before and after calling `init_weights` of DINO  

backbone.CRFuse.downsample.1.norm.weight - torch.Size([768]): 
The value is the same before and after calling `init_weights` of DINO  

backbone.CRFuse.downsample.1.norm.bias - torch.Size([768]): 
The value is the same before and after calling `init_weights` of DINO  

backbone.CRFuse.downsample.1.reduction.weight - torch.Size([384, 768]): 
The value is the same before and after calling `init_weights` of DINO  

backbone.CRFuse.downsample.2.norm.weight - torch.Size([1536]): 
The value is the same before and after calling `init_weights` of DINO  

backbone.CRFuse.downsample.2.norm.bias - torch.Size([1536]): 
The value is the same before and after calling `init_weights` of DINO  

backbone.CRFuse.downsample.2.reduction.weight - torch.Size([768, 1536]): 
The value is the same before and after calling `init_weights` of DINO  

backbone.CRFuse.downsample.3.norm.weight - torch.Size([3072]): 
The value is the same before and after calling `init_weights` of DINO  

backbone.CRFuse.downsample.3.norm.bias - torch.Size([3072]): 
The value is the same before and after calling `init_weights` of DINO  

backbone.CRFuse.downsample.3.reduction.weight - torch.Size([1536, 3072]): 
The value is the same before and after calling `init_weights` of DINO  

backbone.CRFuse.qkv.0.weight - torch.Size([288, 96]): 
The value is the same before and after calling `init_weights` of DINO  

backbone.CRFuse.qkv.0.bias - torch.Size([288]): 
The value is the same before and after calling `init_weights` of DINO  

backbone.CRFuse.qkv.1.weight - torch.Size([576, 192]): 
The value is the same before and after calling `init_weights` of DINO  

backbone.CRFuse.qkv.1.bias - torch.Size([576]): 
The value is the same before and after calling `init_weights` of DINO  

backbone.CRFuse.qkv.2.weight - torch.Size([1152, 384]): 
The value is the same before and after calling `init_weights` of DINO  

backbone.CRFuse.qkv.2.bias - torch.Size([1152]): 
The value is the same before and after calling `init_weights` of DINO  

backbone.CRFuse.qkv.3.weight - torch.Size([2304, 768]): 
The value is the same before and after calling `init_weights` of DINO  

backbone.CRFuse.qkv.3.bias - torch.Size([2304]): 
The value is the same before and after calling `init_weights` of DINO  

backbone.CRFuse.proj.0.weight - torch.Size([96, 96]): 
The value is the same before and after calling `init_weights` of DINO  

backbone.CRFuse.proj.0.bias - torch.Size([96]): 
The value is the same before and after calling `init_weights` of DINO  

backbone.CRFuse.proj.1.weight - torch.Size([192, 192]): 
The value is the same before and after calling `init_weights` of DINO  

backbone.CRFuse.proj.1.bias - torch.Size([192]): 
The value is the same before and after calling `init_weights` of DINO  

backbone.CRFuse.proj.2.weight - torch.Size([384, 384]): 
The value is the same before and after calling `init_weights` of DINO  

backbone.CRFuse.proj.2.bias - torch.Size([384]): 
The value is the same before and after calling `init_weights` of DINO  

backbone.CRFuse.proj.3.weight - torch.Size([768, 768]): 
The value is the same before and after calling `init_weights` of DINO  

backbone.CRFuse.proj.3.bias - torch.Size([768]): 
The value is the same before and after calling `init_weights` of DINO  

backbone.CRFuse.dual_attn.q_main.0.weight - torch.Size([96, 96]): 
The value is the same before and after calling `init_weights` of DINO  

backbone.CRFuse.dual_attn.q_main.0.bias - torch.Size([96]): 
The value is the same before and after calling `init_weights` of DINO  

backbone.CRFuse.dual_attn.q_main.1.weight - torch.Size([192, 192]): 
The value is the same before and after calling `init_weights` of DINO  

backbone.CRFuse.dual_attn.q_main.1.bias - torch.Size([192]): 
The value is the same before and after calling `init_weights` of DINO  

backbone.CRFuse.dual_attn.q_main.2.weight - torch.Size([384, 384]): 
The value is the same before and after calling `init_weights` of DINO  

backbone.CRFuse.dual_attn.q_main.2.bias - torch.Size([384]): 
The value is the same before and after calling `init_weights` of DINO  

backbone.CRFuse.dual_attn.q_main.3.weight - torch.Size([768, 768]): 
The value is the same before and after calling `init_weights` of DINO  

backbone.CRFuse.dual_attn.q_main.3.bias - torch.Size([768]): 
The value is the same before and after calling `init_weights` of DINO  

backbone.CRFuse.dual_attn.k_main.0.weight - torch.Size([96, 96]): 
The value is the same before and after calling `init_weights` of DINO  

backbone.CRFuse.dual_attn.k_main.0.bias - torch.Size([96]): 
The value is the same before and after calling `init_weights` of DINO  

backbone.CRFuse.dual_attn.k_main.1.weight - torch.Size([192, 192]): 
The value is the same before and after calling `init_weights` of DINO  

backbone.CRFuse.dual_attn.k_main.1.bias - torch.Size([192]): 
The value is the same before and after calling `init_weights` of DINO  

backbone.CRFuse.dual_attn.k_main.2.weight - torch.Size([384, 384]): 
The value is the same before and after calling `init_weights` of DINO  

backbone.CRFuse.dual_attn.k_main.2.bias - torch.Size([384]): 
The value is the same before and after calling `init_weights` of DINO  

backbone.CRFuse.dual_attn.k_main.3.weight - torch.Size([768, 768]): 
The value is the same before and after calling `init_weights` of DINO  

backbone.CRFuse.dual_attn.k_main.3.bias - torch.Size([768]): 
The value is the same before and after calling `init_weights` of DINO  

backbone.CRFuse.dual_attn.v_main.0.weight - torch.Size([96, 96]): 
The value is the same before and after calling `init_weights` of DINO  

backbone.CRFuse.dual_attn.v_main.0.bias - torch.Size([96]): 
The value is the same before and after calling `init_weights` of DINO  

backbone.CRFuse.dual_attn.v_main.1.weight - torch.Size([192, 192]): 
The value is the same before and after calling `init_weights` of DINO  

backbone.CRFuse.dual_attn.v_main.1.bias - torch.Size([192]): 
The value is the same before and after calling `init_weights` of DINO  

backbone.CRFuse.dual_attn.v_main.2.weight - torch.Size([384, 384]): 
The value is the same before and after calling `init_weights` of DINO  

backbone.CRFuse.dual_attn.v_main.2.bias - torch.Size([384]): 
The value is the same before and after calling `init_weights` of DINO  

backbone.CRFuse.dual_attn.v_main.3.weight - torch.Size([768, 768]): 
The value is the same before and after calling `init_weights` of DINO  

backbone.CRFuse.dual_attn.v_main.3.bias - torch.Size([768]): 
The value is the same before and after calling `init_weights` of DINO  

backbone.CRFuse.dual_attn.k_aux.0.weight - torch.Size([96, 96]): 
The value is the same before and after calling `init_weights` of DINO  

backbone.CRFuse.dual_attn.k_aux.0.bias - torch.Size([96]): 
The value is the same before and after calling `init_weights` of DINO  

backbone.CRFuse.dual_attn.k_aux.1.weight - torch.Size([192, 192]): 
The value is the same before and after calling `init_weights` of DINO  

backbone.CRFuse.dual_attn.k_aux.1.bias - torch.Size([192]): 
The value is the same before and after calling `init_weights` of DINO  

backbone.CRFuse.dual_attn.k_aux.2.weight - torch.Size([384, 384]): 
The value is the same before and after calling `init_weights` of DINO  

backbone.CRFuse.dual_attn.k_aux.2.bias - torch.Size([384]): 
The value is the same before and after calling `init_weights` of DINO  

backbone.CRFuse.dual_attn.k_aux.3.weight - torch.Size([768, 768]): 
The value is the same before and after calling `init_weights` of DINO  

backbone.CRFuse.dual_attn.k_aux.3.bias - torch.Size([768]): 
The value is the same before and after calling `init_weights` of DINO  

backbone.CRFuse.dual_attn.v_aux.0.weight - torch.Size([96, 96]): 
The value is the same before and after calling `init_weights` of DINO  

backbone.CRFuse.dual_attn.v_aux.0.bias - torch.Size([96]): 
The value is the same before and after calling `init_weights` of DINO  

backbone.CRFuse.dual_attn.v_aux.1.weight - torch.Size([192, 192]): 
The value is the same before and after calling `init_weights` of DINO  

backbone.CRFuse.dual_attn.v_aux.1.bias - torch.Size([192]): 
The value is the same before and after calling `init_weights` of DINO  

backbone.CRFuse.dual_attn.v_aux.2.weight - torch.Size([384, 384]): 
The value is the same before and after calling `init_weights` of DINO  

backbone.CRFuse.dual_attn.v_aux.2.bias - torch.Size([384]): 
The value is the same before and after calling `init_weights` of DINO  

backbone.CRFuse.dual_attn.v_aux.3.weight - torch.Size([768, 768]): 
The value is the same before and after calling `init_weights` of DINO  

backbone.CRFuse.dual_attn.v_aux.3.bias - torch.Size([768]): 
The value is the same before and after calling `init_weights` of DINO  

backbone.CRFuse.dual_attn.out_proj.0.weight - torch.Size([96, 96]): 
The value is the same before and after calling `init_weights` of DINO  

backbone.CRFuse.dual_attn.out_proj.0.bias - torch.Size([96]): 
The value is the same before and after calling `init_weights` of DINO  

backbone.CRFuse.dual_attn.out_proj.1.weight - torch.Size([192, 192]): 
The value is the same before and after calling `init_weights` of DINO  

backbone.CRFuse.dual_attn.out_proj.1.bias - torch.Size([192]): 
The value is the same before and after calling `init_weights` of DINO  

backbone.CRFuse.dual_attn.out_proj.2.weight - torch.Size([384, 384]): 
The value is the same before and after calling `init_weights` of DINO  

backbone.CRFuse.dual_attn.out_proj.2.bias - torch.Size([384]): 
The value is the same before and after calling `init_weights` of DINO  

backbone.CRFuse.dual_attn.out_proj.3.weight - torch.Size([768, 768]): 
The value is the same before and after calling `init_weights` of DINO  

backbone.CRFuse.dual_attn.out_proj.3.bias - torch.Size([768]): 
The value is the same before and after calling `init_weights` of DINO  

backbone.CRFuse.dual_attn.norm.0.weight - torch.Size([96]): 
The value is the same before and after calling `init_weights` of DINO  

backbone.CRFuse.dual_attn.norm.0.bias - torch.Size([96]): 
The value is the same before and after calling `init_weights` of DINO  

backbone.CRFuse.dual_attn.norm.1.weight - torch.Size([192]): 
The value is the same before and after calling `init_weights` of DINO  

backbone.CRFuse.dual_attn.norm.1.bias - torch.Size([192]): 
The value is the same before and after calling `init_weights` of DINO  

backbone.CRFuse.dual_attn.norm.2.weight - torch.Size([384]): 
The value is the same before and after calling `init_weights` of DINO  

backbone.CRFuse.dual_attn.norm.2.bias - torch.Size([384]): 
The value is the same before and after calling `init_weights` of DINO  

backbone.CRFuse.dual_attn.norm.3.weight - torch.Size([768]): 
The value is the same before and after calling `init_weights` of DINO  

backbone.CRFuse.dual_attn.norm.3.bias - torch.Size([768]): 
The value is the same before and after calling `init_weights` of DINO  

neck.RGB_CBAM.0.ca.shared_MLP.0.weight - torch.Size([6, 96, 1, 1]): 
The value is the same before and after calling `init_weights` of DINO  

neck.RGB_CBAM.0.ca.shared_MLP.2.weight - torch.Size([96, 6, 1, 1]): 
The value is the same before and after calling `init_weights` of DINO  

neck.RGB_CBAM.0.sa.conv1.weight - torch.Size([1, 2, 7, 7]): 
The value is the same before and after calling `init_weights` of DINO  

neck.RGB_CBAM.1.ca.shared_MLP.0.weight - torch.Size([12, 192, 1, 1]): 
The value is the same before and after calling `init_weights` of DINO  

neck.RGB_CBAM.1.ca.shared_MLP.2.weight - torch.Size([192, 12, 1, 1]): 
The value is the same before and after calling `init_weights` of DINO  

neck.RGB_CBAM.1.sa.conv1.weight - torch.Size([1, 2, 7, 7]): 
The value is the same before and after calling `init_weights` of DINO  

neck.RGB_CBAM.2.ca.shared_MLP.0.weight - torch.Size([24, 384, 1, 1]): 
The value is the same before and after calling `init_weights` of DINO  

neck.RGB_CBAM.2.ca.shared_MLP.2.weight - torch.Size([384, 24, 1, 1]): 
The value is the same before and after calling `init_weights` of DINO  

neck.RGB_CBAM.2.sa.conv1.weight - torch.Size([1, 2, 7, 7]): 
The value is the same before and after calling `init_weights` of DINO  

neck.RGB_CBAM.3.ca.shared_MLP.0.weight - torch.Size([48, 768, 1, 1]): 
The value is the same before and after calling `init_weights` of DINO  

neck.RGB_CBAM.3.ca.shared_MLP.2.weight - torch.Size([768, 48, 1, 1]): 
The value is the same before and after calling `init_weights` of DINO  

neck.RGB_CBAM.3.sa.conv1.weight - torch.Size([1, 2, 7, 7]): 
The value is the same before and after calling `init_weights` of DINO  

neck.IR_CBAM.0.ca.shared_MLP.0.weight - torch.Size([6, 96, 1, 1]): 
The value is the same before and after calling `init_weights` of DINO  

neck.IR_CBAM.0.ca.shared_MLP.2.weight - torch.Size([96, 6, 1, 1]): 
The value is the same before and after calling `init_weights` of DINO  

neck.IR_CBAM.0.sa.conv1.weight - torch.Size([1, 2, 7, 7]): 
The value is the same before and after calling `init_weights` of DINO  

neck.IR_CBAM.1.ca.shared_MLP.0.weight - torch.Size([12, 192, 1, 1]): 
The value is the same before and after calling `init_weights` of DINO  

neck.IR_CBAM.1.ca.shared_MLP.2.weight - torch.Size([192, 12, 1, 1]): 
The value is the same before and after calling `init_weights` of DINO  

neck.IR_CBAM.1.sa.conv1.weight - torch.Size([1, 2, 7, 7]): 
The value is the same before and after calling `init_weights` of DINO  

neck.IR_CBAM.2.ca.shared_MLP.0.weight - torch.Size([24, 384, 1, 1]): 
The value is the same before and after calling `init_weights` of DINO  

neck.IR_CBAM.2.ca.shared_MLP.2.weight - torch.Size([384, 24, 1, 1]): 
The value is the same before and after calling `init_weights` of DINO  

neck.IR_CBAM.2.sa.conv1.weight - torch.Size([1, 2, 7, 7]): 
The value is the same before and after calling `init_weights` of DINO  

neck.IR_CBAM.3.ca.shared_MLP.0.weight - torch.Size([48, 768, 1, 1]): 
The value is the same before and after calling `init_weights` of DINO  

neck.IR_CBAM.3.ca.shared_MLP.2.weight - torch.Size([768, 48, 1, 1]): 
The value is the same before and after calling `init_weights` of DINO  

neck.IR_CBAM.3.sa.conv1.weight - torch.Size([1, 2, 7, 7]): 
The value is the same before and after calling `init_weights` of DINO  

neck.rgb_fpn.reduce_layers.0.conv.weight - torch.Size([384, 768, 1, 1]): 
KaimingInit: a=2.23606797749979, mode=fan_in, nonlinearity=leaky_relu, distribution =uniform, bias=0 

neck.rgb_fpn.reduce_layers.0.bn.weight - torch.Size([384]): 
The value is the same before and after calling `init_weights` of DINO  

neck.rgb_fpn.reduce_layers.0.bn.bias - torch.Size([384]): 
The value is the same before and after calling `init_weights` of DINO  

neck.rgb_fpn.reduce_layers.1.conv.weight - torch.Size([192, 384, 1, 1]): 
KaimingInit: a=2.23606797749979, mode=fan_in, nonlinearity=leaky_relu, distribution =uniform, bias=0 

neck.rgb_fpn.reduce_layers.1.bn.weight - torch.Size([192]): 
The value is the same before and after calling `init_weights` of DINO  

neck.rgb_fpn.reduce_layers.1.bn.bias - torch.Size([192]): 
The value is the same before and after calling `init_weights` of DINO  

neck.rgb_fpn.reduce_layers.2.conv.weight - torch.Size([96, 192, 1, 1]): 
KaimingInit: a=2.23606797749979, mode=fan_in, nonlinearity=leaky_relu, distribution =uniform, bias=0 

neck.rgb_fpn.reduce_layers.2.bn.weight - torch.Size([96]): 
The value is the same before and after calling `init_weights` of DINO  

neck.rgb_fpn.reduce_layers.2.bn.bias - torch.Size([96]): 
The value is the same before and after calling `init_weights` of DINO  

neck.rgb_fpn.top_down_blocks.0.main_conv.conv.weight - torch.Size([192, 768, 1, 1]): 
KaimingInit: a=2.23606797749979, mode=fan_in, nonlinearity=leaky_relu, distribution =uniform, bias=0 

neck.rgb_fpn.top_down_blocks.0.main_conv.bn.weight - torch.Size([192]): 
The value is the same before and after calling `init_weights` of DINO  

neck.rgb_fpn.top_down_blocks.0.main_conv.bn.bias - torch.Size([192]): 
The value is the same before and after calling `init_weights` of DINO  

neck.rgb_fpn.top_down_blocks.0.short_conv.conv.weight - torch.Size([192, 768, 1, 1]): 
KaimingInit: a=2.23606797749979, mode=fan_in, nonlinearity=leaky_relu, distribution =uniform, bias=0 

neck.rgb_fpn.top_down_blocks.0.short_conv.bn.weight - torch.Size([192]): 
The value is the same before and after calling `init_weights` of DINO  

neck.rgb_fpn.top_down_blocks.0.short_conv.bn.bias - torch.Size([192]): 
The value is the same before and after calling `init_weights` of DINO  

neck.rgb_fpn.top_down_blocks.0.final_conv.conv.weight - torch.Size([384, 384, 1, 1]): 
KaimingInit: a=2.23606797749979, mode=fan_in, nonlinearity=leaky_relu, distribution =uniform, bias=0 

neck.rgb_fpn.top_down_blocks.0.final_conv.bn.weight - torch.Size([384]): 
The value is the same before and after calling `init_weights` of DINO  

neck.rgb_fpn.top_down_blocks.0.final_conv.bn.bias - torch.Size([384]): 
The value is the same before and after calling `init_weights` of DINO  

neck.rgb_fpn.top_down_blocks.0.blocks.0.conv1.conv.weight - torch.Size([192, 192, 1, 1]): 
KaimingInit: a=2.23606797749979, mode=fan_in, nonlinearity=leaky_relu, distribution =uniform, bias=0 

neck.rgb_fpn.top_down_blocks.0.blocks.0.conv1.bn.weight - torch.Size([192]): 
The value is the same before and after calling `init_weights` of DINO  

neck.rgb_fpn.top_down_blocks.0.blocks.0.conv1.bn.bias - torch.Size([192]): 
The value is the same before and after calling `init_weights` of DINO  

neck.rgb_fpn.top_down_blocks.0.blocks.0.conv2.conv.weight - torch.Size([192, 192, 3, 3]): 
KaimingInit: a=2.23606797749979, mode=fan_in, nonlinearity=leaky_relu, distribution =uniform, bias=0 

neck.rgb_fpn.top_down_blocks.0.blocks.0.conv2.bn.weight - torch.Size([192]): 
The value is the same before and after calling `init_weights` of DINO  

neck.rgb_fpn.top_down_blocks.0.blocks.0.conv2.bn.bias - torch.Size([192]): 
The value is the same before and after calling `init_weights` of DINO  

neck.rgb_fpn.top_down_blocks.0.blocks.1.conv1.conv.weight - torch.Size([192, 192, 1, 1]): 
KaimingInit: a=2.23606797749979, mode=fan_in, nonlinearity=leaky_relu, distribution =uniform, bias=0 

neck.rgb_fpn.top_down_blocks.0.blocks.1.conv1.bn.weight - torch.Size([192]): 
The value is the same before and after calling `init_weights` of DINO  

neck.rgb_fpn.top_down_blocks.0.blocks.1.conv1.bn.bias - torch.Size([192]): 
The value is the same before and after calling `init_weights` of DINO  

neck.rgb_fpn.top_down_blocks.0.blocks.1.conv2.conv.weight - torch.Size([192, 192, 3, 3]): 
KaimingInit: a=2.23606797749979, mode=fan_in, nonlinearity=leaky_relu, distribution =uniform, bias=0 

neck.rgb_fpn.top_down_blocks.0.blocks.1.conv2.bn.weight - torch.Size([192]): 
The value is the same before and after calling `init_weights` of DINO  

neck.rgb_fpn.top_down_blocks.0.blocks.1.conv2.bn.bias - torch.Size([192]): 
The value is the same before and after calling `init_weights` of DINO  

neck.rgb_fpn.top_down_blocks.0.blocks.2.conv1.conv.weight - torch.Size([192, 192, 1, 1]): 
KaimingInit: a=2.23606797749979, mode=fan_in, nonlinearity=leaky_relu, distribution =uniform, bias=0 

neck.rgb_fpn.top_down_blocks.0.blocks.2.conv1.bn.weight - torch.Size([192]): 
The value is the same before and after calling `init_weights` of DINO  

neck.rgb_fpn.top_down_blocks.0.blocks.2.conv1.bn.bias - torch.Size([192]): 
The value is the same before and after calling `init_weights` of DINO  

neck.rgb_fpn.top_down_blocks.0.blocks.2.conv2.conv.weight - torch.Size([192, 192, 3, 3]): 
KaimingInit: a=2.23606797749979, mode=fan_in, nonlinearity=leaky_relu, distribution =uniform, bias=0 

neck.rgb_fpn.top_down_blocks.0.blocks.2.conv2.bn.weight - torch.Size([192]): 
The value is the same before and after calling `init_weights` of DINO  

neck.rgb_fpn.top_down_blocks.0.blocks.2.conv2.bn.bias - torch.Size([192]): 
The value is the same before and after calling `init_weights` of DINO  

neck.rgb_fpn.top_down_blocks.0.blocks.3.conv1.conv.weight - torch.Size([192, 192, 1, 1]): 
KaimingInit: a=2.23606797749979, mode=fan_in, nonlinearity=leaky_relu, distribution =uniform, bias=0 

neck.rgb_fpn.top_down_blocks.0.blocks.3.conv1.bn.weight - torch.Size([192]): 
The value is the same before and after calling `init_weights` of DINO  

neck.rgb_fpn.top_down_blocks.0.blocks.3.conv1.bn.bias - torch.Size([192]): 
The value is the same before and after calling `init_weights` of DINO  

neck.rgb_fpn.top_down_blocks.0.blocks.3.conv2.conv.weight - torch.Size([192, 192, 3, 3]): 
KaimingInit: a=2.23606797749979, mode=fan_in, nonlinearity=leaky_relu, distribution =uniform, bias=0 

neck.rgb_fpn.top_down_blocks.0.blocks.3.conv2.bn.weight - torch.Size([192]): 
The value is the same before and after calling `init_weights` of DINO  

neck.rgb_fpn.top_down_blocks.0.blocks.3.conv2.bn.bias - torch.Size([192]): 
The value is the same before and after calling `init_weights` of DINO  

neck.rgb_fpn.top_down_blocks.1.main_conv.conv.weight - torch.Size([96, 384, 1, 1]): 
KaimingInit: a=2.23606797749979, mode=fan_in, nonlinearity=leaky_relu, distribution =uniform, bias=0 

neck.rgb_fpn.top_down_blocks.1.main_conv.bn.weight - torch.Size([96]): 
The value is the same before and after calling `init_weights` of DINO  

neck.rgb_fpn.top_down_blocks.1.main_conv.bn.bias - torch.Size([96]): 
The value is the same before and after calling `init_weights` of DINO  

neck.rgb_fpn.top_down_blocks.1.short_conv.conv.weight - torch.Size([96, 384, 1, 1]): 
KaimingInit: a=2.23606797749979, mode=fan_in, nonlinearity=leaky_relu, distribution =uniform, bias=0 

neck.rgb_fpn.top_down_blocks.1.short_conv.bn.weight - torch.Size([96]): 
The value is the same before and after calling `init_weights` of DINO  

neck.rgb_fpn.top_down_blocks.1.short_conv.bn.bias - torch.Size([96]): 
The value is the same before and after calling `init_weights` of DINO  

neck.rgb_fpn.top_down_blocks.1.final_conv.conv.weight - torch.Size([192, 192, 1, 1]): 
KaimingInit: a=2.23606797749979, mode=fan_in, nonlinearity=leaky_relu, distribution =uniform, bias=0 

neck.rgb_fpn.top_down_blocks.1.final_conv.bn.weight - torch.Size([192]): 
The value is the same before and after calling `init_weights` of DINO  

neck.rgb_fpn.top_down_blocks.1.final_conv.bn.bias - torch.Size([192]): 
The value is the same before and after calling `init_weights` of DINO  

neck.rgb_fpn.top_down_blocks.1.blocks.0.conv1.conv.weight - torch.Size([96, 96, 1, 1]): 
KaimingInit: a=2.23606797749979, mode=fan_in, nonlinearity=leaky_relu, distribution =uniform, bias=0 

neck.rgb_fpn.top_down_blocks.1.blocks.0.conv1.bn.weight - torch.Size([96]): 
The value is the same before and after calling `init_weights` of DINO  

neck.rgb_fpn.top_down_blocks.1.blocks.0.conv1.bn.bias - torch.Size([96]): 
The value is the same before and after calling `init_weights` of DINO  

neck.rgb_fpn.top_down_blocks.1.blocks.0.conv2.conv.weight - torch.Size([96, 96, 3, 3]): 
KaimingInit: a=2.23606797749979, mode=fan_in, nonlinearity=leaky_relu, distribution =uniform, bias=0 

neck.rgb_fpn.top_down_blocks.1.blocks.0.conv2.bn.weight - torch.Size([96]): 
The value is the same before and after calling `init_weights` of DINO  

neck.rgb_fpn.top_down_blocks.1.blocks.0.conv2.bn.bias - torch.Size([96]): 
The value is the same before and after calling `init_weights` of DINO  

neck.rgb_fpn.top_down_blocks.1.blocks.1.conv1.conv.weight - torch.Size([96, 96, 1, 1]): 
KaimingInit: a=2.23606797749979, mode=fan_in, nonlinearity=leaky_relu, distribution =uniform, bias=0 

neck.rgb_fpn.top_down_blocks.1.blocks.1.conv1.bn.weight - torch.Size([96]): 
The value is the same before and after calling `init_weights` of DINO  

neck.rgb_fpn.top_down_blocks.1.blocks.1.conv1.bn.bias - torch.Size([96]): 
The value is the same before and after calling `init_weights` of DINO  

neck.rgb_fpn.top_down_blocks.1.blocks.1.conv2.conv.weight - torch.Size([96, 96, 3, 3]): 
KaimingInit: a=2.23606797749979, mode=fan_in, nonlinearity=leaky_relu, distribution =uniform, bias=0 

neck.rgb_fpn.top_down_blocks.1.blocks.1.conv2.bn.weight - torch.Size([96]): 
The value is the same before and after calling `init_weights` of DINO  

neck.rgb_fpn.top_down_blocks.1.blocks.1.conv2.bn.bias - torch.Size([96]): 
The value is the same before and after calling `init_weights` of DINO  

neck.rgb_fpn.top_down_blocks.1.blocks.2.conv1.conv.weight - torch.Size([96, 96, 1, 1]): 
KaimingInit: a=2.23606797749979, mode=fan_in, nonlinearity=leaky_relu, distribution =uniform, bias=0 

neck.rgb_fpn.top_down_blocks.1.blocks.2.conv1.bn.weight - torch.Size([96]): 
The value is the same before and after calling `init_weights` of DINO  

neck.rgb_fpn.top_down_blocks.1.blocks.2.conv1.bn.bias - torch.Size([96]): 
The value is the same before and after calling `init_weights` of DINO  

neck.rgb_fpn.top_down_blocks.1.blocks.2.conv2.conv.weight - torch.Size([96, 96, 3, 3]): 
KaimingInit: a=2.23606797749979, mode=fan_in, nonlinearity=leaky_relu, distribution =uniform, bias=0 

neck.rgb_fpn.top_down_blocks.1.blocks.2.conv2.bn.weight - torch.Size([96]): 
The value is the same before and after calling `init_weights` of DINO  

neck.rgb_fpn.top_down_blocks.1.blocks.2.conv2.bn.bias - torch.Size([96]): 
The value is the same before and after calling `init_weights` of DINO  

neck.rgb_fpn.top_down_blocks.1.blocks.3.conv1.conv.weight - torch.Size([96, 96, 1, 1]): 
KaimingInit: a=2.23606797749979, mode=fan_in, nonlinearity=leaky_relu, distribution =uniform, bias=0 

neck.rgb_fpn.top_down_blocks.1.blocks.3.conv1.bn.weight - torch.Size([96]): 
The value is the same before and after calling `init_weights` of DINO  

neck.rgb_fpn.top_down_blocks.1.blocks.3.conv1.bn.bias - torch.Size([96]): 
The value is the same before and after calling `init_weights` of DINO  

neck.rgb_fpn.top_down_blocks.1.blocks.3.conv2.conv.weight - torch.Size([96, 96, 3, 3]): 
KaimingInit: a=2.23606797749979, mode=fan_in, nonlinearity=leaky_relu, distribution =uniform, bias=0 

neck.rgb_fpn.top_down_blocks.1.blocks.3.conv2.bn.weight - torch.Size([96]): 
The value is the same before and after calling `init_weights` of DINO  

neck.rgb_fpn.top_down_blocks.1.blocks.3.conv2.bn.bias - torch.Size([96]): 
The value is the same before and after calling `init_weights` of DINO  

neck.rgb_fpn.top_down_blocks.2.main_conv.conv.weight - torch.Size([48, 192, 1, 1]): 
KaimingInit: a=2.23606797749979, mode=fan_in, nonlinearity=leaky_relu, distribution =uniform, bias=0 

neck.rgb_fpn.top_down_blocks.2.main_conv.bn.weight - torch.Size([48]): 
The value is the same before and after calling `init_weights` of DINO  

neck.rgb_fpn.top_down_blocks.2.main_conv.bn.bias - torch.Size([48]): 
The value is the same before and after calling `init_weights` of DINO  

neck.rgb_fpn.top_down_blocks.2.short_conv.conv.weight - torch.Size([48, 192, 1, 1]): 
KaimingInit: a=2.23606797749979, mode=fan_in, nonlinearity=leaky_relu, distribution =uniform, bias=0 

neck.rgb_fpn.top_down_blocks.2.short_conv.bn.weight - torch.Size([48]): 
The value is the same before and after calling `init_weights` of DINO  

neck.rgb_fpn.top_down_blocks.2.short_conv.bn.bias - torch.Size([48]): 
The value is the same before and after calling `init_weights` of DINO  

neck.rgb_fpn.top_down_blocks.2.final_conv.conv.weight - torch.Size([96, 96, 1, 1]): 
KaimingInit: a=2.23606797749979, mode=fan_in, nonlinearity=leaky_relu, distribution =uniform, bias=0 

neck.rgb_fpn.top_down_blocks.2.final_conv.bn.weight - torch.Size([96]): 
The value is the same before and after calling `init_weights` of DINO  

neck.rgb_fpn.top_down_blocks.2.final_conv.bn.bias - torch.Size([96]): 
The value is the same before and after calling `init_weights` of DINO  

neck.rgb_fpn.top_down_blocks.2.blocks.0.conv1.conv.weight - torch.Size([48, 48, 1, 1]): 
KaimingInit: a=2.23606797749979, mode=fan_in, nonlinearity=leaky_relu, distribution =uniform, bias=0 

neck.rgb_fpn.top_down_blocks.2.blocks.0.conv1.bn.weight - torch.Size([48]): 
The value is the same before and after calling `init_weights` of DINO  

neck.rgb_fpn.top_down_blocks.2.blocks.0.conv1.bn.bias - torch.Size([48]): 
The value is the same before and after calling `init_weights` of DINO  

neck.rgb_fpn.top_down_blocks.2.blocks.0.conv2.conv.weight - torch.Size([48, 48, 3, 3]): 
KaimingInit: a=2.23606797749979, mode=fan_in, nonlinearity=leaky_relu, distribution =uniform, bias=0 

neck.rgb_fpn.top_down_blocks.2.blocks.0.conv2.bn.weight - torch.Size([48]): 
The value is the same before and after calling `init_weights` of DINO  

neck.rgb_fpn.top_down_blocks.2.blocks.0.conv2.bn.bias - torch.Size([48]): 
The value is the same before and after calling `init_weights` of DINO  

neck.rgb_fpn.top_down_blocks.2.blocks.1.conv1.conv.weight - torch.Size([48, 48, 1, 1]): 
KaimingInit: a=2.23606797749979, mode=fan_in, nonlinearity=leaky_relu, distribution =uniform, bias=0 

neck.rgb_fpn.top_down_blocks.2.blocks.1.conv1.bn.weight - torch.Size([48]): 
The value is the same before and after calling `init_weights` of DINO  

neck.rgb_fpn.top_down_blocks.2.blocks.1.conv1.bn.bias - torch.Size([48]): 
The value is the same before and after calling `init_weights` of DINO  

neck.rgb_fpn.top_down_blocks.2.blocks.1.conv2.conv.weight - torch.Size([48, 48, 3, 3]): 
KaimingInit: a=2.23606797749979, mode=fan_in, nonlinearity=leaky_relu, distribution =uniform, bias=0 

neck.rgb_fpn.top_down_blocks.2.blocks.1.conv2.bn.weight - torch.Size([48]): 
The value is the same before and after calling `init_weights` of DINO  

neck.rgb_fpn.top_down_blocks.2.blocks.1.conv2.bn.bias - torch.Size([48]): 
The value is the same before and after calling `init_weights` of DINO  

neck.rgb_fpn.top_down_blocks.2.blocks.2.conv1.conv.weight - torch.Size([48, 48, 1, 1]): 
KaimingInit: a=2.23606797749979, mode=fan_in, nonlinearity=leaky_relu, distribution =uniform, bias=0 

neck.rgb_fpn.top_down_blocks.2.blocks.2.conv1.bn.weight - torch.Size([48]): 
The value is the same before and after calling `init_weights` of DINO  

neck.rgb_fpn.top_down_blocks.2.blocks.2.conv1.bn.bias - torch.Size([48]): 
The value is the same before and after calling `init_weights` of DINO  

neck.rgb_fpn.top_down_blocks.2.blocks.2.conv2.conv.weight - torch.Size([48, 48, 3, 3]): 
KaimingInit: a=2.23606797749979, mode=fan_in, nonlinearity=leaky_relu, distribution =uniform, bias=0 

neck.rgb_fpn.top_down_blocks.2.blocks.2.conv2.bn.weight - torch.Size([48]): 
The value is the same before and after calling `init_weights` of DINO  

neck.rgb_fpn.top_down_blocks.2.blocks.2.conv2.bn.bias - torch.Size([48]): 
The value is the same before and after calling `init_weights` of DINO  

neck.rgb_fpn.top_down_blocks.2.blocks.3.conv1.conv.weight - torch.Size([48, 48, 1, 1]): 
KaimingInit: a=2.23606797749979, mode=fan_in, nonlinearity=leaky_relu, distribution =uniform, bias=0 

neck.rgb_fpn.top_down_blocks.2.blocks.3.conv1.bn.weight - torch.Size([48]): 
The value is the same before and after calling `init_weights` of DINO  

neck.rgb_fpn.top_down_blocks.2.blocks.3.conv1.bn.bias - torch.Size([48]): 
The value is the same before and after calling `init_weights` of DINO  

neck.rgb_fpn.top_down_blocks.2.blocks.3.conv2.conv.weight - torch.Size([48, 48, 3, 3]): 
KaimingInit: a=2.23606797749979, mode=fan_in, nonlinearity=leaky_relu, distribution =uniform, bias=0 

neck.rgb_fpn.top_down_blocks.2.blocks.3.conv2.bn.weight - torch.Size([48]): 
The value is the same before and after calling `init_weights` of DINO  

neck.rgb_fpn.top_down_blocks.2.blocks.3.conv2.bn.bias - torch.Size([48]): 
The value is the same before and after calling `init_weights` of DINO  

neck.rgb_fpn.downsamples.0.conv.weight - torch.Size([96, 96, 3, 3]): 
KaimingInit: a=2.23606797749979, mode=fan_in, nonlinearity=leaky_relu, distribution =uniform, bias=0 

neck.rgb_fpn.downsamples.0.bn.weight - torch.Size([96]): 
The value is the same before and after calling `init_weights` of DINO  

neck.rgb_fpn.downsamples.0.bn.bias - torch.Size([96]): 
The value is the same before and after calling `init_weights` of DINO  

neck.rgb_fpn.downsamples.1.conv.weight - torch.Size([192, 192, 3, 3]): 
KaimingInit: a=2.23606797749979, mode=fan_in, nonlinearity=leaky_relu, distribution =uniform, bias=0 

neck.rgb_fpn.downsamples.1.bn.weight - torch.Size([192]): 
The value is the same before and after calling `init_weights` of DINO  

neck.rgb_fpn.downsamples.1.bn.bias - torch.Size([192]): 
The value is the same before and after calling `init_weights` of DINO  

neck.rgb_fpn.downsamples.2.conv.weight - torch.Size([384, 384, 3, 3]): 
KaimingInit: a=2.23606797749979, mode=fan_in, nonlinearity=leaky_relu, distribution =uniform, bias=0 

neck.rgb_fpn.downsamples.2.bn.weight - torch.Size([384]): 
The value is the same before and after calling `init_weights` of DINO  

neck.rgb_fpn.downsamples.2.bn.bias - torch.Size([384]): 
The value is the same before and after calling `init_weights` of DINO  

neck.rgb_fpn.bottom_up_blocks.0.main_conv.conv.weight - torch.Size([96, 192, 1, 1]): 
KaimingInit: a=2.23606797749979, mode=fan_in, nonlinearity=leaky_relu, distribution =uniform, bias=0 

neck.rgb_fpn.bottom_up_blocks.0.main_conv.bn.weight - torch.Size([96]): 
The value is the same before and after calling `init_weights` of DINO  

neck.rgb_fpn.bottom_up_blocks.0.main_conv.bn.bias - torch.Size([96]): 
The value is the same before and after calling `init_weights` of DINO  

neck.rgb_fpn.bottom_up_blocks.0.short_conv.conv.weight - torch.Size([96, 192, 1, 1]): 
KaimingInit: a=2.23606797749979, mode=fan_in, nonlinearity=leaky_relu, distribution =uniform, bias=0 

neck.rgb_fpn.bottom_up_blocks.0.short_conv.bn.weight - torch.Size([96]): 
The value is the same before and after calling `init_weights` of DINO  

neck.rgb_fpn.bottom_up_blocks.0.short_conv.bn.bias - torch.Size([96]): 
The value is the same before and after calling `init_weights` of DINO  

neck.rgb_fpn.bottom_up_blocks.0.final_conv.conv.weight - torch.Size([192, 192, 1, 1]): 
KaimingInit: a=2.23606797749979, mode=fan_in, nonlinearity=leaky_relu, distribution =uniform, bias=0 

neck.rgb_fpn.bottom_up_blocks.0.final_conv.bn.weight - torch.Size([192]): 
The value is the same before and after calling `init_weights` of DINO  

neck.rgb_fpn.bottom_up_blocks.0.final_conv.bn.bias - torch.Size([192]): 
The value is the same before and after calling `init_weights` of DINO  

neck.rgb_fpn.bottom_up_blocks.0.blocks.0.conv1.conv.weight - torch.Size([96, 96, 1, 1]): 
KaimingInit: a=2.23606797749979, mode=fan_in, nonlinearity=leaky_relu, distribution =uniform, bias=0 

neck.rgb_fpn.bottom_up_blocks.0.blocks.0.conv1.bn.weight - torch.Size([96]): 
The value is the same before and after calling `init_weights` of DINO  

neck.rgb_fpn.bottom_up_blocks.0.blocks.0.conv1.bn.bias - torch.Size([96]): 
The value is the same before and after calling `init_weights` of DINO  

neck.rgb_fpn.bottom_up_blocks.0.blocks.0.conv2.conv.weight - torch.Size([96, 96, 3, 3]): 
KaimingInit: a=2.23606797749979, mode=fan_in, nonlinearity=leaky_relu, distribution =uniform, bias=0 

neck.rgb_fpn.bottom_up_blocks.0.blocks.0.conv2.bn.weight - torch.Size([96]): 
The value is the same before and after calling `init_weights` of DINO  

neck.rgb_fpn.bottom_up_blocks.0.blocks.0.conv2.bn.bias - torch.Size([96]): 
The value is the same before and after calling `init_weights` of DINO  

neck.rgb_fpn.bottom_up_blocks.0.blocks.1.conv1.conv.weight - torch.Size([96, 96, 1, 1]): 
KaimingInit: a=2.23606797749979, mode=fan_in, nonlinearity=leaky_relu, distribution =uniform, bias=0 

neck.rgb_fpn.bottom_up_blocks.0.blocks.1.conv1.bn.weight - torch.Size([96]): 
The value is the same before and after calling `init_weights` of DINO  

neck.rgb_fpn.bottom_up_blocks.0.blocks.1.conv1.bn.bias - torch.Size([96]): 
The value is the same before and after calling `init_weights` of DINO  

neck.rgb_fpn.bottom_up_blocks.0.blocks.1.conv2.conv.weight - torch.Size([96, 96, 3, 3]): 
KaimingInit: a=2.23606797749979, mode=fan_in, nonlinearity=leaky_relu, distribution =uniform, bias=0 

neck.rgb_fpn.bottom_up_blocks.0.blocks.1.conv2.bn.weight - torch.Size([96]): 
The value is the same before and after calling `init_weights` of DINO  

neck.rgb_fpn.bottom_up_blocks.0.blocks.1.conv2.bn.bias - torch.Size([96]): 
The value is the same before and after calling `init_weights` of DINO  

neck.rgb_fpn.bottom_up_blocks.0.blocks.2.conv1.conv.weight - torch.Size([96, 96, 1, 1]): 
KaimingInit: a=2.23606797749979, mode=fan_in, nonlinearity=leaky_relu, distribution =uniform, bias=0 

neck.rgb_fpn.bottom_up_blocks.0.blocks.2.conv1.bn.weight - torch.Size([96]): 
The value is the same before and after calling `init_weights` of DINO  

neck.rgb_fpn.bottom_up_blocks.0.blocks.2.conv1.bn.bias - torch.Size([96]): 
The value is the same before and after calling `init_weights` of DINO  

neck.rgb_fpn.bottom_up_blocks.0.blocks.2.conv2.conv.weight - torch.Size([96, 96, 3, 3]): 
KaimingInit: a=2.23606797749979, mode=fan_in, nonlinearity=leaky_relu, distribution =uniform, bias=0 

neck.rgb_fpn.bottom_up_blocks.0.blocks.2.conv2.bn.weight - torch.Size([96]): 
The value is the same before and after calling `init_weights` of DINO  

neck.rgb_fpn.bottom_up_blocks.0.blocks.2.conv2.bn.bias - torch.Size([96]): 
The value is the same before and after calling `init_weights` of DINO  

neck.rgb_fpn.bottom_up_blocks.0.blocks.3.conv1.conv.weight - torch.Size([96, 96, 1, 1]): 
KaimingInit: a=2.23606797749979, mode=fan_in, nonlinearity=leaky_relu, distribution =uniform, bias=0 

neck.rgb_fpn.bottom_up_blocks.0.blocks.3.conv1.bn.weight - torch.Size([96]): 
The value is the same before and after calling `init_weights` of DINO  

neck.rgb_fpn.bottom_up_blocks.0.blocks.3.conv1.bn.bias - torch.Size([96]): 
The value is the same before and after calling `init_weights` of DINO  

neck.rgb_fpn.bottom_up_blocks.0.blocks.3.conv2.conv.weight - torch.Size([96, 96, 3, 3]): 
KaimingInit: a=2.23606797749979, mode=fan_in, nonlinearity=leaky_relu, distribution =uniform, bias=0 

neck.rgb_fpn.bottom_up_blocks.0.blocks.3.conv2.bn.weight - torch.Size([96]): 
The value is the same before and after calling `init_weights` of DINO  

neck.rgb_fpn.bottom_up_blocks.0.blocks.3.conv2.bn.bias - torch.Size([96]): 
The value is the same before and after calling `init_weights` of DINO  

neck.rgb_fpn.bottom_up_blocks.1.main_conv.conv.weight - torch.Size([192, 384, 1, 1]): 
KaimingInit: a=2.23606797749979, mode=fan_in, nonlinearity=leaky_relu, distribution =uniform, bias=0 

neck.rgb_fpn.bottom_up_blocks.1.main_conv.bn.weight - torch.Size([192]): 
The value is the same before and after calling `init_weights` of DINO  

neck.rgb_fpn.bottom_up_blocks.1.main_conv.bn.bias - torch.Size([192]): 
The value is the same before and after calling `init_weights` of DINO  

neck.rgb_fpn.bottom_up_blocks.1.short_conv.conv.weight - torch.Size([192, 384, 1, 1]): 
KaimingInit: a=2.23606797749979, mode=fan_in, nonlinearity=leaky_relu, distribution =uniform, bias=0 

neck.rgb_fpn.bottom_up_blocks.1.short_conv.bn.weight - torch.Size([192]): 
The value is the same before and after calling `init_weights` of DINO  

neck.rgb_fpn.bottom_up_blocks.1.short_conv.bn.bias - torch.Size([192]): 
The value is the same before and after calling `init_weights` of DINO  

neck.rgb_fpn.bottom_up_blocks.1.final_conv.conv.weight - torch.Size([384, 384, 1, 1]): 
KaimingInit: a=2.23606797749979, mode=fan_in, nonlinearity=leaky_relu, distribution =uniform, bias=0 

neck.rgb_fpn.bottom_up_blocks.1.final_conv.bn.weight - torch.Size([384]): 
The value is the same before and after calling `init_weights` of DINO  

neck.rgb_fpn.bottom_up_blocks.1.final_conv.bn.bias - torch.Size([384]): 
The value is the same before and after calling `init_weights` of DINO  

neck.rgb_fpn.bottom_up_blocks.1.blocks.0.conv1.conv.weight - torch.Size([192, 192, 1, 1]): 
KaimingInit: a=2.23606797749979, mode=fan_in, nonlinearity=leaky_relu, distribution =uniform, bias=0 

neck.rgb_fpn.bottom_up_blocks.1.blocks.0.conv1.bn.weight - torch.Size([192]): 
The value is the same before and after calling `init_weights` of DINO  

neck.rgb_fpn.bottom_up_blocks.1.blocks.0.conv1.bn.bias - torch.Size([192]): 
The value is the same before and after calling `init_weights` of DINO  

neck.rgb_fpn.bottom_up_blocks.1.blocks.0.conv2.conv.weight - torch.Size([192, 192, 3, 3]): 
KaimingInit: a=2.23606797749979, mode=fan_in, nonlinearity=leaky_relu, distribution =uniform, bias=0 

neck.rgb_fpn.bottom_up_blocks.1.blocks.0.conv2.bn.weight - torch.Size([192]): 
The value is the same before and after calling `init_weights` of DINO  

neck.rgb_fpn.bottom_up_blocks.1.blocks.0.conv2.bn.bias - torch.Size([192]): 
The value is the same before and after calling `init_weights` of DINO  

neck.rgb_fpn.bottom_up_blocks.1.blocks.1.conv1.conv.weight - torch.Size([192, 192, 1, 1]): 
KaimingInit: a=2.23606797749979, mode=fan_in, nonlinearity=leaky_relu, distribution =uniform, bias=0 

neck.rgb_fpn.bottom_up_blocks.1.blocks.1.conv1.bn.weight - torch.Size([192]): 
The value is the same before and after calling `init_weights` of DINO  

neck.rgb_fpn.bottom_up_blocks.1.blocks.1.conv1.bn.bias - torch.Size([192]): 
The value is the same before and after calling `init_weights` of DINO  

neck.rgb_fpn.bottom_up_blocks.1.blocks.1.conv2.conv.weight - torch.Size([192, 192, 3, 3]): 
KaimingInit: a=2.23606797749979, mode=fan_in, nonlinearity=leaky_relu, distribution =uniform, bias=0 

neck.rgb_fpn.bottom_up_blocks.1.blocks.1.conv2.bn.weight - torch.Size([192]): 
The value is the same before and after calling `init_weights` of DINO  

neck.rgb_fpn.bottom_up_blocks.1.blocks.1.conv2.bn.bias - torch.Size([192]): 
The value is the same before and after calling `init_weights` of DINO  

neck.rgb_fpn.bottom_up_blocks.1.blocks.2.conv1.conv.weight - torch.Size([192, 192, 1, 1]): 
KaimingInit: a=2.23606797749979, mode=fan_in, nonlinearity=leaky_relu, distribution =uniform, bias=0 

neck.rgb_fpn.bottom_up_blocks.1.blocks.2.conv1.bn.weight - torch.Size([192]): 
The value is the same before and after calling `init_weights` of DINO  

neck.rgb_fpn.bottom_up_blocks.1.blocks.2.conv1.bn.bias - torch.Size([192]): 
The value is the same before and after calling `init_weights` of DINO  

neck.rgb_fpn.bottom_up_blocks.1.blocks.2.conv2.conv.weight - torch.Size([192, 192, 3, 3]): 
KaimingInit: a=2.23606797749979, mode=fan_in, nonlinearity=leaky_relu, distribution =uniform, bias=0 

neck.rgb_fpn.bottom_up_blocks.1.blocks.2.conv2.bn.weight - torch.Size([192]): 
The value is the same before and after calling `init_weights` of DINO  

neck.rgb_fpn.bottom_up_blocks.1.blocks.2.conv2.bn.bias - torch.Size([192]): 
The value is the same before and after calling `init_weights` of DINO  

neck.rgb_fpn.bottom_up_blocks.1.blocks.3.conv1.conv.weight - torch.Size([192, 192, 1, 1]): 
KaimingInit: a=2.23606797749979, mode=fan_in, nonlinearity=leaky_relu, distribution =uniform, bias=0 

neck.rgb_fpn.bottom_up_blocks.1.blocks.3.conv1.bn.weight - torch.Size([192]): 
The value is the same before and after calling `init_weights` of DINO  

neck.rgb_fpn.bottom_up_blocks.1.blocks.3.conv1.bn.bias - torch.Size([192]): 
The value is the same before and after calling `init_weights` of DINO  

neck.rgb_fpn.bottom_up_blocks.1.blocks.3.conv2.conv.weight - torch.Size([192, 192, 3, 3]): 
KaimingInit: a=2.23606797749979, mode=fan_in, nonlinearity=leaky_relu, distribution =uniform, bias=0 

neck.rgb_fpn.bottom_up_blocks.1.blocks.3.conv2.bn.weight - torch.Size([192]): 
The value is the same before and after calling `init_weights` of DINO  

neck.rgb_fpn.bottom_up_blocks.1.blocks.3.conv2.bn.bias - torch.Size([192]): 
The value is the same before and after calling `init_weights` of DINO  

neck.rgb_fpn.bottom_up_blocks.2.main_conv.conv.weight - torch.Size([384, 768, 1, 1]): 
KaimingInit: a=2.23606797749979, mode=fan_in, nonlinearity=leaky_relu, distribution =uniform, bias=0 

neck.rgb_fpn.bottom_up_blocks.2.main_conv.bn.weight - torch.Size([384]): 
The value is the same before and after calling `init_weights` of DINO  

neck.rgb_fpn.bottom_up_blocks.2.main_conv.bn.bias - torch.Size([384]): 
The value is the same before and after calling `init_weights` of DINO  

neck.rgb_fpn.bottom_up_blocks.2.short_conv.conv.weight - torch.Size([384, 768, 1, 1]): 
KaimingInit: a=2.23606797749979, mode=fan_in, nonlinearity=leaky_relu, distribution =uniform, bias=0 

neck.rgb_fpn.bottom_up_blocks.2.short_conv.bn.weight - torch.Size([384]): 
The value is the same before and after calling `init_weights` of DINO  

neck.rgb_fpn.bottom_up_blocks.2.short_conv.bn.bias - torch.Size([384]): 
The value is the same before and after calling `init_weights` of DINO  

neck.rgb_fpn.bottom_up_blocks.2.final_conv.conv.weight - torch.Size([768, 768, 1, 1]): 
KaimingInit: a=2.23606797749979, mode=fan_in, nonlinearity=leaky_relu, distribution =uniform, bias=0 

neck.rgb_fpn.bottom_up_blocks.2.final_conv.bn.weight - torch.Size([768]): 
The value is the same before and after calling `init_weights` of DINO  

neck.rgb_fpn.bottom_up_blocks.2.final_conv.bn.bias - torch.Size([768]): 
The value is the same before and after calling `init_weights` of DINO  

neck.rgb_fpn.bottom_up_blocks.2.blocks.0.conv1.conv.weight - torch.Size([384, 384, 1, 1]): 
KaimingInit: a=2.23606797749979, mode=fan_in, nonlinearity=leaky_relu, distribution =uniform, bias=0 

neck.rgb_fpn.bottom_up_blocks.2.blocks.0.conv1.bn.weight - torch.Size([384]): 
The value is the same before and after calling `init_weights` of DINO  

neck.rgb_fpn.bottom_up_blocks.2.blocks.0.conv1.bn.bias - torch.Size([384]): 
The value is the same before and after calling `init_weights` of DINO  

neck.rgb_fpn.bottom_up_blocks.2.blocks.0.conv2.conv.weight - torch.Size([384, 384, 3, 3]): 
KaimingInit: a=2.23606797749979, mode=fan_in, nonlinearity=leaky_relu, distribution =uniform, bias=0 

neck.rgb_fpn.bottom_up_blocks.2.blocks.0.conv2.bn.weight - torch.Size([384]): 
The value is the same before and after calling `init_weights` of DINO  

neck.rgb_fpn.bottom_up_blocks.2.blocks.0.conv2.bn.bias - torch.Size([384]): 
The value is the same before and after calling `init_weights` of DINO  

neck.rgb_fpn.bottom_up_blocks.2.blocks.1.conv1.conv.weight - torch.Size([384, 384, 1, 1]): 
KaimingInit: a=2.23606797749979, mode=fan_in, nonlinearity=leaky_relu, distribution =uniform, bias=0 

neck.rgb_fpn.bottom_up_blocks.2.blocks.1.conv1.bn.weight - torch.Size([384]): 
The value is the same before and after calling `init_weights` of DINO  

neck.rgb_fpn.bottom_up_blocks.2.blocks.1.conv1.bn.bias - torch.Size([384]): 
The value is the same before and after calling `init_weights` of DINO  

neck.rgb_fpn.bottom_up_blocks.2.blocks.1.conv2.conv.weight - torch.Size([384, 384, 3, 3]): 
KaimingInit: a=2.23606797749979, mode=fan_in, nonlinearity=leaky_relu, distribution =uniform, bias=0 

neck.rgb_fpn.bottom_up_blocks.2.blocks.1.conv2.bn.weight - torch.Size([384]): 
The value is the same before and after calling `init_weights` of DINO  

neck.rgb_fpn.bottom_up_blocks.2.blocks.1.conv2.bn.bias - torch.Size([384]): 
The value is the same before and after calling `init_weights` of DINO  

neck.rgb_fpn.bottom_up_blocks.2.blocks.2.conv1.conv.weight - torch.Size([384, 384, 1, 1]): 
KaimingInit: a=2.23606797749979, mode=fan_in, nonlinearity=leaky_relu, distribution =uniform, bias=0 

neck.rgb_fpn.bottom_up_blocks.2.blocks.2.conv1.bn.weight - torch.Size([384]): 
The value is the same before and after calling `init_weights` of DINO  

neck.rgb_fpn.bottom_up_blocks.2.blocks.2.conv1.bn.bias - torch.Size([384]): 
The value is the same before and after calling `init_weights` of DINO  

neck.rgb_fpn.bottom_up_blocks.2.blocks.2.conv2.conv.weight - torch.Size([384, 384, 3, 3]): 
KaimingInit: a=2.23606797749979, mode=fan_in, nonlinearity=leaky_relu, distribution =uniform, bias=0 

neck.rgb_fpn.bottom_up_blocks.2.blocks.2.conv2.bn.weight - torch.Size([384]): 
The value is the same before and after calling `init_weights` of DINO  

neck.rgb_fpn.bottom_up_blocks.2.blocks.2.conv2.bn.bias - torch.Size([384]): 
The value is the same before and after calling `init_weights` of DINO  

neck.rgb_fpn.bottom_up_blocks.2.blocks.3.conv1.conv.weight - torch.Size([384, 384, 1, 1]): 
KaimingInit: a=2.23606797749979, mode=fan_in, nonlinearity=leaky_relu, distribution =uniform, bias=0 

neck.rgb_fpn.bottom_up_blocks.2.blocks.3.conv1.bn.weight - torch.Size([384]): 
The value is the same before and after calling `init_weights` of DINO  

neck.rgb_fpn.bottom_up_blocks.2.blocks.3.conv1.bn.bias - torch.Size([384]): 
The value is the same before and after calling `init_weights` of DINO  

neck.rgb_fpn.bottom_up_blocks.2.blocks.3.conv2.conv.weight - torch.Size([384, 384, 3, 3]): 
KaimingInit: a=2.23606797749979, mode=fan_in, nonlinearity=leaky_relu, distribution =uniform, bias=0 

neck.rgb_fpn.bottom_up_blocks.2.blocks.3.conv2.bn.weight - torch.Size([384]): 
The value is the same before and after calling `init_weights` of DINO  

neck.rgb_fpn.bottom_up_blocks.2.blocks.3.conv2.bn.bias - torch.Size([384]): 
The value is the same before and after calling `init_weights` of DINO  

neck.rgb_fpn.out_convs.0.conv.weight - torch.Size([256, 96, 1, 1]): 
KaimingInit: a=2.23606797749979, mode=fan_in, nonlinearity=leaky_relu, distribution =uniform, bias=0 

neck.rgb_fpn.out_convs.0.bn.weight - torch.Size([256]): 
The value is the same before and after calling `init_weights` of DINO  

neck.rgb_fpn.out_convs.0.bn.bias - torch.Size([256]): 
The value is the same before and after calling `init_weights` of DINO  

neck.rgb_fpn.out_convs.1.conv.weight - torch.Size([256, 192, 1, 1]): 
KaimingInit: a=2.23606797749979, mode=fan_in, nonlinearity=leaky_relu, distribution =uniform, bias=0 

neck.rgb_fpn.out_convs.1.bn.weight - torch.Size([256]): 
The value is the same before and after calling `init_weights` of DINO  

neck.rgb_fpn.out_convs.1.bn.bias - torch.Size([256]): 
The value is the same before and after calling `init_weights` of DINO  

neck.rgb_fpn.out_convs.2.conv.weight - torch.Size([256, 384, 1, 1]): 
KaimingInit: a=2.23606797749979, mode=fan_in, nonlinearity=leaky_relu, distribution =uniform, bias=0 

neck.rgb_fpn.out_convs.2.bn.weight - torch.Size([256]): 
The value is the same before and after calling `init_weights` of DINO  

neck.rgb_fpn.out_convs.2.bn.bias - torch.Size([256]): 
The value is the same before and after calling `init_weights` of DINO  

neck.rgb_fpn.out_convs.3.conv.weight - torch.Size([256, 768, 1, 1]): 
KaimingInit: a=2.23606797749979, mode=fan_in, nonlinearity=leaky_relu, distribution =uniform, bias=0 

neck.rgb_fpn.out_convs.3.bn.weight - torch.Size([256]): 
The value is the same before and after calling `init_weights` of DINO  

neck.rgb_fpn.out_convs.3.bn.bias - torch.Size([256]): 
The value is the same before and after calling `init_weights` of DINO  

neck.ir_fpn.reduce_layers.0.conv.weight - torch.Size([384, 768, 1, 1]): 
KaimingInit: a=2.23606797749979, mode=fan_in, nonlinearity=leaky_relu, distribution =uniform, bias=0 

neck.ir_fpn.reduce_layers.0.bn.weight - torch.Size([384]): 
The value is the same before and after calling `init_weights` of DINO  

neck.ir_fpn.reduce_layers.0.bn.bias - torch.Size([384]): 
The value is the same before and after calling `init_weights` of DINO  

neck.ir_fpn.reduce_layers.1.conv.weight - torch.Size([192, 384, 1, 1]): 
KaimingInit: a=2.23606797749979, mode=fan_in, nonlinearity=leaky_relu, distribution =uniform, bias=0 

neck.ir_fpn.reduce_layers.1.bn.weight - torch.Size([192]): 
The value is the same before and after calling `init_weights` of DINO  

neck.ir_fpn.reduce_layers.1.bn.bias - torch.Size([192]): 
The value is the same before and after calling `init_weights` of DINO  

neck.ir_fpn.reduce_layers.2.conv.weight - torch.Size([96, 192, 1, 1]): 
KaimingInit: a=2.23606797749979, mode=fan_in, nonlinearity=leaky_relu, distribution =uniform, bias=0 

neck.ir_fpn.reduce_layers.2.bn.weight - torch.Size([96]): 
The value is the same before and after calling `init_weights` of DINO  

neck.ir_fpn.reduce_layers.2.bn.bias - torch.Size([96]): 
The value is the same before and after calling `init_weights` of DINO  

neck.ir_fpn.top_down_blocks.0.main_conv.conv.weight - torch.Size([192, 768, 1, 1]): 
KaimingInit: a=2.23606797749979, mode=fan_in, nonlinearity=leaky_relu, distribution =uniform, bias=0 

neck.ir_fpn.top_down_blocks.0.main_conv.bn.weight - torch.Size([192]): 
The value is the same before and after calling `init_weights` of DINO  

neck.ir_fpn.top_down_blocks.0.main_conv.bn.bias - torch.Size([192]): 
The value is the same before and after calling `init_weights` of DINO  

neck.ir_fpn.top_down_blocks.0.short_conv.conv.weight - torch.Size([192, 768, 1, 1]): 
KaimingInit: a=2.23606797749979, mode=fan_in, nonlinearity=leaky_relu, distribution =uniform, bias=0 

neck.ir_fpn.top_down_blocks.0.short_conv.bn.weight - torch.Size([192]): 
The value is the same before and after calling `init_weights` of DINO  

neck.ir_fpn.top_down_blocks.0.short_conv.bn.bias - torch.Size([192]): 
The value is the same before and after calling `init_weights` of DINO  

neck.ir_fpn.top_down_blocks.0.final_conv.conv.weight - torch.Size([384, 384, 1, 1]): 
KaimingInit: a=2.23606797749979, mode=fan_in, nonlinearity=leaky_relu, distribution =uniform, bias=0 

neck.ir_fpn.top_down_blocks.0.final_conv.bn.weight - torch.Size([384]): 
The value is the same before and after calling `init_weights` of DINO  

neck.ir_fpn.top_down_blocks.0.final_conv.bn.bias - torch.Size([384]): 
The value is the same before and after calling `init_weights` of DINO  

neck.ir_fpn.top_down_blocks.0.blocks.0.conv1.conv.weight - torch.Size([192, 192, 1, 1]): 
KaimingInit: a=2.23606797749979, mode=fan_in, nonlinearity=leaky_relu, distribution =uniform, bias=0 

neck.ir_fpn.top_down_blocks.0.blocks.0.conv1.bn.weight - torch.Size([192]): 
The value is the same before and after calling `init_weights` of DINO  

neck.ir_fpn.top_down_blocks.0.blocks.0.conv1.bn.bias - torch.Size([192]): 
The value is the same before and after calling `init_weights` of DINO  

neck.ir_fpn.top_down_blocks.0.blocks.0.conv2.conv.weight - torch.Size([192, 192, 3, 3]): 
KaimingInit: a=2.23606797749979, mode=fan_in, nonlinearity=leaky_relu, distribution =uniform, bias=0 

neck.ir_fpn.top_down_blocks.0.blocks.0.conv2.bn.weight - torch.Size([192]): 
The value is the same before and after calling `init_weights` of DINO  

neck.ir_fpn.top_down_blocks.0.blocks.0.conv2.bn.bias - torch.Size([192]): 
The value is the same before and after calling `init_weights` of DINO  

neck.ir_fpn.top_down_blocks.0.blocks.1.conv1.conv.weight - torch.Size([192, 192, 1, 1]): 
KaimingInit: a=2.23606797749979, mode=fan_in, nonlinearity=leaky_relu, distribution =uniform, bias=0 

neck.ir_fpn.top_down_blocks.0.blocks.1.conv1.bn.weight - torch.Size([192]): 
The value is the same before and after calling `init_weights` of DINO  

neck.ir_fpn.top_down_blocks.0.blocks.1.conv1.bn.bias - torch.Size([192]): 
The value is the same before and after calling `init_weights` of DINO  

neck.ir_fpn.top_down_blocks.0.blocks.1.conv2.conv.weight - torch.Size([192, 192, 3, 3]): 
KaimingInit: a=2.23606797749979, mode=fan_in, nonlinearity=leaky_relu, distribution =uniform, bias=0 

neck.ir_fpn.top_down_blocks.0.blocks.1.conv2.bn.weight - torch.Size([192]): 
The value is the same before and after calling `init_weights` of DINO  

neck.ir_fpn.top_down_blocks.0.blocks.1.conv2.bn.bias - torch.Size([192]): 
The value is the same before and after calling `init_weights` of DINO  

neck.ir_fpn.top_down_blocks.0.blocks.2.conv1.conv.weight - torch.Size([192, 192, 1, 1]): 
KaimingInit: a=2.23606797749979, mode=fan_in, nonlinearity=leaky_relu, distribution =uniform, bias=0 

neck.ir_fpn.top_down_blocks.0.blocks.2.conv1.bn.weight - torch.Size([192]): 
The value is the same before and after calling `init_weights` of DINO  

neck.ir_fpn.top_down_blocks.0.blocks.2.conv1.bn.bias - torch.Size([192]): 
The value is the same before and after calling `init_weights` of DINO  

neck.ir_fpn.top_down_blocks.0.blocks.2.conv2.conv.weight - torch.Size([192, 192, 3, 3]): 
KaimingInit: a=2.23606797749979, mode=fan_in, nonlinearity=leaky_relu, distribution =uniform, bias=0 

neck.ir_fpn.top_down_blocks.0.blocks.2.conv2.bn.weight - torch.Size([192]): 
The value is the same before and after calling `init_weights` of DINO  

neck.ir_fpn.top_down_blocks.0.blocks.2.conv2.bn.bias - torch.Size([192]): 
The value is the same before and after calling `init_weights` of DINO  

neck.ir_fpn.top_down_blocks.0.blocks.3.conv1.conv.weight - torch.Size([192, 192, 1, 1]): 
KaimingInit: a=2.23606797749979, mode=fan_in, nonlinearity=leaky_relu, distribution =uniform, bias=0 

neck.ir_fpn.top_down_blocks.0.blocks.3.conv1.bn.weight - torch.Size([192]): 
The value is the same before and after calling `init_weights` of DINO  

neck.ir_fpn.top_down_blocks.0.blocks.3.conv1.bn.bias - torch.Size([192]): 
The value is the same before and after calling `init_weights` of DINO  

neck.ir_fpn.top_down_blocks.0.blocks.3.conv2.conv.weight - torch.Size([192, 192, 3, 3]): 
KaimingInit: a=2.23606797749979, mode=fan_in, nonlinearity=leaky_relu, distribution =uniform, bias=0 

neck.ir_fpn.top_down_blocks.0.blocks.3.conv2.bn.weight - torch.Size([192]): 
The value is the same before and after calling `init_weights` of DINO  

neck.ir_fpn.top_down_blocks.0.blocks.3.conv2.bn.bias - torch.Size([192]): 
The value is the same before and after calling `init_weights` of DINO  

neck.ir_fpn.top_down_blocks.1.main_conv.conv.weight - torch.Size([96, 384, 1, 1]): 
KaimingInit: a=2.23606797749979, mode=fan_in, nonlinearity=leaky_relu, distribution =uniform, bias=0 

neck.ir_fpn.top_down_blocks.1.main_conv.bn.weight - torch.Size([96]): 
The value is the same before and after calling `init_weights` of DINO  

neck.ir_fpn.top_down_blocks.1.main_conv.bn.bias - torch.Size([96]): 
The value is the same before and after calling `init_weights` of DINO  

neck.ir_fpn.top_down_blocks.1.short_conv.conv.weight - torch.Size([96, 384, 1, 1]): 
KaimingInit: a=2.23606797749979, mode=fan_in, nonlinearity=leaky_relu, distribution =uniform, bias=0 

neck.ir_fpn.top_down_blocks.1.short_conv.bn.weight - torch.Size([96]): 
The value is the same before and after calling `init_weights` of DINO  

neck.ir_fpn.top_down_blocks.1.short_conv.bn.bias - torch.Size([96]): 
The value is the same before and after calling `init_weights` of DINO  

neck.ir_fpn.top_down_blocks.1.final_conv.conv.weight - torch.Size([192, 192, 1, 1]): 
KaimingInit: a=2.23606797749979, mode=fan_in, nonlinearity=leaky_relu, distribution =uniform, bias=0 

neck.ir_fpn.top_down_blocks.1.final_conv.bn.weight - torch.Size([192]): 
The value is the same before and after calling `init_weights` of DINO  

neck.ir_fpn.top_down_blocks.1.final_conv.bn.bias - torch.Size([192]): 
The value is the same before and after calling `init_weights` of DINO  

neck.ir_fpn.top_down_blocks.1.blocks.0.conv1.conv.weight - torch.Size([96, 96, 1, 1]): 
KaimingInit: a=2.23606797749979, mode=fan_in, nonlinearity=leaky_relu, distribution =uniform, bias=0 

neck.ir_fpn.top_down_blocks.1.blocks.0.conv1.bn.weight - torch.Size([96]): 
The value is the same before and after calling `init_weights` of DINO  

neck.ir_fpn.top_down_blocks.1.blocks.0.conv1.bn.bias - torch.Size([96]): 
The value is the same before and after calling `init_weights` of DINO  

neck.ir_fpn.top_down_blocks.1.blocks.0.conv2.conv.weight - torch.Size([96, 96, 3, 3]): 
KaimingInit: a=2.23606797749979, mode=fan_in, nonlinearity=leaky_relu, distribution =uniform, bias=0 

neck.ir_fpn.top_down_blocks.1.blocks.0.conv2.bn.weight - torch.Size([96]): 
The value is the same before and after calling `init_weights` of DINO  

neck.ir_fpn.top_down_blocks.1.blocks.0.conv2.bn.bias - torch.Size([96]): 
The value is the same before and after calling `init_weights` of DINO  

neck.ir_fpn.top_down_blocks.1.blocks.1.conv1.conv.weight - torch.Size([96, 96, 1, 1]): 
KaimingInit: a=2.23606797749979, mode=fan_in, nonlinearity=leaky_relu, distribution =uniform, bias=0 

neck.ir_fpn.top_down_blocks.1.blocks.1.conv1.bn.weight - torch.Size([96]): 
The value is the same before and after calling `init_weights` of DINO  

neck.ir_fpn.top_down_blocks.1.blocks.1.conv1.bn.bias - torch.Size([96]): 
The value is the same before and after calling `init_weights` of DINO  

neck.ir_fpn.top_down_blocks.1.blocks.1.conv2.conv.weight - torch.Size([96, 96, 3, 3]): 
KaimingInit: a=2.23606797749979, mode=fan_in, nonlinearity=leaky_relu, distribution =uniform, bias=0 

neck.ir_fpn.top_down_blocks.1.blocks.1.conv2.bn.weight - torch.Size([96]): 
The value is the same before and after calling `init_weights` of DINO  

neck.ir_fpn.top_down_blocks.1.blocks.1.conv2.bn.bias - torch.Size([96]): 
The value is the same before and after calling `init_weights` of DINO  

neck.ir_fpn.top_down_blocks.1.blocks.2.conv1.conv.weight - torch.Size([96, 96, 1, 1]): 
KaimingInit: a=2.23606797749979, mode=fan_in, nonlinearity=leaky_relu, distribution =uniform, bias=0 

neck.ir_fpn.top_down_blocks.1.blocks.2.conv1.bn.weight - torch.Size([96]): 
The value is the same before and after calling `init_weights` of DINO  

neck.ir_fpn.top_down_blocks.1.blocks.2.conv1.bn.bias - torch.Size([96]): 
The value is the same before and after calling `init_weights` of DINO  

neck.ir_fpn.top_down_blocks.1.blocks.2.conv2.conv.weight - torch.Size([96, 96, 3, 3]): 
KaimingInit: a=2.23606797749979, mode=fan_in, nonlinearity=leaky_relu, distribution =uniform, bias=0 

neck.ir_fpn.top_down_blocks.1.blocks.2.conv2.bn.weight - torch.Size([96]): 
The value is the same before and after calling `init_weights` of DINO  

neck.ir_fpn.top_down_blocks.1.blocks.2.conv2.bn.bias - torch.Size([96]): 
The value is the same before and after calling `init_weights` of DINO  

neck.ir_fpn.top_down_blocks.1.blocks.3.conv1.conv.weight - torch.Size([96, 96, 1, 1]): 
KaimingInit: a=2.23606797749979, mode=fan_in, nonlinearity=leaky_relu, distribution =uniform, bias=0 

neck.ir_fpn.top_down_blocks.1.blocks.3.conv1.bn.weight - torch.Size([96]): 
The value is the same before and after calling `init_weights` of DINO  

neck.ir_fpn.top_down_blocks.1.blocks.3.conv1.bn.bias - torch.Size([96]): 
The value is the same before and after calling `init_weights` of DINO  

neck.ir_fpn.top_down_blocks.1.blocks.3.conv2.conv.weight - torch.Size([96, 96, 3, 3]): 
KaimingInit: a=2.23606797749979, mode=fan_in, nonlinearity=leaky_relu, distribution =uniform, bias=0 

neck.ir_fpn.top_down_blocks.1.blocks.3.conv2.bn.weight - torch.Size([96]): 
The value is the same before and after calling `init_weights` of DINO  

neck.ir_fpn.top_down_blocks.1.blocks.3.conv2.bn.bias - torch.Size([96]): 
The value is the same before and after calling `init_weights` of DINO  

neck.ir_fpn.top_down_blocks.2.main_conv.conv.weight - torch.Size([48, 192, 1, 1]): 
KaimingInit: a=2.23606797749979, mode=fan_in, nonlinearity=leaky_relu, distribution =uniform, bias=0 

neck.ir_fpn.top_down_blocks.2.main_conv.bn.weight - torch.Size([48]): 
The value is the same before and after calling `init_weights` of DINO  

neck.ir_fpn.top_down_blocks.2.main_conv.bn.bias - torch.Size([48]): 
The value is the same before and after calling `init_weights` of DINO  

neck.ir_fpn.top_down_blocks.2.short_conv.conv.weight - torch.Size([48, 192, 1, 1]): 
KaimingInit: a=2.23606797749979, mode=fan_in, nonlinearity=leaky_relu, distribution =uniform, bias=0 

neck.ir_fpn.top_down_blocks.2.short_conv.bn.weight - torch.Size([48]): 
The value is the same before and after calling `init_weights` of DINO  

neck.ir_fpn.top_down_blocks.2.short_conv.bn.bias - torch.Size([48]): 
The value is the same before and after calling `init_weights` of DINO  

neck.ir_fpn.top_down_blocks.2.final_conv.conv.weight - torch.Size([96, 96, 1, 1]): 
KaimingInit: a=2.23606797749979, mode=fan_in, nonlinearity=leaky_relu, distribution =uniform, bias=0 

neck.ir_fpn.top_down_blocks.2.final_conv.bn.weight - torch.Size([96]): 
The value is the same before and after calling `init_weights` of DINO  

neck.ir_fpn.top_down_blocks.2.final_conv.bn.bias - torch.Size([96]): 
The value is the same before and after calling `init_weights` of DINO  

neck.ir_fpn.top_down_blocks.2.blocks.0.conv1.conv.weight - torch.Size([48, 48, 1, 1]): 
KaimingInit: a=2.23606797749979, mode=fan_in, nonlinearity=leaky_relu, distribution =uniform, bias=0 

neck.ir_fpn.top_down_blocks.2.blocks.0.conv1.bn.weight - torch.Size([48]): 
The value is the same before and after calling `init_weights` of DINO  

neck.ir_fpn.top_down_blocks.2.blocks.0.conv1.bn.bias - torch.Size([48]): 
The value is the same before and after calling `init_weights` of DINO  

neck.ir_fpn.top_down_blocks.2.blocks.0.conv2.conv.weight - torch.Size([48, 48, 3, 3]): 
KaimingInit: a=2.23606797749979, mode=fan_in, nonlinearity=leaky_relu, distribution =uniform, bias=0 

neck.ir_fpn.top_down_blocks.2.blocks.0.conv2.bn.weight - torch.Size([48]): 
The value is the same before and after calling `init_weights` of DINO  

neck.ir_fpn.top_down_blocks.2.blocks.0.conv2.bn.bias - torch.Size([48]): 
The value is the same before and after calling `init_weights` of DINO  

neck.ir_fpn.top_down_blocks.2.blocks.1.conv1.conv.weight - torch.Size([48, 48, 1, 1]): 
KaimingInit: a=2.23606797749979, mode=fan_in, nonlinearity=leaky_relu, distribution =uniform, bias=0 

neck.ir_fpn.top_down_blocks.2.blocks.1.conv1.bn.weight - torch.Size([48]): 
The value is the same before and after calling `init_weights` of DINO  

neck.ir_fpn.top_down_blocks.2.blocks.1.conv1.bn.bias - torch.Size([48]): 
The value is the same before and after calling `init_weights` of DINO  

neck.ir_fpn.top_down_blocks.2.blocks.1.conv2.conv.weight - torch.Size([48, 48, 3, 3]): 
KaimingInit: a=2.23606797749979, mode=fan_in, nonlinearity=leaky_relu, distribution =uniform, bias=0 

neck.ir_fpn.top_down_blocks.2.blocks.1.conv2.bn.weight - torch.Size([48]): 
The value is the same before and after calling `init_weights` of DINO  

neck.ir_fpn.top_down_blocks.2.blocks.1.conv2.bn.bias - torch.Size([48]): 
The value is the same before and after calling `init_weights` of DINO  

neck.ir_fpn.top_down_blocks.2.blocks.2.conv1.conv.weight - torch.Size([48, 48, 1, 1]): 
KaimingInit: a=2.23606797749979, mode=fan_in, nonlinearity=leaky_relu, distribution =uniform, bias=0 

neck.ir_fpn.top_down_blocks.2.blocks.2.conv1.bn.weight - torch.Size([48]): 
The value is the same before and after calling `init_weights` of DINO  

neck.ir_fpn.top_down_blocks.2.blocks.2.conv1.bn.bias - torch.Size([48]): 
The value is the same before and after calling `init_weights` of DINO  

neck.ir_fpn.top_down_blocks.2.blocks.2.conv2.conv.weight - torch.Size([48, 48, 3, 3]): 
KaimingInit: a=2.23606797749979, mode=fan_in, nonlinearity=leaky_relu, distribution =uniform, bias=0 

neck.ir_fpn.top_down_blocks.2.blocks.2.conv2.bn.weight - torch.Size([48]): 
The value is the same before and after calling `init_weights` of DINO  

neck.ir_fpn.top_down_blocks.2.blocks.2.conv2.bn.bias - torch.Size([48]): 
The value is the same before and after calling `init_weights` of DINO  

neck.ir_fpn.top_down_blocks.2.blocks.3.conv1.conv.weight - torch.Size([48, 48, 1, 1]): 
KaimingInit: a=2.23606797749979, mode=fan_in, nonlinearity=leaky_relu, distribution =uniform, bias=0 

neck.ir_fpn.top_down_blocks.2.blocks.3.conv1.bn.weight - torch.Size([48]): 
The value is the same before and after calling `init_weights` of DINO  

neck.ir_fpn.top_down_blocks.2.blocks.3.conv1.bn.bias - torch.Size([48]): 
The value is the same before and after calling `init_weights` of DINO  

neck.ir_fpn.top_down_blocks.2.blocks.3.conv2.conv.weight - torch.Size([48, 48, 3, 3]): 
KaimingInit: a=2.23606797749979, mode=fan_in, nonlinearity=leaky_relu, distribution =uniform, bias=0 

neck.ir_fpn.top_down_blocks.2.blocks.3.conv2.bn.weight - torch.Size([48]): 
The value is the same before and after calling `init_weights` of DINO  

neck.ir_fpn.top_down_blocks.2.blocks.3.conv2.bn.bias - torch.Size([48]): 
The value is the same before and after calling `init_weights` of DINO  

neck.ir_fpn.downsamples.0.conv.weight - torch.Size([96, 96, 3, 3]): 
KaimingInit: a=2.23606797749979, mode=fan_in, nonlinearity=leaky_relu, distribution =uniform, bias=0 

neck.ir_fpn.downsamples.0.bn.weight - torch.Size([96]): 
The value is the same before and after calling `init_weights` of DINO  

neck.ir_fpn.downsamples.0.bn.bias - torch.Size([96]): 
The value is the same before and after calling `init_weights` of DINO  

neck.ir_fpn.downsamples.1.conv.weight - torch.Size([192, 192, 3, 3]): 
KaimingInit: a=2.23606797749979, mode=fan_in, nonlinearity=leaky_relu, distribution =uniform, bias=0 

neck.ir_fpn.downsamples.1.bn.weight - torch.Size([192]): 
The value is the same before and after calling `init_weights` of DINO  

neck.ir_fpn.downsamples.1.bn.bias - torch.Size([192]): 
The value is the same before and after calling `init_weights` of DINO  

neck.ir_fpn.downsamples.2.conv.weight - torch.Size([384, 384, 3, 3]): 
KaimingInit: a=2.23606797749979, mode=fan_in, nonlinearity=leaky_relu, distribution =uniform, bias=0 

neck.ir_fpn.downsamples.2.bn.weight - torch.Size([384]): 
The value is the same before and after calling `init_weights` of DINO  

neck.ir_fpn.downsamples.2.bn.bias - torch.Size([384]): 
The value is the same before and after calling `init_weights` of DINO  

neck.ir_fpn.bottom_up_blocks.0.main_conv.conv.weight - torch.Size([96, 192, 1, 1]): 
KaimingInit: a=2.23606797749979, mode=fan_in, nonlinearity=leaky_relu, distribution =uniform, bias=0 

neck.ir_fpn.bottom_up_blocks.0.main_conv.bn.weight - torch.Size([96]): 
The value is the same before and after calling `init_weights` of DINO  

neck.ir_fpn.bottom_up_blocks.0.main_conv.bn.bias - torch.Size([96]): 
The value is the same before and after calling `init_weights` of DINO  

neck.ir_fpn.bottom_up_blocks.0.short_conv.conv.weight - torch.Size([96, 192, 1, 1]): 
KaimingInit: a=2.23606797749979, mode=fan_in, nonlinearity=leaky_relu, distribution =uniform, bias=0 

neck.ir_fpn.bottom_up_blocks.0.short_conv.bn.weight - torch.Size([96]): 
The value is the same before and after calling `init_weights` of DINO  

neck.ir_fpn.bottom_up_blocks.0.short_conv.bn.bias - torch.Size([96]): 
The value is the same before and after calling `init_weights` of DINO  

neck.ir_fpn.bottom_up_blocks.0.final_conv.conv.weight - torch.Size([192, 192, 1, 1]): 
KaimingInit: a=2.23606797749979, mode=fan_in, nonlinearity=leaky_relu, distribution =uniform, bias=0 

neck.ir_fpn.bottom_up_blocks.0.final_conv.bn.weight - torch.Size([192]): 
The value is the same before and after calling `init_weights` of DINO  

neck.ir_fpn.bottom_up_blocks.0.final_conv.bn.bias - torch.Size([192]): 
The value is the same before and after calling `init_weights` of DINO  

neck.ir_fpn.bottom_up_blocks.0.blocks.0.conv1.conv.weight - torch.Size([96, 96, 1, 1]): 
KaimingInit: a=2.23606797749979, mode=fan_in, nonlinearity=leaky_relu, distribution =uniform, bias=0 

neck.ir_fpn.bottom_up_blocks.0.blocks.0.conv1.bn.weight - torch.Size([96]): 
The value is the same before and after calling `init_weights` of DINO  

neck.ir_fpn.bottom_up_blocks.0.blocks.0.conv1.bn.bias - torch.Size([96]): 
The value is the same before and after calling `init_weights` of DINO  

neck.ir_fpn.bottom_up_blocks.0.blocks.0.conv2.conv.weight - torch.Size([96, 96, 3, 3]): 
KaimingInit: a=2.23606797749979, mode=fan_in, nonlinearity=leaky_relu, distribution =uniform, bias=0 

neck.ir_fpn.bottom_up_blocks.0.blocks.0.conv2.bn.weight - torch.Size([96]): 
The value is the same before and after calling `init_weights` of DINO  

neck.ir_fpn.bottom_up_blocks.0.blocks.0.conv2.bn.bias - torch.Size([96]): 
The value is the same before and after calling `init_weights` of DINO  

neck.ir_fpn.bottom_up_blocks.0.blocks.1.conv1.conv.weight - torch.Size([96, 96, 1, 1]): 
KaimingInit: a=2.23606797749979, mode=fan_in, nonlinearity=leaky_relu, distribution =uniform, bias=0 

neck.ir_fpn.bottom_up_blocks.0.blocks.1.conv1.bn.weight - torch.Size([96]): 
The value is the same before and after calling `init_weights` of DINO  

neck.ir_fpn.bottom_up_blocks.0.blocks.1.conv1.bn.bias - torch.Size([96]): 
The value is the same before and after calling `init_weights` of DINO  

neck.ir_fpn.bottom_up_blocks.0.blocks.1.conv2.conv.weight - torch.Size([96, 96, 3, 3]): 
KaimingInit: a=2.23606797749979, mode=fan_in, nonlinearity=leaky_relu, distribution =uniform, bias=0 

neck.ir_fpn.bottom_up_blocks.0.blocks.1.conv2.bn.weight - torch.Size([96]): 
The value is the same before and after calling `init_weights` of DINO  

neck.ir_fpn.bottom_up_blocks.0.blocks.1.conv2.bn.bias - torch.Size([96]): 
The value is the same before and after calling `init_weights` of DINO  

neck.ir_fpn.bottom_up_blocks.0.blocks.2.conv1.conv.weight - torch.Size([96, 96, 1, 1]): 
KaimingInit: a=2.23606797749979, mode=fan_in, nonlinearity=leaky_relu, distribution =uniform, bias=0 

neck.ir_fpn.bottom_up_blocks.0.blocks.2.conv1.bn.weight - torch.Size([96]): 
The value is the same before and after calling `init_weights` of DINO  

neck.ir_fpn.bottom_up_blocks.0.blocks.2.conv1.bn.bias - torch.Size([96]): 
The value is the same before and after calling `init_weights` of DINO  

neck.ir_fpn.bottom_up_blocks.0.blocks.2.conv2.conv.weight - torch.Size([96, 96, 3, 3]): 
KaimingInit: a=2.23606797749979, mode=fan_in, nonlinearity=leaky_relu, distribution =uniform, bias=0 

neck.ir_fpn.bottom_up_blocks.0.blocks.2.conv2.bn.weight - torch.Size([96]): 
The value is the same before and after calling `init_weights` of DINO  

neck.ir_fpn.bottom_up_blocks.0.blocks.2.conv2.bn.bias - torch.Size([96]): 
The value is the same before and after calling `init_weights` of DINO  

neck.ir_fpn.bottom_up_blocks.0.blocks.3.conv1.conv.weight - torch.Size([96, 96, 1, 1]): 
KaimingInit: a=2.23606797749979, mode=fan_in, nonlinearity=leaky_relu, distribution =uniform, bias=0 

neck.ir_fpn.bottom_up_blocks.0.blocks.3.conv1.bn.weight - torch.Size([96]): 
The value is the same before and after calling `init_weights` of DINO  

neck.ir_fpn.bottom_up_blocks.0.blocks.3.conv1.bn.bias - torch.Size([96]): 
The value is the same before and after calling `init_weights` of DINO  

neck.ir_fpn.bottom_up_blocks.0.blocks.3.conv2.conv.weight - torch.Size([96, 96, 3, 3]): 
KaimingInit: a=2.23606797749979, mode=fan_in, nonlinearity=leaky_relu, distribution =uniform, bias=0 

neck.ir_fpn.bottom_up_blocks.0.blocks.3.conv2.bn.weight - torch.Size([96]): 
The value is the same before and after calling `init_weights` of DINO  

neck.ir_fpn.bottom_up_blocks.0.blocks.3.conv2.bn.bias - torch.Size([96]): 
The value is the same before and after calling `init_weights` of DINO  

neck.ir_fpn.bottom_up_blocks.1.main_conv.conv.weight - torch.Size([192, 384, 1, 1]): 
KaimingInit: a=2.23606797749979, mode=fan_in, nonlinearity=leaky_relu, distribution =uniform, bias=0 

neck.ir_fpn.bottom_up_blocks.1.main_conv.bn.weight - torch.Size([192]): 
The value is the same before and after calling `init_weights` of DINO  

neck.ir_fpn.bottom_up_blocks.1.main_conv.bn.bias - torch.Size([192]): 
The value is the same before and after calling `init_weights` of DINO  

neck.ir_fpn.bottom_up_blocks.1.short_conv.conv.weight - torch.Size([192, 384, 1, 1]): 
KaimingInit: a=2.23606797749979, mode=fan_in, nonlinearity=leaky_relu, distribution =uniform, bias=0 

neck.ir_fpn.bottom_up_blocks.1.short_conv.bn.weight - torch.Size([192]): 
The value is the same before and after calling `init_weights` of DINO  

neck.ir_fpn.bottom_up_blocks.1.short_conv.bn.bias - torch.Size([192]): 
The value is the same before and after calling `init_weights` of DINO  

neck.ir_fpn.bottom_up_blocks.1.final_conv.conv.weight - torch.Size([384, 384, 1, 1]): 
KaimingInit: a=2.23606797749979, mode=fan_in, nonlinearity=leaky_relu, distribution =uniform, bias=0 

neck.ir_fpn.bottom_up_blocks.1.final_conv.bn.weight - torch.Size([384]): 
The value is the same before and after calling `init_weights` of DINO  

neck.ir_fpn.bottom_up_blocks.1.final_conv.bn.bias - torch.Size([384]): 
The value is the same before and after calling `init_weights` of DINO  

neck.ir_fpn.bottom_up_blocks.1.blocks.0.conv1.conv.weight - torch.Size([192, 192, 1, 1]): 
KaimingInit: a=2.23606797749979, mode=fan_in, nonlinearity=leaky_relu, distribution =uniform, bias=0 

neck.ir_fpn.bottom_up_blocks.1.blocks.0.conv1.bn.weight - torch.Size([192]): 
The value is the same before and after calling `init_weights` of DINO  

neck.ir_fpn.bottom_up_blocks.1.blocks.0.conv1.bn.bias - torch.Size([192]): 
The value is the same before and after calling `init_weights` of DINO  

neck.ir_fpn.bottom_up_blocks.1.blocks.0.conv2.conv.weight - torch.Size([192, 192, 3, 3]): 
KaimingInit: a=2.23606797749979, mode=fan_in, nonlinearity=leaky_relu, distribution =uniform, bias=0 

neck.ir_fpn.bottom_up_blocks.1.blocks.0.conv2.bn.weight - torch.Size([192]): 
The value is the same before and after calling `init_weights` of DINO  

neck.ir_fpn.bottom_up_blocks.1.blocks.0.conv2.bn.bias - torch.Size([192]): 
The value is the same before and after calling `init_weights` of DINO  

neck.ir_fpn.bottom_up_blocks.1.blocks.1.conv1.conv.weight - torch.Size([192, 192, 1, 1]): 
KaimingInit: a=2.23606797749979, mode=fan_in, nonlinearity=leaky_relu, distribution =uniform, bias=0 

neck.ir_fpn.bottom_up_blocks.1.blocks.1.conv1.bn.weight - torch.Size([192]): 
The value is the same before and after calling `init_weights` of DINO  

neck.ir_fpn.bottom_up_blocks.1.blocks.1.conv1.bn.bias - torch.Size([192]): 
The value is the same before and after calling `init_weights` of DINO  

neck.ir_fpn.bottom_up_blocks.1.blocks.1.conv2.conv.weight - torch.Size([192, 192, 3, 3]): 
KaimingInit: a=2.23606797749979, mode=fan_in, nonlinearity=leaky_relu, distribution =uniform, bias=0 

neck.ir_fpn.bottom_up_blocks.1.blocks.1.conv2.bn.weight - torch.Size([192]): 
The value is the same before and after calling `init_weights` of DINO  

neck.ir_fpn.bottom_up_blocks.1.blocks.1.conv2.bn.bias - torch.Size([192]): 
The value is the same before and after calling `init_weights` of DINO  

neck.ir_fpn.bottom_up_blocks.1.blocks.2.conv1.conv.weight - torch.Size([192, 192, 1, 1]): 
KaimingInit: a=2.23606797749979, mode=fan_in, nonlinearity=leaky_relu, distribution =uniform, bias=0 

neck.ir_fpn.bottom_up_blocks.1.blocks.2.conv1.bn.weight - torch.Size([192]): 
The value is the same before and after calling `init_weights` of DINO  

neck.ir_fpn.bottom_up_blocks.1.blocks.2.conv1.bn.bias - torch.Size([192]): 
The value is the same before and after calling `init_weights` of DINO  

neck.ir_fpn.bottom_up_blocks.1.blocks.2.conv2.conv.weight - torch.Size([192, 192, 3, 3]): 
KaimingInit: a=2.23606797749979, mode=fan_in, nonlinearity=leaky_relu, distribution =uniform, bias=0 

neck.ir_fpn.bottom_up_blocks.1.blocks.2.conv2.bn.weight - torch.Size([192]): 
The value is the same before and after calling `init_weights` of DINO  

neck.ir_fpn.bottom_up_blocks.1.blocks.2.conv2.bn.bias - torch.Size([192]): 
The value is the same before and after calling `init_weights` of DINO  

neck.ir_fpn.bottom_up_blocks.1.blocks.3.conv1.conv.weight - torch.Size([192, 192, 1, 1]): 
KaimingInit: a=2.23606797749979, mode=fan_in, nonlinearity=leaky_relu, distribution =uniform, bias=0 

neck.ir_fpn.bottom_up_blocks.1.blocks.3.conv1.bn.weight - torch.Size([192]): 
The value is the same before and after calling `init_weights` of DINO  

neck.ir_fpn.bottom_up_blocks.1.blocks.3.conv1.bn.bias - torch.Size([192]): 
The value is the same before and after calling `init_weights` of DINO  

neck.ir_fpn.bottom_up_blocks.1.blocks.3.conv2.conv.weight - torch.Size([192, 192, 3, 3]): 
KaimingInit: a=2.23606797749979, mode=fan_in, nonlinearity=leaky_relu, distribution =uniform, bias=0 

neck.ir_fpn.bottom_up_blocks.1.blocks.3.conv2.bn.weight - torch.Size([192]): 
The value is the same before and after calling `init_weights` of DINO  

neck.ir_fpn.bottom_up_blocks.1.blocks.3.conv2.bn.bias - torch.Size([192]): 
The value is the same before and after calling `init_weights` of DINO  

neck.ir_fpn.bottom_up_blocks.2.main_conv.conv.weight - torch.Size([384, 768, 1, 1]): 
KaimingInit: a=2.23606797749979, mode=fan_in, nonlinearity=leaky_relu, distribution =uniform, bias=0 

neck.ir_fpn.bottom_up_blocks.2.main_conv.bn.weight - torch.Size([384]): 
The value is the same before and after calling `init_weights` of DINO  

neck.ir_fpn.bottom_up_blocks.2.main_conv.bn.bias - torch.Size([384]): 
The value is the same before and after calling `init_weights` of DINO  

neck.ir_fpn.bottom_up_blocks.2.short_conv.conv.weight - torch.Size([384, 768, 1, 1]): 
KaimingInit: a=2.23606797749979, mode=fan_in, nonlinearity=leaky_relu, distribution =uniform, bias=0 

neck.ir_fpn.bottom_up_blocks.2.short_conv.bn.weight - torch.Size([384]): 
The value is the same before and after calling `init_weights` of DINO  

neck.ir_fpn.bottom_up_blocks.2.short_conv.bn.bias - torch.Size([384]): 
The value is the same before and after calling `init_weights` of DINO  

neck.ir_fpn.bottom_up_blocks.2.final_conv.conv.weight - torch.Size([768, 768, 1, 1]): 
KaimingInit: a=2.23606797749979, mode=fan_in, nonlinearity=leaky_relu, distribution =uniform, bias=0 

neck.ir_fpn.bottom_up_blocks.2.final_conv.bn.weight - torch.Size([768]): 
The value is the same before and after calling `init_weights` of DINO  

neck.ir_fpn.bottom_up_blocks.2.final_conv.bn.bias - torch.Size([768]): 
The value is the same before and after calling `init_weights` of DINO  

neck.ir_fpn.bottom_up_blocks.2.blocks.0.conv1.conv.weight - torch.Size([384, 384, 1, 1]): 
KaimingInit: a=2.23606797749979, mode=fan_in, nonlinearity=leaky_relu, distribution =uniform, bias=0 

neck.ir_fpn.bottom_up_blocks.2.blocks.0.conv1.bn.weight - torch.Size([384]): 
The value is the same before and after calling `init_weights` of DINO  

neck.ir_fpn.bottom_up_blocks.2.blocks.0.conv1.bn.bias - torch.Size([384]): 
The value is the same before and after calling `init_weights` of DINO  

neck.ir_fpn.bottom_up_blocks.2.blocks.0.conv2.conv.weight - torch.Size([384, 384, 3, 3]): 
KaimingInit: a=2.23606797749979, mode=fan_in, nonlinearity=leaky_relu, distribution =uniform, bias=0 

neck.ir_fpn.bottom_up_blocks.2.blocks.0.conv2.bn.weight - torch.Size([384]): 
The value is the same before and after calling `init_weights` of DINO  

neck.ir_fpn.bottom_up_blocks.2.blocks.0.conv2.bn.bias - torch.Size([384]): 
The value is the same before and after calling `init_weights` of DINO  

neck.ir_fpn.bottom_up_blocks.2.blocks.1.conv1.conv.weight - torch.Size([384, 384, 1, 1]): 
KaimingInit: a=2.23606797749979, mode=fan_in, nonlinearity=leaky_relu, distribution =uniform, bias=0 

neck.ir_fpn.bottom_up_blocks.2.blocks.1.conv1.bn.weight - torch.Size([384]): 
The value is the same before and after calling `init_weights` of DINO  

neck.ir_fpn.bottom_up_blocks.2.blocks.1.conv1.bn.bias - torch.Size([384]): 
The value is the same before and after calling `init_weights` of DINO  

neck.ir_fpn.bottom_up_blocks.2.blocks.1.conv2.conv.weight - torch.Size([384, 384, 3, 3]): 
KaimingInit: a=2.23606797749979, mode=fan_in, nonlinearity=leaky_relu, distribution =uniform, bias=0 

neck.ir_fpn.bottom_up_blocks.2.blocks.1.conv2.bn.weight - torch.Size([384]): 
The value is the same before and after calling `init_weights` of DINO  

neck.ir_fpn.bottom_up_blocks.2.blocks.1.conv2.bn.bias - torch.Size([384]): 
The value is the same before and after calling `init_weights` of DINO  

neck.ir_fpn.bottom_up_blocks.2.blocks.2.conv1.conv.weight - torch.Size([384, 384, 1, 1]): 
KaimingInit: a=2.23606797749979, mode=fan_in, nonlinearity=leaky_relu, distribution =uniform, bias=0 

neck.ir_fpn.bottom_up_blocks.2.blocks.2.conv1.bn.weight - torch.Size([384]): 
The value is the same before and after calling `init_weights` of DINO  

neck.ir_fpn.bottom_up_blocks.2.blocks.2.conv1.bn.bias - torch.Size([384]): 
The value is the same before and after calling `init_weights` of DINO  

neck.ir_fpn.bottom_up_blocks.2.blocks.2.conv2.conv.weight - torch.Size([384, 384, 3, 3]): 
KaimingInit: a=2.23606797749979, mode=fan_in, nonlinearity=leaky_relu, distribution =uniform, bias=0 

neck.ir_fpn.bottom_up_blocks.2.blocks.2.conv2.bn.weight - torch.Size([384]): 
The value is the same before and after calling `init_weights` of DINO  

neck.ir_fpn.bottom_up_blocks.2.blocks.2.conv2.bn.bias - torch.Size([384]): 
The value is the same before and after calling `init_weights` of DINO  

neck.ir_fpn.bottom_up_blocks.2.blocks.3.conv1.conv.weight - torch.Size([384, 384, 1, 1]): 
KaimingInit: a=2.23606797749979, mode=fan_in, nonlinearity=leaky_relu, distribution =uniform, bias=0 

neck.ir_fpn.bottom_up_blocks.2.blocks.3.conv1.bn.weight - torch.Size([384]): 
The value is the same before and after calling `init_weights` of DINO  

neck.ir_fpn.bottom_up_blocks.2.blocks.3.conv1.bn.bias - torch.Size([384]): 
The value is the same before and after calling `init_weights` of DINO  

neck.ir_fpn.bottom_up_blocks.2.blocks.3.conv2.conv.weight - torch.Size([384, 384, 3, 3]): 
KaimingInit: a=2.23606797749979, mode=fan_in, nonlinearity=leaky_relu, distribution =uniform, bias=0 

neck.ir_fpn.bottom_up_blocks.2.blocks.3.conv2.bn.weight - torch.Size([384]): 
The value is the same before and after calling `init_weights` of DINO  

neck.ir_fpn.bottom_up_blocks.2.blocks.3.conv2.bn.bias - torch.Size([384]): 
The value is the same before and after calling `init_weights` of DINO  

neck.ir_fpn.out_convs.0.conv.weight - torch.Size([256, 96, 1, 1]): 
KaimingInit: a=2.23606797749979, mode=fan_in, nonlinearity=leaky_relu, distribution =uniform, bias=0 

neck.ir_fpn.out_convs.0.bn.weight - torch.Size([256]): 
The value is the same before and after calling `init_weights` of DINO  

neck.ir_fpn.out_convs.0.bn.bias - torch.Size([256]): 
The value is the same before and after calling `init_weights` of DINO  

neck.ir_fpn.out_convs.1.conv.weight - torch.Size([256, 192, 1, 1]): 
KaimingInit: a=2.23606797749979, mode=fan_in, nonlinearity=leaky_relu, distribution =uniform, bias=0 

neck.ir_fpn.out_convs.1.bn.weight - torch.Size([256]): 
The value is the same before and after calling `init_weights` of DINO  

neck.ir_fpn.out_convs.1.bn.bias - torch.Size([256]): 
The value is the same before and after calling `init_weights` of DINO  

neck.ir_fpn.out_convs.2.conv.weight - torch.Size([256, 384, 1, 1]): 
KaimingInit: a=2.23606797749979, mode=fan_in, nonlinearity=leaky_relu, distribution =uniform, bias=0 

neck.ir_fpn.out_convs.2.bn.weight - torch.Size([256]): 
The value is the same before and after calling `init_weights` of DINO  

neck.ir_fpn.out_convs.2.bn.bias - torch.Size([256]): 
The value is the same before and after calling `init_weights` of DINO  

neck.ir_fpn.out_convs.3.conv.weight - torch.Size([256, 768, 1, 1]): 
KaimingInit: a=2.23606797749979, mode=fan_in, nonlinearity=leaky_relu, distribution =uniform, bias=0 

neck.ir_fpn.out_convs.3.bn.weight - torch.Size([256]): 
The value is the same before and after calling `init_weights` of DINO  

neck.ir_fpn.out_convs.3.bn.bias - torch.Size([256]): 
The value is the same before and after calling `init_weights` of DINO  

neck.align_blocks.0.conv.weight - torch.Size([256, 256, 1, 1]): 
The value is the same before and after calling `init_weights` of DINO  

neck.align_blocks.0.gn.weight - torch.Size([256]): 
The value is the same before and after calling `init_weights` of DINO  

neck.align_blocks.0.gn.bias - torch.Size([256]): 
The value is the same before and after calling `init_weights` of DINO  

neck.align_blocks.1.conv.weight - torch.Size([256, 256, 1, 1]): 
The value is the same before and after calling `init_weights` of DINO  

neck.align_blocks.1.gn.weight - torch.Size([256]): 
The value is the same before and after calling `init_weights` of DINO  

neck.align_blocks.1.gn.bias - torch.Size([256]): 
The value is the same before and after calling `init_weights` of DINO  

neck.align_blocks.2.conv.weight - torch.Size([256, 256, 1, 1]): 
The value is the same before and after calling `init_weights` of DINO  

neck.align_blocks.2.gn.weight - torch.Size([256]): 
The value is the same before and after calling `init_weights` of DINO  

neck.align_blocks.2.gn.bias - torch.Size([256]): 
The value is the same before and after calling `init_weights` of DINO  

neck.align_blocks.3.conv.weight - torch.Size([256, 256, 1, 1]): 
The value is the same before and after calling `init_weights` of DINO  

neck.align_blocks.3.gn.weight - torch.Size([256]): 
The value is the same before and after calling `init_weights` of DINO  

neck.align_blocks.3.gn.bias - torch.Size([256]): 
The value is the same before and after calling `init_weights` of DINO  

bbox_head.cls_branches.0.weight - torch.Size([6, 256]): 
The value is the same before and after calling `init_weights` of DINO  

bbox_head.cls_branches.0.bias - torch.Size([6]): 
Initialized by user-defined `init_weights` in DINOHead  

bbox_head.cls_branches.1.weight - torch.Size([6, 256]): 
The value is the same before and after calling `init_weights` of DINO  

bbox_head.cls_branches.1.bias - torch.Size([6]): 
Initialized by user-defined `init_weights` in DINOHead  

bbox_head.cls_branches.2.weight - torch.Size([6, 256]): 
The value is the same before and after calling `init_weights` of DINO  

bbox_head.cls_branches.2.bias - torch.Size([6]): 
Initialized by user-defined `init_weights` in DINOHead  

bbox_head.cls_branches.3.weight - torch.Size([6, 256]): 
The value is the same before and after calling `init_weights` of DINO  

bbox_head.cls_branches.3.bias - torch.Size([6]): 
Initialized by user-defined `init_weights` in DINOHead  

bbox_head.cls_branches.4.weight - torch.Size([6, 256]): 
The value is the same before and after calling `init_weights` of DINO  

bbox_head.cls_branches.4.bias - torch.Size([6]): 
Initialized by user-defined `init_weights` in DINOHead  

bbox_head.cls_branches.5.weight - torch.Size([6, 256]): 
The value is the same before and after calling `init_weights` of DINO  

bbox_head.cls_branches.5.bias - torch.Size([6]): 
Initialized by user-defined `init_weights` in DINOHead  

bbox_head.cls_branches.6.weight - torch.Size([6, 256]): 
The value is the same before and after calling `init_weights` of DINO  

bbox_head.cls_branches.6.bias - torch.Size([6]): 
Initialized by user-defined `init_weights` in DINOHead  

bbox_head.reg_branches.0.0.weight - torch.Size([256, 256]): 
The value is the same before and after calling `init_weights` of DINO  

bbox_head.reg_branches.0.0.bias - torch.Size([256]): 
The value is the same before and after calling `init_weights` of DINO  

bbox_head.reg_branches.0.2.weight - torch.Size([256, 256]): 
The value is the same before and after calling `init_weights` of DINO  

bbox_head.reg_branches.0.2.bias - torch.Size([256]): 
The value is the same before and after calling `init_weights` of DINO  

bbox_head.reg_branches.0.4.weight - torch.Size([4, 256]): 
Initialized by user-defined `init_weights` in DINOHead  

bbox_head.reg_branches.0.4.bias - torch.Size([4]): 
Initialized by user-defined `init_weights` in DINOHead  

bbox_head.reg_branches.1.0.weight - torch.Size([256, 256]): 
The value is the same before and after calling `init_weights` of DINO  

bbox_head.reg_branches.1.0.bias - torch.Size([256]): 
The value is the same before and after calling `init_weights` of DINO  

bbox_head.reg_branches.1.2.weight - torch.Size([256, 256]): 
The value is the same before and after calling `init_weights` of DINO  

bbox_head.reg_branches.1.2.bias - torch.Size([256]): 
The value is the same before and after calling `init_weights` of DINO  

bbox_head.reg_branches.1.4.weight - torch.Size([4, 256]): 
Initialized by user-defined `init_weights` in DINOHead  

bbox_head.reg_branches.1.4.bias - torch.Size([4]): 
Initialized by user-defined `init_weights` in DINOHead  

bbox_head.reg_branches.2.0.weight - torch.Size([256, 256]): 
The value is the same before and after calling `init_weights` of DINO  

bbox_head.reg_branches.2.0.bias - torch.Size([256]): 
The value is the same before and after calling `init_weights` of DINO  

bbox_head.reg_branches.2.2.weight - torch.Size([256, 256]): 
The value is the same before and after calling `init_weights` of DINO  

bbox_head.reg_branches.2.2.bias - torch.Size([256]): 
The value is the same before and after calling `init_weights` of DINO  

bbox_head.reg_branches.2.4.weight - torch.Size([4, 256]): 
Initialized by user-defined `init_weights` in DINOHead  

bbox_head.reg_branches.2.4.bias - torch.Size([4]): 
Initialized by user-defined `init_weights` in DINOHead  

bbox_head.reg_branches.3.0.weight - torch.Size([256, 256]): 
The value is the same before and after calling `init_weights` of DINO  

bbox_head.reg_branches.3.0.bias - torch.Size([256]): 
The value is the same before and after calling `init_weights` of DINO  

bbox_head.reg_branches.3.2.weight - torch.Size([256, 256]): 
The value is the same before and after calling `init_weights` of DINO  

bbox_head.reg_branches.3.2.bias - torch.Size([256]): 
The value is the same before and after calling `init_weights` of DINO  

bbox_head.reg_branches.3.4.weight - torch.Size([4, 256]): 
Initialized by user-defined `init_weights` in DINOHead  

bbox_head.reg_branches.3.4.bias - torch.Size([4]): 
Initialized by user-defined `init_weights` in DINOHead  

bbox_head.reg_branches.4.0.weight - torch.Size([256, 256]): 
The value is the same before and after calling `init_weights` of DINO  

bbox_head.reg_branches.4.0.bias - torch.Size([256]): 
The value is the same before and after calling `init_weights` of DINO  

bbox_head.reg_branches.4.2.weight - torch.Size([256, 256]): 
The value is the same before and after calling `init_weights` of DINO  

bbox_head.reg_branches.4.2.bias - torch.Size([256]): 
The value is the same before and after calling `init_weights` of DINO  

bbox_head.reg_branches.4.4.weight - torch.Size([4, 256]): 
Initialized by user-defined `init_weights` in DINOHead  

bbox_head.reg_branches.4.4.bias - torch.Size([4]): 
Initialized by user-defined `init_weights` in DINOHead  

bbox_head.reg_branches.5.0.weight - torch.Size([256, 256]): 
The value is the same before and after calling `init_weights` of DINO  

bbox_head.reg_branches.5.0.bias - torch.Size([256]): 
The value is the same before and after calling `init_weights` of DINO  

bbox_head.reg_branches.5.2.weight - torch.Size([256, 256]): 
The value is the same before and after calling `init_weights` of DINO  

bbox_head.reg_branches.5.2.bias - torch.Size([256]): 
The value is the same before and after calling `init_weights` of DINO  

bbox_head.reg_branches.5.4.weight - torch.Size([4, 256]): 
Initialized by user-defined `init_weights` in DINOHead  

bbox_head.reg_branches.5.4.bias - torch.Size([4]): 
Initialized by user-defined `init_weights` in DINOHead  

bbox_head.reg_branches.6.0.weight - torch.Size([256, 256]): 
The value is the same before and after calling `init_weights` of DINO  

bbox_head.reg_branches.6.0.bias - torch.Size([256]): 
The value is the same before and after calling `init_weights` of DINO  

bbox_head.reg_branches.6.2.weight - torch.Size([256, 256]): 
The value is the same before and after calling `init_weights` of DINO  

bbox_head.reg_branches.6.2.bias - torch.Size([256]): 
The value is the same before and after calling `init_weights` of DINO  

bbox_head.reg_branches.6.4.weight - torch.Size([4, 256]): 
Initialized by user-defined `init_weights` in DINOHead  

bbox_head.reg_branches.6.4.bias - torch.Size([4]): 
Initialized by user-defined `init_weights` in DINOHead  

encoder.layers.0.self_attn.sampling_offsets.weight - torch.Size([256, 256]): 
The value is the same before and after calling `init_weights` of DINO  

encoder.layers.0.self_attn.sampling_offsets.bias - torch.Size([256]): 
The value is the same before and after calling `init_weights` of DINO  

encoder.layers.0.self_attn.attention_weights.weight - torch.Size([128, 256]): 
The value is the same before and after calling `init_weights` of DINO  

encoder.layers.0.self_attn.attention_weights.bias - torch.Size([128]): 
The value is the same before and after calling `init_weights` of DINO  

encoder.layers.0.self_attn.value_proj.weight - torch.Size([256, 256]): 
The value is the same before and after calling `init_weights` of DINO  

encoder.layers.0.self_attn.value_proj.bias - torch.Size([256]): 
The value is the same before and after calling `init_weights` of DINO  

encoder.layers.0.self_attn.output_proj.weight - torch.Size([256, 256]): 
The value is the same before and after calling `init_weights` of DINO  

encoder.layers.0.self_attn.output_proj.bias - torch.Size([256]): 
The value is the same before and after calling `init_weights` of DINO  

encoder.layers.0.ffn.layers.0.0.weight - torch.Size([2048, 256]): 
The value is the same before and after calling `init_weights` of DINO  

encoder.layers.0.ffn.layers.0.0.bias - torch.Size([2048]): 
The value is the same before and after calling `init_weights` of DINO  

encoder.layers.0.ffn.layers.1.weight - torch.Size([256, 2048]): 
The value is the same before and after calling `init_weights` of DINO  

encoder.layers.0.ffn.layers.1.bias - torch.Size([256]): 
The value is the same before and after calling `init_weights` of DINO  

encoder.layers.0.norms.0.weight - torch.Size([256]): 
The value is the same before and after calling `init_weights` of DINO  

encoder.layers.0.norms.0.bias - torch.Size([256]): 
The value is the same before and after calling `init_weights` of DINO  

encoder.layers.0.norms.1.weight - torch.Size([256]): 
The value is the same before and after calling `init_weights` of DINO  

encoder.layers.0.norms.1.bias - torch.Size([256]): 
The value is the same before and after calling `init_weights` of DINO  

encoder.layers.1.self_attn.sampling_offsets.weight - torch.Size([256, 256]): 
The value is the same before and after calling `init_weights` of DINO  

encoder.layers.1.self_attn.sampling_offsets.bias - torch.Size([256]): 
The value is the same before and after calling `init_weights` of DINO  

encoder.layers.1.self_attn.attention_weights.weight - torch.Size([128, 256]): 
The value is the same before and after calling `init_weights` of DINO  

encoder.layers.1.self_attn.attention_weights.bias - torch.Size([128]): 
The value is the same before and after calling `init_weights` of DINO  

encoder.layers.1.self_attn.value_proj.weight - torch.Size([256, 256]): 
The value is the same before and after calling `init_weights` of DINO  

encoder.layers.1.self_attn.value_proj.bias - torch.Size([256]): 
The value is the same before and after calling `init_weights` of DINO  

encoder.layers.1.self_attn.output_proj.weight - torch.Size([256, 256]): 
The value is the same before and after calling `init_weights` of DINO  

encoder.layers.1.self_attn.output_proj.bias - torch.Size([256]): 
The value is the same before and after calling `init_weights` of DINO  

encoder.layers.1.ffn.layers.0.0.weight - torch.Size([2048, 256]): 
The value is the same before and after calling `init_weights` of DINO  

encoder.layers.1.ffn.layers.0.0.bias - torch.Size([2048]): 
The value is the same before and after calling `init_weights` of DINO  

encoder.layers.1.ffn.layers.1.weight - torch.Size([256, 2048]): 
The value is the same before and after calling `init_weights` of DINO  

encoder.layers.1.ffn.layers.1.bias - torch.Size([256]): 
The value is the same before and after calling `init_weights` of DINO  

encoder.layers.1.norms.0.weight - torch.Size([256]): 
The value is the same before and after calling `init_weights` of DINO  

encoder.layers.1.norms.0.bias - torch.Size([256]): 
The value is the same before and after calling `init_weights` of DINO  

encoder.layers.1.norms.1.weight - torch.Size([256]): 
The value is the same before and after calling `init_weights` of DINO  

encoder.layers.1.norms.1.bias - torch.Size([256]): 
The value is the same before and after calling `init_weights` of DINO  

encoder.layers.2.self_attn.sampling_offsets.weight - torch.Size([256, 256]): 
The value is the same before and after calling `init_weights` of DINO  

encoder.layers.2.self_attn.sampling_offsets.bias - torch.Size([256]): 
The value is the same before and after calling `init_weights` of DINO  

encoder.layers.2.self_attn.attention_weights.weight - torch.Size([128, 256]): 
The value is the same before and after calling `init_weights` of DINO  

encoder.layers.2.self_attn.attention_weights.bias - torch.Size([128]): 
The value is the same before and after calling `init_weights` of DINO  

encoder.layers.2.self_attn.value_proj.weight - torch.Size([256, 256]): 
The value is the same before and after calling `init_weights` of DINO  

encoder.layers.2.self_attn.value_proj.bias - torch.Size([256]): 
The value is the same before and after calling `init_weights` of DINO  

encoder.layers.2.self_attn.output_proj.weight - torch.Size([256, 256]): 
The value is the same before and after calling `init_weights` of DINO  

encoder.layers.2.self_attn.output_proj.bias - torch.Size([256]): 
The value is the same before and after calling `init_weights` of DINO  

encoder.layers.2.ffn.layers.0.0.weight - torch.Size([2048, 256]): 
The value is the same before and after calling `init_weights` of DINO  

encoder.layers.2.ffn.layers.0.0.bias - torch.Size([2048]): 
The value is the same before and after calling `init_weights` of DINO  

encoder.layers.2.ffn.layers.1.weight - torch.Size([256, 2048]): 
The value is the same before and after calling `init_weights` of DINO  

encoder.layers.2.ffn.layers.1.bias - torch.Size([256]): 
The value is the same before and after calling `init_weights` of DINO  

encoder.layers.2.norms.0.weight - torch.Size([256]): 
The value is the same before and after calling `init_weights` of DINO  

encoder.layers.2.norms.0.bias - torch.Size([256]): 
The value is the same before and after calling `init_weights` of DINO  

encoder.layers.2.norms.1.weight - torch.Size([256]): 
The value is the same before and after calling `init_weights` of DINO  

encoder.layers.2.norms.1.bias - torch.Size([256]): 
The value is the same before and after calling `init_weights` of DINO  

encoder.layers.3.self_attn.sampling_offsets.weight - torch.Size([256, 256]): 
The value is the same before and after calling `init_weights` of DINO  

encoder.layers.3.self_attn.sampling_offsets.bias - torch.Size([256]): 
The value is the same before and after calling `init_weights` of DINO  

encoder.layers.3.self_attn.attention_weights.weight - torch.Size([128, 256]): 
The value is the same before and after calling `init_weights` of DINO  

encoder.layers.3.self_attn.attention_weights.bias - torch.Size([128]): 
The value is the same before and after calling `init_weights` of DINO  

encoder.layers.3.self_attn.value_proj.weight - torch.Size([256, 256]): 
The value is the same before and after calling `init_weights` of DINO  

encoder.layers.3.self_attn.value_proj.bias - torch.Size([256]): 
The value is the same before and after calling `init_weights` of DINO  

encoder.layers.3.self_attn.output_proj.weight - torch.Size([256, 256]): 
The value is the same before and after calling `init_weights` of DINO  

encoder.layers.3.self_attn.output_proj.bias - torch.Size([256]): 
The value is the same before and after calling `init_weights` of DINO  

encoder.layers.3.ffn.layers.0.0.weight - torch.Size([2048, 256]): 
The value is the same before and after calling `init_weights` of DINO  

encoder.layers.3.ffn.layers.0.0.bias - torch.Size([2048]): 
The value is the same before and after calling `init_weights` of DINO  

encoder.layers.3.ffn.layers.1.weight - torch.Size([256, 2048]): 
The value is the same before and after calling `init_weights` of DINO  

encoder.layers.3.ffn.layers.1.bias - torch.Size([256]): 
The value is the same before and after calling `init_weights` of DINO  

encoder.layers.3.norms.0.weight - torch.Size([256]): 
The value is the same before and after calling `init_weights` of DINO  

encoder.layers.3.norms.0.bias - torch.Size([256]): 
The value is the same before and after calling `init_weights` of DINO  

encoder.layers.3.norms.1.weight - torch.Size([256]): 
The value is the same before and after calling `init_weights` of DINO  

encoder.layers.3.norms.1.bias - torch.Size([256]): 
The value is the same before and after calling `init_weights` of DINO  

encoder.layers.4.self_attn.sampling_offsets.weight - torch.Size([256, 256]): 
The value is the same before and after calling `init_weights` of DINO  

encoder.layers.4.self_attn.sampling_offsets.bias - torch.Size([256]): 
The value is the same before and after calling `init_weights` of DINO  

encoder.layers.4.self_attn.attention_weights.weight - torch.Size([128, 256]): 
The value is the same before and after calling `init_weights` of DINO  

encoder.layers.4.self_attn.attention_weights.bias - torch.Size([128]): 
The value is the same before and after calling `init_weights` of DINO  

encoder.layers.4.self_attn.value_proj.weight - torch.Size([256, 256]): 
The value is the same before and after calling `init_weights` of DINO  

encoder.layers.4.self_attn.value_proj.bias - torch.Size([256]): 
The value is the same before and after calling `init_weights` of DINO  

encoder.layers.4.self_attn.output_proj.weight - torch.Size([256, 256]): 
The value is the same before and after calling `init_weights` of DINO  

encoder.layers.4.self_attn.output_proj.bias - torch.Size([256]): 
The value is the same before and after calling `init_weights` of DINO  

encoder.layers.4.ffn.layers.0.0.weight - torch.Size([2048, 256]): 
The value is the same before and after calling `init_weights` of DINO  

encoder.layers.4.ffn.layers.0.0.bias - torch.Size([2048]): 
The value is the same before and after calling `init_weights` of DINO  

encoder.layers.4.ffn.layers.1.weight - torch.Size([256, 2048]): 
The value is the same before and after calling `init_weights` of DINO  

encoder.layers.4.ffn.layers.1.bias - torch.Size([256]): 
The value is the same before and after calling `init_weights` of DINO  

encoder.layers.4.norms.0.weight - torch.Size([256]): 
The value is the same before and after calling `init_weights` of DINO  

encoder.layers.4.norms.0.bias - torch.Size([256]): 
The value is the same before and after calling `init_weights` of DINO  

encoder.layers.4.norms.1.weight - torch.Size([256]): 
The value is the same before and after calling `init_weights` of DINO  

encoder.layers.4.norms.1.bias - torch.Size([256]): 
The value is the same before and after calling `init_weights` of DINO  

encoder.layers.5.self_attn.sampling_offsets.weight - torch.Size([256, 256]): 
The value is the same before and after calling `init_weights` of DINO  

encoder.layers.5.self_attn.sampling_offsets.bias - torch.Size([256]): 
The value is the same before and after calling `init_weights` of DINO  

encoder.layers.5.self_attn.attention_weights.weight - torch.Size([128, 256]): 
The value is the same before and after calling `init_weights` of DINO  

encoder.layers.5.self_attn.attention_weights.bias - torch.Size([128]): 
The value is the same before and after calling `init_weights` of DINO  

encoder.layers.5.self_attn.value_proj.weight - torch.Size([256, 256]): 
The value is the same before and after calling `init_weights` of DINO  

encoder.layers.5.self_attn.value_proj.bias - torch.Size([256]): 
The value is the same before and after calling `init_weights` of DINO  

encoder.layers.5.self_attn.output_proj.weight - torch.Size([256, 256]): 
The value is the same before and after calling `init_weights` of DINO  

encoder.layers.5.self_attn.output_proj.bias - torch.Size([256]): 
The value is the same before and after calling `init_weights` of DINO  

encoder.layers.5.ffn.layers.0.0.weight - torch.Size([2048, 256]): 
The value is the same before and after calling `init_weights` of DINO  

encoder.layers.5.ffn.layers.0.0.bias - torch.Size([2048]): 
The value is the same before and after calling `init_weights` of DINO  

encoder.layers.5.ffn.layers.1.weight - torch.Size([256, 2048]): 
The value is the same before and after calling `init_weights` of DINO  

encoder.layers.5.ffn.layers.1.bias - torch.Size([256]): 
The value is the same before and after calling `init_weights` of DINO  

encoder.layers.5.norms.0.weight - torch.Size([256]): 
The value is the same before and after calling `init_weights` of DINO  

encoder.layers.5.norms.0.bias - torch.Size([256]): 
The value is the same before and after calling `init_weights` of DINO  

encoder.layers.5.norms.1.weight - torch.Size([256]): 
The value is the same before and after calling `init_weights` of DINO  

encoder.layers.5.norms.1.bias - torch.Size([256]): 
The value is the same before and after calling `init_weights` of DINO  

decoder.layers.0.self_attn.attn.in_proj_weight - torch.Size([768, 256]): 
The value is the same before and after calling `init_weights` of DINO  

decoder.layers.0.self_attn.attn.in_proj_bias - torch.Size([768]): 
The value is the same before and after calling `init_weights` of DINO  

decoder.layers.0.self_attn.attn.out_proj.weight - torch.Size([256, 256]): 
The value is the same before and after calling `init_weights` of DINO  

decoder.layers.0.self_attn.attn.out_proj.bias - torch.Size([256]): 
The value is the same before and after calling `init_weights` of DINO  

decoder.layers.0.cross_attn.sampling_offsets.weight - torch.Size([256, 256]): 
The value is the same before and after calling `init_weights` of DINO  

decoder.layers.0.cross_attn.sampling_offsets.bias - torch.Size([256]): 
The value is the same before and after calling `init_weights` of DINO  

decoder.layers.0.cross_attn.attention_weights.weight - torch.Size([128, 256]): 
The value is the same before and after calling `init_weights` of DINO  

decoder.layers.0.cross_attn.attention_weights.bias - torch.Size([128]): 
The value is the same before and after calling `init_weights` of DINO  

decoder.layers.0.cross_attn.value_proj.weight - torch.Size([256, 256]): 
The value is the same before and after calling `init_weights` of DINO  

decoder.layers.0.cross_attn.value_proj.bias - torch.Size([256]): 
The value is the same before and after calling `init_weights` of DINO  

decoder.layers.0.cross_attn.output_proj.weight - torch.Size([256, 256]): 
The value is the same before and after calling `init_weights` of DINO  

decoder.layers.0.cross_attn.output_proj.bias - torch.Size([256]): 
The value is the same before and after calling `init_weights` of DINO  

decoder.layers.0.ffn.layers.0.0.weight - torch.Size([2048, 256]): 
The value is the same before and after calling `init_weights` of DINO  

decoder.layers.0.ffn.layers.0.0.bias - torch.Size([2048]): 
The value is the same before and after calling `init_weights` of DINO  

decoder.layers.0.ffn.layers.1.weight - torch.Size([256, 2048]): 
The value is the same before and after calling `init_weights` of DINO  

decoder.layers.0.ffn.layers.1.bias - torch.Size([256]): 
The value is the same before and after calling `init_weights` of DINO  

decoder.layers.0.norms.0.weight - torch.Size([256]): 
The value is the same before and after calling `init_weights` of DINO  

decoder.layers.0.norms.0.bias - torch.Size([256]): 
The value is the same before and after calling `init_weights` of DINO  

decoder.layers.0.norms.1.weight - torch.Size([256]): 
The value is the same before and after calling `init_weights` of DINO  

decoder.layers.0.norms.1.bias - torch.Size([256]): 
The value is the same before and after calling `init_weights` of DINO  

decoder.layers.0.norms.2.weight - torch.Size([256]): 
The value is the same before and after calling `init_weights` of DINO  

decoder.layers.0.norms.2.bias - torch.Size([256]): 
The value is the same before and after calling `init_weights` of DINO  

decoder.layers.1.self_attn.attn.in_proj_weight - torch.Size([768, 256]): 
The value is the same before and after calling `init_weights` of DINO  

decoder.layers.1.self_attn.attn.in_proj_bias - torch.Size([768]): 
The value is the same before and after calling `init_weights` of DINO  

decoder.layers.1.self_attn.attn.out_proj.weight - torch.Size([256, 256]): 
The value is the same before and after calling `init_weights` of DINO  

decoder.layers.1.self_attn.attn.out_proj.bias - torch.Size([256]): 
The value is the same before and after calling `init_weights` of DINO  

decoder.layers.1.cross_attn.sampling_offsets.weight - torch.Size([256, 256]): 
The value is the same before and after calling `init_weights` of DINO  

decoder.layers.1.cross_attn.sampling_offsets.bias - torch.Size([256]): 
The value is the same before and after calling `init_weights` of DINO  

decoder.layers.1.cross_attn.attention_weights.weight - torch.Size([128, 256]): 
The value is the same before and after calling `init_weights` of DINO  

decoder.layers.1.cross_attn.attention_weights.bias - torch.Size([128]): 
The value is the same before and after calling `init_weights` of DINO  

decoder.layers.1.cross_attn.value_proj.weight - torch.Size([256, 256]): 
The value is the same before and after calling `init_weights` of DINO  

decoder.layers.1.cross_attn.value_proj.bias - torch.Size([256]): 
The value is the same before and after calling `init_weights` of DINO  

decoder.layers.1.cross_attn.output_proj.weight - torch.Size([256, 256]): 
The value is the same before and after calling `init_weights` of DINO  

decoder.layers.1.cross_attn.output_proj.bias - torch.Size([256]): 
The value is the same before and after calling `init_weights` of DINO  

decoder.layers.1.ffn.layers.0.0.weight - torch.Size([2048, 256]): 
The value is the same before and after calling `init_weights` of DINO  

decoder.layers.1.ffn.layers.0.0.bias - torch.Size([2048]): 
The value is the same before and after calling `init_weights` of DINO  

decoder.layers.1.ffn.layers.1.weight - torch.Size([256, 2048]): 
The value is the same before and after calling `init_weights` of DINO  

decoder.layers.1.ffn.layers.1.bias - torch.Size([256]): 
The value is the same before and after calling `init_weights` of DINO  

decoder.layers.1.norms.0.weight - torch.Size([256]): 
The value is the same before and after calling `init_weights` of DINO  

decoder.layers.1.norms.0.bias - torch.Size([256]): 
The value is the same before and after calling `init_weights` of DINO  

decoder.layers.1.norms.1.weight - torch.Size([256]): 
The value is the same before and after calling `init_weights` of DINO  

decoder.layers.1.norms.1.bias - torch.Size([256]): 
The value is the same before and after calling `init_weights` of DINO  

decoder.layers.1.norms.2.weight - torch.Size([256]): 
The value is the same before and after calling `init_weights` of DINO  

decoder.layers.1.norms.2.bias - torch.Size([256]): 
The value is the same before and after calling `init_weights` of DINO  

decoder.layers.2.self_attn.attn.in_proj_weight - torch.Size([768, 256]): 
The value is the same before and after calling `init_weights` of DINO  

decoder.layers.2.self_attn.attn.in_proj_bias - torch.Size([768]): 
The value is the same before and after calling `init_weights` of DINO  

decoder.layers.2.self_attn.attn.out_proj.weight - torch.Size([256, 256]): 
The value is the same before and after calling `init_weights` of DINO  

decoder.layers.2.self_attn.attn.out_proj.bias - torch.Size([256]): 
The value is the same before and after calling `init_weights` of DINO  

decoder.layers.2.cross_attn.sampling_offsets.weight - torch.Size([256, 256]): 
The value is the same before and after calling `init_weights` of DINO  

decoder.layers.2.cross_attn.sampling_offsets.bias - torch.Size([256]): 
The value is the same before and after calling `init_weights` of DINO  

decoder.layers.2.cross_attn.attention_weights.weight - torch.Size([128, 256]): 
The value is the same before and after calling `init_weights` of DINO  

decoder.layers.2.cross_attn.attention_weights.bias - torch.Size([128]): 
The value is the same before and after calling `init_weights` of DINO  

decoder.layers.2.cross_attn.value_proj.weight - torch.Size([256, 256]): 
The value is the same before and after calling `init_weights` of DINO  

decoder.layers.2.cross_attn.value_proj.bias - torch.Size([256]): 
The value is the same before and after calling `init_weights` of DINO  

decoder.layers.2.cross_attn.output_proj.weight - torch.Size([256, 256]): 
The value is the same before and after calling `init_weights` of DINO  

decoder.layers.2.cross_attn.output_proj.bias - torch.Size([256]): 
The value is the same before and after calling `init_weights` of DINO  

decoder.layers.2.ffn.layers.0.0.weight - torch.Size([2048, 256]): 
The value is the same before and after calling `init_weights` of DINO  

decoder.layers.2.ffn.layers.0.0.bias - torch.Size([2048]): 
The value is the same before and after calling `init_weights` of DINO  

decoder.layers.2.ffn.layers.1.weight - torch.Size([256, 2048]): 
The value is the same before and after calling `init_weights` of DINO  

decoder.layers.2.ffn.layers.1.bias - torch.Size([256]): 
The value is the same before and after calling `init_weights` of DINO  

decoder.layers.2.norms.0.weight - torch.Size([256]): 
The value is the same before and after calling `init_weights` of DINO  

decoder.layers.2.norms.0.bias - torch.Size([256]): 
The value is the same before and after calling `init_weights` of DINO  

decoder.layers.2.norms.1.weight - torch.Size([256]): 
The value is the same before and after calling `init_weights` of DINO  

decoder.layers.2.norms.1.bias - torch.Size([256]): 
The value is the same before and after calling `init_weights` of DINO  

decoder.layers.2.norms.2.weight - torch.Size([256]): 
The value is the same before and after calling `init_weights` of DINO  

decoder.layers.2.norms.2.bias - torch.Size([256]): 
The value is the same before and after calling `init_weights` of DINO  

decoder.layers.3.self_attn.attn.in_proj_weight - torch.Size([768, 256]): 
The value is the same before and after calling `init_weights` of DINO  

decoder.layers.3.self_attn.attn.in_proj_bias - torch.Size([768]): 
The value is the same before and after calling `init_weights` of DINO  

decoder.layers.3.self_attn.attn.out_proj.weight - torch.Size([256, 256]): 
The value is the same before and after calling `init_weights` of DINO  

decoder.layers.3.self_attn.attn.out_proj.bias - torch.Size([256]): 
The value is the same before and after calling `init_weights` of DINO  

decoder.layers.3.cross_attn.sampling_offsets.weight - torch.Size([256, 256]): 
The value is the same before and after calling `init_weights` of DINO  

decoder.layers.3.cross_attn.sampling_offsets.bias - torch.Size([256]): 
The value is the same before and after calling `init_weights` of DINO  

decoder.layers.3.cross_attn.attention_weights.weight - torch.Size([128, 256]): 
The value is the same before and after calling `init_weights` of DINO  

decoder.layers.3.cross_attn.attention_weights.bias - torch.Size([128]): 
The value is the same before and after calling `init_weights` of DINO  

decoder.layers.3.cross_attn.value_proj.weight - torch.Size([256, 256]): 
The value is the same before and after calling `init_weights` of DINO  

decoder.layers.3.cross_attn.value_proj.bias - torch.Size([256]): 
The value is the same before and after calling `init_weights` of DINO  

decoder.layers.3.cross_attn.output_proj.weight - torch.Size([256, 256]): 
The value is the same before and after calling `init_weights` of DINO  

decoder.layers.3.cross_attn.output_proj.bias - torch.Size([256]): 
The value is the same before and after calling `init_weights` of DINO  

decoder.layers.3.ffn.layers.0.0.weight - torch.Size([2048, 256]): 
The value is the same before and after calling `init_weights` of DINO  

decoder.layers.3.ffn.layers.0.0.bias - torch.Size([2048]): 
The value is the same before and after calling `init_weights` of DINO  

decoder.layers.3.ffn.layers.1.weight - torch.Size([256, 2048]): 
The value is the same before and after calling `init_weights` of DINO  

decoder.layers.3.ffn.layers.1.bias - torch.Size([256]): 
The value is the same before and after calling `init_weights` of DINO  

decoder.layers.3.norms.0.weight - torch.Size([256]): 
The value is the same before and after calling `init_weights` of DINO  

decoder.layers.3.norms.0.bias - torch.Size([256]): 
The value is the same before and after calling `init_weights` of DINO  

decoder.layers.3.norms.1.weight - torch.Size([256]): 
The value is the same before and after calling `init_weights` of DINO  

decoder.layers.3.norms.1.bias - torch.Size([256]): 
The value is the same before and after calling `init_weights` of DINO  

decoder.layers.3.norms.2.weight - torch.Size([256]): 
The value is the same before and after calling `init_weights` of DINO  

decoder.layers.3.norms.2.bias - torch.Size([256]): 
The value is the same before and after calling `init_weights` of DINO  

decoder.layers.4.self_attn.attn.in_proj_weight - torch.Size([768, 256]): 
The value is the same before and after calling `init_weights` of DINO  

decoder.layers.4.self_attn.attn.in_proj_bias - torch.Size([768]): 
The value is the same before and after calling `init_weights` of DINO  

decoder.layers.4.self_attn.attn.out_proj.weight - torch.Size([256, 256]): 
The value is the same before and after calling `init_weights` of DINO  

decoder.layers.4.self_attn.attn.out_proj.bias - torch.Size([256]): 
The value is the same before and after calling `init_weights` of DINO  

decoder.layers.4.cross_attn.sampling_offsets.weight - torch.Size([256, 256]): 
The value is the same before and after calling `init_weights` of DINO  

decoder.layers.4.cross_attn.sampling_offsets.bias - torch.Size([256]): 
The value is the same before and after calling `init_weights` of DINO  

decoder.layers.4.cross_attn.attention_weights.weight - torch.Size([128, 256]): 
The value is the same before and after calling `init_weights` of DINO  

decoder.layers.4.cross_attn.attention_weights.bias - torch.Size([128]): 
The value is the same before and after calling `init_weights` of DINO  

decoder.layers.4.cross_attn.value_proj.weight - torch.Size([256, 256]): 
The value is the same before and after calling `init_weights` of DINO  

decoder.layers.4.cross_attn.value_proj.bias - torch.Size([256]): 
The value is the same before and after calling `init_weights` of DINO  

decoder.layers.4.cross_attn.output_proj.weight - torch.Size([256, 256]): 
The value is the same before and after calling `init_weights` of DINO  

decoder.layers.4.cross_attn.output_proj.bias - torch.Size([256]): 
The value is the same before and after calling `init_weights` of DINO  

decoder.layers.4.ffn.layers.0.0.weight - torch.Size([2048, 256]): 
The value is the same before and after calling `init_weights` of DINO  

decoder.layers.4.ffn.layers.0.0.bias - torch.Size([2048]): 
The value is the same before and after calling `init_weights` of DINO  

decoder.layers.4.ffn.layers.1.weight - torch.Size([256, 2048]): 
The value is the same before and after calling `init_weights` of DINO  

decoder.layers.4.ffn.layers.1.bias - torch.Size([256]): 
The value is the same before and after calling `init_weights` of DINO  

decoder.layers.4.norms.0.weight - torch.Size([256]): 
The value is the same before and after calling `init_weights` of DINO  

decoder.layers.4.norms.0.bias - torch.Size([256]): 
The value is the same before and after calling `init_weights` of DINO  

decoder.layers.4.norms.1.weight - torch.Size([256]): 
The value is the same before and after calling `init_weights` of DINO  

decoder.layers.4.norms.1.bias - torch.Size([256]): 
The value is the same before and after calling `init_weights` of DINO  

decoder.layers.4.norms.2.weight - torch.Size([256]): 
The value is the same before and after calling `init_weights` of DINO  

decoder.layers.4.norms.2.bias - torch.Size([256]): 
The value is the same before and after calling `init_weights` of DINO  

decoder.layers.5.self_attn.attn.in_proj_weight - torch.Size([768, 256]): 
The value is the same before and after calling `init_weights` of DINO  

decoder.layers.5.self_attn.attn.in_proj_bias - torch.Size([768]): 
The value is the same before and after calling `init_weights` of DINO  

decoder.layers.5.self_attn.attn.out_proj.weight - torch.Size([256, 256]): 
The value is the same before and after calling `init_weights` of DINO  

decoder.layers.5.self_attn.attn.out_proj.bias - torch.Size([256]): 
The value is the same before and after calling `init_weights` of DINO  

decoder.layers.5.cross_attn.sampling_offsets.weight - torch.Size([256, 256]): 
The value is the same before and after calling `init_weights` of DINO  

decoder.layers.5.cross_attn.sampling_offsets.bias - torch.Size([256]): 
The value is the same before and after calling `init_weights` of DINO  

decoder.layers.5.cross_attn.attention_weights.weight - torch.Size([128, 256]): 
The value is the same before and after calling `init_weights` of DINO  

decoder.layers.5.cross_attn.attention_weights.bias - torch.Size([128]): 
The value is the same before and after calling `init_weights` of DINO  

decoder.layers.5.cross_attn.value_proj.weight - torch.Size([256, 256]): 
The value is the same before and after calling `init_weights` of DINO  

decoder.layers.5.cross_attn.value_proj.bias - torch.Size([256]): 
The value is the same before and after calling `init_weights` of DINO  

decoder.layers.5.cross_attn.output_proj.weight - torch.Size([256, 256]): 
The value is the same before and after calling `init_weights` of DINO  

decoder.layers.5.cross_attn.output_proj.bias - torch.Size([256]): 
The value is the same before and after calling `init_weights` of DINO  

decoder.layers.5.ffn.layers.0.0.weight - torch.Size([2048, 256]): 
The value is the same before and after calling `init_weights` of DINO  

decoder.layers.5.ffn.layers.0.0.bias - torch.Size([2048]): 
The value is the same before and after calling `init_weights` of DINO  

decoder.layers.5.ffn.layers.1.weight - torch.Size([256, 2048]): 
The value is the same before and after calling `init_weights` of DINO  

decoder.layers.5.ffn.layers.1.bias - torch.Size([256]): 
The value is the same before and after calling `init_weights` of DINO  

decoder.layers.5.norms.0.weight - torch.Size([256]): 
The value is the same before and after calling `init_weights` of DINO  

decoder.layers.5.norms.0.bias - torch.Size([256]): 
The value is the same before and after calling `init_weights` of DINO  

decoder.layers.5.norms.1.weight - torch.Size([256]): 
The value is the same before and after calling `init_weights` of DINO  

decoder.layers.5.norms.1.bias - torch.Size([256]): 
The value is the same before and after calling `init_weights` of DINO  

decoder.layers.5.norms.2.weight - torch.Size([256]): 
The value is the same before and after calling `init_weights` of DINO  

decoder.layers.5.norms.2.bias - torch.Size([256]): 
The value is the same before and after calling `init_weights` of DINO  

decoder.ref_point_head.layers.0.weight - torch.Size([256, 512]): 
The value is the same before and after calling `init_weights` of DINO  

decoder.ref_point_head.layers.0.bias - torch.Size([256]): 
The value is the same before and after calling `init_weights` of DINO  

decoder.ref_point_head.layers.1.weight - torch.Size([256, 256]): 
The value is the same before and after calling `init_weights` of DINO  

decoder.ref_point_head.layers.1.bias - torch.Size([256]): 
The value is the same before and after calling `init_weights` of DINO  

decoder.norm.weight - torch.Size([256]): 
The value is the same before and after calling `init_weights` of DINO  

decoder.norm.bias - torch.Size([256]): 
The value is the same before and after calling `init_weights` of DINO  

query_embedding.weight - torch.Size([900, 256]): 
The value is the same before and after calling `init_weights` of DINO  

memory_trans_fc.weight - torch.Size([256, 256]): 
The value is the same before and after calling `init_weights` of DINO  

memory_trans_fc.bias - torch.Size([256]): 
The value is the same before and after calling `init_weights` of DINO  

memory_trans_norm.weight - torch.Size([256]): 
The value is the same before and after calling `init_weights` of DINO  

memory_trans_norm.bias - torch.Size([256]): 
The value is the same before and after calling `init_weights` of DINO  

dn_query_generator.label_embedding.weight - torch.Size([6, 256]): 
The value is the same before and after calling `init_weights` of DINO  
2026/03/24 09:36:43 - mmengine - INFO - Load checkpoint from E:\reproduce\weights\DINO\dino.pth
2026/03/24 09:36:43 - mmengine - WARNING - "FileClient" will be deprecated in future. Please use io functions in https://mmengine.readthedocs.io/en/latest/api/fileio.html#file-io
2026/03/24 09:36:43 - mmengine - WARNING - "HardDiskBackend" is the alias of "LocalBackend" and the former will be deprecated in future.
2026/03/24 09:36:43 - mmengine - INFO - Checkpoints will be saved to E:\pycharm\project\Swin-Deformable\mmdetection\work_dirs\Swin-DINO.
2026/03/24 09:38:22 - mmengine - INFO - Epoch(train)   [1][ 50/840]  base_lr: 1.0000e-04 lr: 1.0000e-04  eta: 2 days, 20:36:40  time: 1.9611  data_time: 0.1138  memory: 15895  grad_norm: 4159.1144  loss: 43.7051  loss_cls: 0.7262  loss_bbox: 1.0826  loss_iou: 2.2933  d0.loss_cls: 0.7949  d0.loss_bbox: 1.3362  d0.loss_iou: 2.4803  d1.loss_cls: 0.7631  d1.loss_bbox: 1.2608  d1.loss_iou: 2.3866  d2.loss_cls: 0.7340  d2.loss_bbox: 1.1611  d2.loss_iou: 2.3600  d3.loss_cls: 0.7461  d3.loss_bbox: 1.0915  d3.loss_iou: 2.2647  d4.loss_cls: 0.7395  d4.loss_bbox: 1.0885  d4.loss_iou: 2.2861  enc_loss_cls: 0.9602  enc_loss_bbox: 1.4022  enc_loss_iou: 2.5202  dn_loss_cls: 0.4385  dn_loss_bbox: 0.3672  dn_loss_iou: 1.3460  d0.dn_loss_cls: 0.5993  d0.dn_loss_bbox: 0.3917  d0.dn_loss_iou: 1.4376  d1.dn_loss_cls: 0.4754  d1.dn_loss_bbox: 0.3626  d1.dn_loss_iou: 1.3345  d2.dn_loss_cls: 0.4522  d2.dn_loss_bbox: 0.3629  d2.dn_loss_iou: 1.3335  d3.dn_loss_cls: 0.4650  d3.dn_loss_bbox: 0.3641  d3.dn_loss_iou: 1.3366  d4.dn_loss_cls: 0.4506  d4.dn_loss_bbox: 0.3667  d4.dn_loss_iou: 1.3424
